Start script generated by ServerPackCreator 8.1.2.
To change the launch settings of this server, such as JVM args / flags, Minecraft version, modloader version etc., edit the variables.txt-file.
Skipping Java version checks.

Running Fabric checks and setup...
Improved Fabric Server Launcher available...
The improved launcher will be used to run this Fabric server.
fabric-server-launcher.jar could not be found.
Downloading fabric-server-launcher.jar
from https://meta.fabricmc.net/v2/versions/loader/1.20.1/0.19.3/1.1.2/server/jar

Download complete.


Starting server...
Minecraft version:              1.20.1
Modloader:                      Fabric
Modloader version:              0.19.3
LegacyFabric Installer Version: 1.1.1
Fabric Installer Version:       1.1.2
Quilt Installer Version:        0.15.1
Java Args:                      -Xmx8G -Xms2G
Additional Args:                -Dlog4j2.formatMsgNoLookups=true
SSJ Forge Args:                 -Djava.security.manager=allow
Java Path:                      /usr/lib/jvm/java-17-openjdk-amd64/bin/java
Wait For User Input:            false
Launcher JAR:                   fabric-server-launcher.jar
Run Command:       /usr/lib/jvm/java-17-openjdk-amd64/bin/java -Dlog4j2.formatMsgNoLookups=true -Xmx8G -Xms2G -jar fabric-server-launcher.jar nogui
Java version:
openjdk version "17.0.20.1" 2026-08-18
OpenJDK Runtime Environment (build 17.0.20.1+1-1-24.04-Ubuntu)
OpenJDK 64-Bit Server VM (build 17.0.20.1+1-1-24.04-Ubuntu, mixed mode, sharing)

Downloading Minecraft server
Installing Fabric Loader 0.19.3(1.20.1) on the server
Downloading required files
Downloading library org.ow2.asm:asm:9.10.1
Downloading library org.ow2.asm:asm-analysis:9.10.1
Downloading library org.ow2.asm:asm-commons:9.10.1
Downloading library org.ow2.asm:asm-tree:9.10.1
Downloading library org.ow2.asm:asm-util:9.10.1
Downloading library net.fabricmc:sponge-mixin:0.17.3+mixin.0.8.7
Downloading library net.fabricmc:intermediary:1.20.1
Downloading library net.fabricmc:fabric-loader:0.19.3
Generating server launch JAR
Unpacking 1.20.1/server-1.20.1.jar (versions:1.20.1) to versions/1.20.1/server-1.20.1.jar
Unpacking com/github/oshi/oshi-core/6.2.2/oshi-core-6.2.2.jar (libraries:com.github.oshi:oshi-core:6.2.2) to libraries/com/github/oshi/oshi-core/6.2.2/oshi-core-6.2.2.jar
Unpacking com/google/code/gson/gson/2.10/gson-2.10.jar (libraries:com.google.code.gson:gson:2.10) to libraries/com/google/code/gson/gson/2.10/gson-2.10.jar
Unpacking com/google/guava/failureaccess/1.0.1/failureaccess-1.0.1.jar (libraries:com.google.guava:failureaccess:1.0.1) to libraries/com/google/guava/failureaccess/1.0.1/failureaccess-1.0.1.jar
Unpacking com/google/guava/guava/31.1-jre/guava-31.1-jre.jar (libraries:com.google.guava:guava:31.1-jre) to libraries/com/google/guava/guava/31.1-jre/guava-31.1-jre.jar
Unpacking com/mojang/authlib/4.0.43/authlib-4.0.43.jar (libraries:com.mojang:authlib:4.0.43) to libraries/com/mojang/authlib/4.0.43/authlib-4.0.43.jar
Unpacking com/mojang/brigadier/1.1.8/brigadier-1.1.8.jar (libraries:com.mojang:brigadier:1.1.8) to libraries/com/mojang/brigadier/1.1.8/brigadier-1.1.8.jar
Unpacking com/mojang/datafixerupper/6.0.8/datafixerupper-6.0.8.jar (libraries:com.mojang:datafixerupper:6.0.8) to libraries/com/mojang/datafixerupper/6.0.8/datafixerupper-6.0.8.jar
Unpacking com/mojang/logging/1.1.1/logging-1.1.1.jar (libraries:com.mojang:logging:1.1.1) to libraries/com/mojang/logging/1.1.1/logging-1.1.1.jar
Unpacking commons-io/commons-io/2.11.0/commons-io-2.11.0.jar (libraries:commons-io:commons-io:2.11.0) to libraries/commons-io/commons-io/2.11.0/commons-io-2.11.0.jar
Unpacking io/netty/netty-buffer/4.1.82.Final/netty-buffer-4.1.82.Final.jar (libraries:io.netty:netty-buffer:4.1.82.Final) to libraries/io/netty/netty-buffer/4.1.82.Final/netty-buffer-4.1.82.Final.jar
Unpacking io/netty/netty-codec/4.1.82.Final/netty-codec-4.1.82.Final.jar (libraries:io.netty:netty-codec:4.1.82.Final) to libraries/io/netty/netty-codec/4.1.82.Final/netty-codec-4.1.82.Final.jar
Unpacking io/netty/netty-common/4.1.82.Final/netty-common-4.1.82.Final.jar (libraries:io.netty:netty-common:4.1.82.Final) to libraries/io/netty/netty-common/4.1.82.Final/netty-common-4.1.82.Final.jar
Unpacking io/netty/netty-handler/4.1.82.Final/netty-handler-4.1.82.Final.jar (libraries:io.netty:netty-handler:4.1.82.Final) to libraries/io/netty/netty-handler/4.1.82.Final/netty-handler-4.1.82.Final.jar
Unpacking io/netty/netty-resolver/4.1.82.Final/netty-resolver-4.1.82.Final.jar (libraries:io.netty:netty-resolver:4.1.82.Final) to libraries/io/netty/netty-resolver/4.1.82.Final/netty-resolver-4.1.82.Final.jar
Unpacking io/netty/netty-transport/4.1.82.Final/netty-transport-4.1.82.Final.jar (libraries:io.netty:netty-transport:4.1.82.Final) to libraries/io/netty/netty-transport/4.1.82.Final/netty-transport-4.1.82.Final.jar
Unpacking io/netty/netty-transport-classes-epoll/4.1.82.Final/netty-transport-classes-epoll-4.1.82.Final.jar (libraries:io.netty:netty-transport-classes-epoll:4.1.82.Final) to libraries/io/netty/netty-transport-classes-epoll/4.1.82.Final/netty-transport-classes-epoll-4.1.82.Final.jar
Unpacking io/netty/netty-transport-native-epoll/4.1.82.Final/netty-transport-native-epoll-4.1.82.Final-linux-x86_64.jar (libraries:io.netty:netty-transport-native-epoll:4.1.82.Final:linux-x86_64) to libraries/io/netty/netty-transport-native-epoll/4.1.82.Final/netty-transport-native-epoll-4.1.82.Final-linux-x86_64.jar
Unpacking io/netty/netty-transport-native-epoll/4.1.82.Final/netty-transport-native-epoll-4.1.82.Final-linux-aarch_64.jar (libraries:io.netty:netty-transport-native-epoll:4.1.82.Final:linux-aarch_64) to libraries/io/netty/netty-transport-native-epoll/4.1.82.Final/netty-transport-native-epoll-4.1.82.Final-linux-aarch_64.jar
Unpacking io/netty/netty-transport-native-unix-common/4.1.82.Final/netty-transport-native-unix-common-4.1.82.Final.jar (libraries:io.netty:netty-transport-native-unix-common:4.1.82.Final) to libraries/io/netty/netty-transport-native-unix-common/4.1.82.Final/netty-transport-native-unix-common-4.1.82.Final.jar
Unpacking it/unimi/dsi/fastutil/8.5.9/fastutil-8.5.9.jar (libraries:it.unimi.dsi:fastutil:8.5.9) to libraries/it/unimi/dsi/fastutil/8.5.9/fastutil-8.5.9.jar
Unpacking net/java/dev/jna/jna/5.12.1/jna-5.12.1.jar (libraries:net.java.dev.jna:jna:5.12.1) to libraries/net/java/dev/jna/jna/5.12.1/jna-5.12.1.jar
Unpacking net/java/dev/jna/jna-platform/5.12.1/jna-platform-5.12.1.jar (libraries:net.java.dev.jna:jna-platform:5.12.1) to libraries/net/java/dev/jna/jna-platform/5.12.1/jna-platform-5.12.1.jar
Unpacking net/sf/jopt-simple/jopt-simple/5.0.4/jopt-simple-5.0.4.jar (libraries:net.sf.jopt-simple:jopt-simple:5.0.4) to libraries/net/sf/jopt-simple/jopt-simple/5.0.4/jopt-simple-5.0.4.jar
Unpacking org/apache/commons/commons-lang3/3.12.0/commons-lang3-3.12.0.jar (libraries:org.apache.commons:commons-lang3:3.12.0) to libraries/org/apache/commons/commons-lang3/3.12.0/commons-lang3-3.12.0.jar
Unpacking org/apache/logging/log4j/log4j-api/2.19.0/log4j-api-2.19.0.jar (libraries:org.apache.logging.log4j:log4j-api:2.19.0) to libraries/org/apache/logging/log4j/log4j-api/2.19.0/log4j-api-2.19.0.jar
Unpacking org/apache/logging/log4j/log4j-core/2.19.0/log4j-core-2.19.0.jar (libraries:org.apache.logging.log4j:log4j-core:2.19.0) to libraries/org/apache/logging/log4j/log4j-core/2.19.0/log4j-core-2.19.0.jar
Unpacking org/apache/logging/log4j/log4j-slf4j2-impl/2.19.0/log4j-slf4j2-impl-2.19.0.jar (libraries:org.apache.logging.log4j:log4j-slf4j2-impl:2.19.0) to libraries/org/apache/logging/log4j/log4j-slf4j2-impl/2.19.0/log4j-slf4j2-impl-2.19.0.jar
Unpacking org/joml/joml/1.10.5/joml-1.10.5.jar (libraries:org.joml:joml:1.10.5) to libraries/org/joml/joml/1.10.5/joml-1.10.5.jar
Unpacking org/slf4j/slf4j-api/2.0.1/slf4j-api-2.0.1.jar (libraries:org.slf4j:slf4j-api:2.0.1) to libraries/org/slf4j/slf4j-api/2.0.1/slf4j-api-2.0.1.jar
Starting net.fabricmc.loader.impl.game.minecraft.BundlerClassPathCapture
[13:11:41] [main/INFO]: Loading Minecraft 1.20.1 with Fabric Loader 0.19.3
[13:11:41] [main/INFO]: Fabric is preparing JARs on first launch, this may take a few seconds...
[13:11:41] [ForkJoinPool-1-worker-3/WARN]: The mod "openblocks" contains invalid entries in its mod json:
- Unsupported root entry "client" at line 24 column 11
[13:11:41] [ForkJoinPool-1-worker-3/WARN]: Mod naturalist uses the version 5.0pre5 which isn't compatible with Loader's extended semantic version format (Could not parse version number component '0pre5'!), SemVer is recommended for reliably evaluating dependencies and prioritizing newer version
[13:11:41] [ForkJoinPool-1-worker-1/WARN]: The mod "dungeons_arise" contains invalid entries in its mod json:
- Unsupported root entry "credits" at line 12 column 12
[13:11:41] [ForkJoinPool-1-worker-1/WARN]: Mod ends_delight uses the version refabricated-1.20.1-2.5 which isn't compatible with Loader's extended semantic version format (Could not parse version number component 'refabricated'!), SemVer is recommended for reliably evaluating dependencies and prioritizing newer version
[13:11:41] [ForkJoinPool-1-worker-6/WARN]: Mod lootintegrations_moog uses the version ${version} which isn't compatible with Loader's extended semantic version format (Could not parse version number component '${version}'!), SemVer is recommended for reliably evaluating dependencies and prioritizing newer version
[13:11:41] [ForkJoinPool-1-worker-7/WARN]: Mod wither_spawn_fix uses the version MC1.20.1-1.0.0 which isn't compatible with Loader's extended semantic version format (Could not parse version number component 'MC1'!), SemVer is recommended for reliably evaluating dependencies and prioritizing newer version
[13:11:41] [ForkJoinPool-1-worker-7/WARN]: Mod create_new_age uses the version 1.1.7f+mc1.20.1 which isn't compatible with Loader's extended semantic version format (Could not parse version number component '7f'!), SemVer is recommended for reliably evaluating dependencies and prioritizing newer version
[13:11:41] [main/INFO]: Dependencies overridden for cynosure, smoothgui, create_questing, estrogen, thermoo, prominent, bettertrims, frostiful, chatanimation, copycats
[13:11:41] [main/WARN]: Warnings were found!
 - Mod 'Alloy Forgery' (alloy_forgery) 2.1.2+1.20 recommends version 12.0.0 or later of roughlyenoughitems, which is missing!
	 - You should install version 12.0.0 or later of roughlyenoughitems for the optimal experience.
 - Mod 'Botania' (botania) 1.20.1-456-FABRIC conflicts with any version of mod 'Open Parties and Claims' (openpartiesandclaims), which is present with the following versions: 0.25.10!
	 - While this won't prevent you from starting the game, the developer(s) of mod 'Botania' (botania) have found that this combination may cause issues. You should remove one of the mods or check for updates that resolve the issue.
 - Mod 'Debugify' (debugify) 1.20.1+2.0 recommends any 3.x version of yet-another-config-lib, which is missing!
	 - You should install any 3.x version of yet-another-config-lib for the optimal experience.
 - Mod 'SimplySkills' (simplyskills) 1.7.2+1.20.1 recommends version 1.4.2+1.20.1 or later of amethyst_core, which is missing!
	 - You should install version 1.4.2+1.20.1 or later of amethyst_core for the optimal experience.
 - Mod 'Spellblades and Such' (spellbladenext) 2.3.0+1.20.1 recommends version 1.2.0+1.20.1 of mod 'Paladins & Priests (RPG Series)' (paladins), but only the wrong version is present: 1.4.0+1.20.1!
	 - You should install version 1.2.0+1.20.1 of mod 'Paladins & Priests (RPG Series)' (paladins) for the optimal experience.
[13:11:41] [main/INFO]: Loading 548 mods:
	- aaa_particles 2.2.3
	- accessories 1.0.0-beta.48+1.20.1
	   |-- io_wispforest_endec 0.1.8
	   |-- io_wispforest_endec_gson 0.1.5
	   \-- io_wispforest_endec_netty 0.1.4
	- ad_astra 1.15.20
	   \-- javazoom_jlayer 1.0.1
	- ad_astra_cable_fix 1.1.0
	- ad_astra_giselle_addon 6.19
	- advancednetherite 2.1.3-1.20.1
	- adventurez 1.4.20
	- ae2 15.4.11
	   \-- team_reborn_energy 3.0.0
	- ae2wtlib 15.2.1-fabric
	- alloy_forgery 2.1.2+1.20
	- allthetrims 3.4.3
	- almostunified 1.20.1-0.11.0
	- alternate-current 1.9.0
	- amendments 1.20-2.2.6
	- animal_feeding_trough 1.1.0+1.20.1
	- appbot 1.5.2
	- appleskin 2.5.2+mc1.20.1
	- aquamirae 7.1.14
	- archers 1.3.0+1.20.1
	   \-- com_github_zsoltmolnarrr_tinyconfig 2.3.2
	- archers_expansion 0.2.6-1.20.1
	   \-- com_github_zsoltmolnarrr_tinyconfig 2.3.2
	- architectury 9.2.14
	- archon 1.1.5
	   |-- com_github_zsoltmolnarrr_tinyconfig 2.3.2
	   |-- omega-config 1.4.1+1.20.1
	   \-- saflib 1.1.0
	- artifacts 9.5.17
	   |-- expandability 9.0.4
	   \-- step-height-entity-attribute 1.2.0
	- ash_api 3.0.2+1.20.1
	- athena 3.1.2
	- attributefix 21.0.5
	- autotag-convention 2.0.2+1.20
	   \-- autotag 2.0.2+1.20
	- azurelib 3.0.27
	- azurelibarmor 2.0.14
	- badpackets 0.4.3
	- balm 7.3.41
	   \-- kuma_api 20.1.12
	- bards_rpg 1.0.0-1.20.1
	   \-- com_github_zsoltmolnarrr_tinyconfig 2.3.2
	- barteringstation 8.0.0
	- bcc 4.0.8
	- bclib 3.0.14
	   \-- wunderlib 1.1.5
	- better-trim-tooltips 1.0.1
	- betterarcheology 1.2.1-1.20.1
	- bettercombat 1.9.0+1.20.1
	- betterdeserttemples 1.20-Fabric-3.0.3
	   \-- org_reflections_reflections 0.10.2
	- betterdungeons 1.20-Fabric-4.0.4
	- betterend 4.0.11
	- betterend-crashed-ships 1.0.0
	- betterendisland 1.20-Fabric-2.0.6
	- betterfortresses 1.20-Fabric-2.0.6
	- betterjungletemples 1.20-Fabric-2.0.5
	- bettermineshafts 1.20-Fabric-4.0.4
	- betternether 9.0.10
	- betteroceanmonuments 1.20-Fabric-3.0.4
	- betterthanmending 1.3.0
	- bettertrims 2.3.2
	- betterwitchhuts 1.20-Fabric-3.0.3
	- blockswap 5.0.0.0
	- boatbreakfix 1.0.2
	- bookshelf 20.2.15
	- bosses_of_mass_destruction 1.7.5-1.20.1
	   |-- maelstrom_library 1.6.1-1.20
	   \-- multipart_entities 1.5-1.20
	- botania 1.20.1-456-FABRIC
	   |-- fiber 0.23.0-2
	   |-- reach-entity-attributes 2.4.0
	   \-- step-height-entity-attribute 1.2.0
	- botarium 2.3.4
	   \-- team_reborn_energy 3.0.0
	- bpmelodies 1.0.2
	- brewery 1.1.9
	- buildguide 0.4.9
	- bwncr 3.17.2
	- cardinal-components 5.2.3
	   |-- cardinal-components-base 5.2.3
	   |-- cardinal-components-block 5.2.3
	   |-- cardinal-components-chunk 5.2.3
	   |-- cardinal-components-entity 5.2.3
	   |-- cardinal-components-item 5.2.3
	   |-- cardinal-components-level 5.2.3
	   |-- cardinal-components-scoreboard 5.2.3
	   \-- cardinal-components-world 5.2.3
	- carryon 2.1.2.7
	- chefsdelight 1.0.4-fabric-1.20.1
	   \-- structurized-reborn 1.20.1-01
	- chipped 3.0.7
	- chipped_express 1.3.2
	- chunksavefix 1.0.0
	- chunky 1.3.146
	- cicada 0.14.3+1.20.1
	   \-- org_yaml_snakeyaml 2.2
	- clickadv 1.20.1-3.8
	- cloth-config 11.1.136
	   \-- cloth-basic-math 0.6.1
	- clumps 12.0.0.4
	- collective 8.42
	- combat_effects 1.0.0
	- combatroll 1.3.3+1.20.1
	- comforts 6.4.0+1.20.1
	- commonnetworking 1.0.6-1.20.1
	- connectiblechains 2.5.7+1.20.1
	- connectivity 1.20.1-7.7
	- convenientdecor 0.4.3
	- copycats 3.0.10+mc.1.20.1-fabric
	- coroutil 1.20.1-1.3.7
	- crash_assistant 1.11.12
	- create 6.0.8.1+build.1744-mc1.20.1
	   |-- com_google_code_findbugs_jsr305 3.0.2
	   |-- flywheel 1.0.5+1.20.1.build.264
	   |-- milk 1.2.60
	   |    \-- dripstone_fluid_lib 3.0.2
	   |-- ponder 1.0.91
	   |    |-- com_google_code_findbugs_jsr305 3.0.2
	   |    |-- flywheel 1.0.0
	   |    \-- javax_annotation_javax_annotation-api 1.3.2
	   |-- porting_lib_accessors 2.3.13+1.20.1
	   |    \-- porting_lib_core 2.3.13+1.20.1
	   |-- porting_lib_base 2.3.13+1.20.1
	   |    |-- porting_lib_attributes 2.3.13+1.20.1
	   |    |-- porting_lib_common 2.3.13+1.20.1
	   |    |-- porting_lib_config 2.3.13+1.20.1
	   |    |-- porting_lib_core 2.3.13+1.20.1
	   |    |-- porting_lib_fluids 2.3.13+1.20.1
	   |    |-- porting_lib_gui_utils 2.3.13+1.20.1
	   |    |-- porting_lib_lazy_registration 2.3.13+1.20.1
	   |    |-- porting_lib_mixin_extensions 2.3.13+1.20.1
	   |    |-- porting_lib_utility 2.3.13+1.20.1
	   |    \-- reach-entity-attributes 2.4.0
	   |-- porting_lib_brewing 2.3.13+1.20.1
	   |    \-- porting_lib_core 2.3.13+1.20.1
	   |-- porting_lib_client_events 2.3.13+1.20.1
	   |    \-- porting_lib_core 2.3.13+1.20.1
	   |-- porting_lib_entity 2.3.13+1.20.1
	   |    |-- porting_lib_core 2.3.13+1.20.1
	   |    \-- porting_lib_mixin_extensions 2.3.13+1.20.1
	   |-- porting_lib_extensions 2.3.13+1.20.1
	   |    |-- porting_lib_attributes 2.3.13+1.20.1
	   |    |-- porting_lib_common 2.3.13+1.20.1
	   |    |-- porting_lib_core 2.3.13+1.20.1
	   |    \-- reach-entity-attributes 2.4.0
	   |-- porting_lib_model_generators 2.3.13+1.20.1
	   |    |-- porting_lib_core 2.3.13+1.20.1
	   |    |-- porting_lib_data 2.3.13+1.20.1
	   |    |-- porting_lib_model_materials 2.3.13+1.20.1
	   |    \-- porting_lib_utility 2.3.13+1.20.1
	   |-- porting_lib_models 2.3.13+1.20.1
	   |    |-- porting_lib_core 2.3.13+1.20.1
	   |    |-- porting_lib_fluids 2.3.13+1.20.1
	   |    \-- porting_lib_model_loader 2.3.13+1.20.1
	   |-- porting_lib_networking 2.3.13+1.20.1
	   |    \-- porting_lib_core 2.3.13+1.20.1
	   |-- porting_lib_obj_loader 2.3.13+1.20.1
	   |    |-- porting_lib_core 2.3.13+1.20.1
	   |    \-- porting_lib_model_loader 2.3.13+1.20.1
	   |-- porting_lib_tool_actions 2.3.13+1.20.1
	   |    \-- porting_lib_core 2.3.13+1.20.1
	   |-- porting_lib_transfer 2.3.13+1.20.1
	   |    |-- porting_lib_core 2.3.13+1.20.1
	   |    \-- porting_lib_fluids 2.3.13+1.20.1
	   |-- reach-entity-attributes 2.4.0
	   \-- registrate-fabric 1.3.79-MC1.20.1
	        |-- com_google_code_findbugs_jsr305 3.0.2
	        \-- porting_lib_tags 3.0
	             \-- porting_lib_gametest 2.1.1090+1.20
	- create_new_age 1.1.7f+mc1.20.1
	   \-- esl 1.1.3
	        \-- team_reborn_energy 3.0.0
	- create_questing 1.0.0
	- createaddition 1.3.4
	- createestrogen 1.0.1+1.20.1
	- creativecore 2.12.41
	   \-- net_minecraftforge_eventbus 6.2.33
	- creeperoverhaul 3.0.2
	- cristellib 1.1.5
	   \-- blue_endless_jankson 1.2.3
	- croptopia 3.0.3
	- ctov 3.4.14
	- cupboard 1.20.1-4.2
	- custom_entity_attributes 1.0.0
	- customitemattributes 2.0.0
	- cynosure 0.1.16
	   |-- com_teamresourceful_bytecodecs 1.0.2
	   |-- kritter 0.1.12+1.20.1
	   \-- org_jetbrains_kotlin_kotlin-metadata-jvm 2.1.20
	- darkpaintings 17.0.6
	- darkutils 17.0.6
	- dawn 5.0.0
	   |-- terraform-shapes-api-v1 7.0.1
	   \-- terraform-wood-api-v1 7.0.1
	- death_knights 1.0.0
	- debugify 1.20.1+2.0
	- decorative_blocks 4.0.3
	- deeperdarker 1.3.3-plus-b
	   \-- customportalapi 0.0.1-beta64-1.20
	- derelict 2.1.0
	- despawntweaks 1.0.0
	- deuf_refabricated 1.1.0
	- do_a_barrel_roll 3.6.1+1.20.1
	- doapi 1.2.15
	   \-- terraform-wood-api-v1 7.0.1
	- doubledoors 7.3
	- dragonfight 1.20.1-5.0
	- dummmmmmy 1.20-2.0.12
	- dungeons_arise 2.1.58
	- dynamic_resource_bars 0.8.1
	- dynamictrim 1.4.1
	- eldritch_end 0.3.4
	- emi 1.1.24+1.20.1+fabric
	- emi_enchanting 0.1.2+1.20.1
	- emi_letsdo_compat 1.8.1
	- emi_loot 0.7.9+1.20.1+fabric
	- emi_ores 1.3+1.20.1+fabric
	- emiprofessions 1.0.4
	- enchanted 3.1.14
	- endrem 5.2.4
	- ends_delight refabricated-1.20.1-2.5
	- epherolib 1.2.0
	- estrogen 5.0.8+1.20.1
	   |-- baubly 1.0.1
	   |-- com_teamresourceful_resourceful-cosmetics-4j 1.0.5
	   |-- flywheel 1.0.2+1.20.1
	   \-- kittyconfig 1.2.16
	        |-- io_github_xn32_json5k-jvm 0.3.0
	        |-- kittynetworking 0.1.29
	        \-- net_peanuuutz_tomlkt_tomlkt-jvm 0.4.0
	- eternal_attributes 1.0.0
	- expandeddelight 0.3.2
	   \-- mm 2.3
	- explorations 1.20.1-1.6.1
	- explorerscompass 1.20.1-2.6.0-fabric
	- explorify 1.6.5
	- extendedae 1.20-1.0.2-fabric
	   \-- configuration 2.2.0
	- extra-mod-integrations 0.4.7+1.20.1
	- extraspellattributes 1.3.2
	- extremesoundmuffler 3.51
	   \-- fiber 0.23.0-2
	- fabric-api 0.92.12+1.20.1
	   |-- fabric-api-base 0.4.32+1802ada577
	   |-- fabric-api-lookup-api-v1 1.6.37+1802ada577
	   |-- fabric-biome-api-v1 13.0.15+93aa238b77
	   |-- fabric-block-api-v1 1.0.12+1802ada577
	   |-- fabric-block-view-api-v2 1.0.3+924f046a77
	   |-- fabric-blockrenderlayer-v1 1.1.42+1802ada577
	   |-- fabric-client-tags-api-v1 1.2.0+238242b777
	   |-- fabric-command-api-v1 1.2.35+f71b366f77
	   |-- fabric-command-api-v2 2.2.14+1802ada577
	   |-- fabric-commands-v0 0.2.52+df3654b377
	   |-- fabric-containers-v0 0.1.68+df3654b377
	   |-- fabric-content-registries-v0 4.0.13+1802ada577
	   |-- fabric-convention-tags-v1 1.5.6+1802ada577
	   |-- fabric-crash-report-info-v1 0.2.20+1802ada577
	   |-- fabric-data-attachment-api-v1 1.0.2+de0fd6d177
	   |-- fabric-data-generation-api-v1 12.4.0+238242b777
	   |-- fabric-dimensions-v1 2.1.55+1802ada577
	   |-- fabric-entity-events-v1 1.6.1+1c78457f77
	   |-- fabric-events-interaction-v0 0.6.6+13a40c6677
	   |-- fabric-events-lifecycle-v0 0.2.64+df3654b377
	   |-- fabric-game-rule-api-v1 1.0.41+1802ada577
	   |-- fabric-item-api-v1 2.1.29+1802ada577
	   |-- fabric-item-group-api-v1 4.0.14+1802ada577
	   |-- fabric-key-binding-api-v1 1.0.38+1802ada577
	   |-- fabric-keybindings-v0 0.2.36+df3654b377
	   |-- fabric-lifecycle-events-v1 2.2.23+1802ada577
	   |-- fabric-loot-api-v2 1.2.3+1802ada577
	   |-- fabric-loot-tables-v1 1.1.47+9e7660c677
	   |-- fabric-message-api-v1 5.1.10+1802ada577
	   |-- fabric-mining-level-api-v1 2.1.52+1802ada577
	   |-- fabric-model-loading-api-v1 1.0.4+1802ada577
	   |-- fabric-models-v0 0.4.3+9386d8a777
	   |-- fabric-networking-api-v1 1.3.15+0caff8d077
	   |-- fabric-networking-v0 0.3.55+df3654b377
	   |-- fabric-object-builder-api-v1 11.1.5+e35120df77
	   |-- fabric-particles-v1 1.1.3+1802ada577
	   |-- fabric-recipe-api-v1 1.0.25+1802ada577
	   |-- fabric-registry-sync-v0 2.4.1+4c0a70e677
	   |-- fabric-renderer-api-v1 3.2.2+1802ada577
	   |-- fabric-renderer-indigo 1.5.3+85287f9f77
	   |-- fabric-renderer-registries-v1 3.2.48+df3654b377
	   |-- fabric-rendering-data-attachment-v1 0.3.39+92a0d36777
	   |-- fabric-rendering-fluids-v1 3.0.29+1802ada577
	   |-- fabric-rendering-v0 1.1.51+df3654b377
	   |-- fabric-rendering-v1 3.0.10+54550fb677
	   |-- fabric-resource-conditions-api-v1 2.3.9+1802ada577
	   |-- fabric-resource-loader-v0 0.11.12+fb82e9d777
	   |-- fabric-screen-api-v1 2.0.9+1802ada577
	   |-- fabric-screen-handler-api-v1 1.3.34+1802ada577
	   |-- fabric-sound-api-v1 1.0.14+1802ada577
	   |-- fabric-tag-api-v1 1.3.0+238242b777
	   |-- fabric-transfer-api-v1 3.3.6+8dd72ea377
	   \-- fabric-transitive-access-wideners-v1 4.3.2+1802ada577
	- fabric-language-kotlin 1.13.9+kotlin.2.3.10
	   |-- org_jetbrains_kotlin_kotlin-reflect 2.3.10
	   |-- org_jetbrains_kotlin_kotlin-stdlib 2.3.10
	   |-- org_jetbrains_kotlin_kotlin-stdlib-jdk7 2.3.10
	   |-- org_jetbrains_kotlin_kotlin-stdlib-jdk8 2.3.10
	   |-- org_jetbrains_kotlinx_atomicfu-jvm 0.31.0
	   |-- org_jetbrains_kotlinx_kotlinx-coroutines-core-jvm 1.10.2
	   |-- org_jetbrains_kotlinx_kotlinx-coroutines-jdk8 1.10.2
	   |-- org_jetbrains_kotlinx_kotlinx-datetime-jvm 0.7.1
	   |-- org_jetbrains_kotlinx_kotlinx-io-bytestring-jvm 0.8.2
	   |-- org_jetbrains_kotlinx_kotlinx-io-core-jvm 0.8.2
	   |-- org_jetbrains_kotlinx_kotlinx-serialization-cbor-jvm 1.10.0
	   |-- org_jetbrains_kotlinx_kotlinx-serialization-core-jvm 1.10.0
	   \-- org_jetbrains_kotlinx_kotlinx-serialization-json-jvm 1.10.0
	- fabricloader 0.19.3
	   \-- mixinextras 0.5.4
	- fakerlib 0.1.5
	- fancy_hotbar 1.0.0
	- farmersdelight 1.20.1-2.4.1+refabricated
	   |-- mm 2.3
	   |-- porting_lib_loot 2.3.8+1.20.1
	   \-- porting_lib_recipe_book_categories 2.3.8+1.20.1
	- farmersknives 3.2
	- fastpaintings 1.20-1.2.7
	- faux-custom-entity-data 6.0.1
	- ferritecore 6.0.1
	- forcemaster_rpg 1.2.7-1.20.1
	   \-- com_github_zsoltmolnarrr_tinyconfig 2.3.2
	- forgeconfigapiport 8.0.3
	- forgeconfigscreens 8.0.2
	- fragmentum 5.2.0
	- friendsandfoes 3.0.9
	   \-- reach-entity-attributes 2.4.0
	- ftblibrary 2001.2.12
	- ftbquests 2001.4.18
	   \-- team_reborn_energy 3.0.0
	- ftbteams 2001.3.2
	- ftbxmodcompat 2.1.3
	- fwaystones 3.3.3+mc1.20.1
	- fzzy_config 0.7.7+1.20.1
	   \-- fabric-permissions-api-v0 0.3.1
	- geckolib 4.8.4
	   \-- com_eliotlash_mclib_mclib 20
	- geophilic 3.7
	- grassoverhaul 25.1.31
	- graveyard 3.0
	- gun-scaling 2.1.0
	   \-- com_github_zsoltmolnarrr_tinyconfig 2.3.2
	- handcrafted 3.0.6
	- herbalbrews 1.0.12
	- highlight 2.0.1
	- icarus 2.14.1
	- iceberg 1.1.25
	- idwtialsimmoedm 0.3.1+1.20
	- immersive_melodies 0.5.0+1.20.1
	- immersive_optimization 0.2.0
	- integrated_api 1.8.2
	- integrated_stronghold 1.1.1+1.20.1-fabric
	- integrated_villages 1.3.2+1.20.1-fabric
	- inventorysorter 1.9.0-1.20
	   \-- kyrptconfig 1.5.6-1.20
	- invoke 1.0.3.1-1.20.1
	- ironchests 5.0.2
	- item_obliterator 2.3.0
	- itemfilters 2001.1.0-build.59
	- jade 11.13.3+fabric
	- jadeaddons 5.5.2+fabric
	- jamlib 1.3.6+1.20.1-patch.1
	- java 17
	- jewelry 1.3.7+1.20.1
	   \-- com_github_zsoltmolnarrr_tinyconfig 2.3.2
	- justhammers 20.1.5+mc1.20.1
	- kibe 1.10.1-BETA+1.20
	   \-- playerabilitylib 1.8.0
	- kleeslabs 15.0.4
	- konkrete 1.8.1
	- leavesbegone 8.0.0
	- libz 1.0.3
	- lithium 0.11.4
	- lithostitched 1.4.11
	- lmft 1.1.1+1.21.9
	- logbegone 1.0.8
	- lootintegrations 1.20.1-4.7
	- lootintegrations_integrated 1
	- lootintegrations_moog ${version}
	- lootr 0.7.35.86
	- ltxtbfix 1.20.1-fabric-1.0.2
	- magnumtorch 8.0.2
	- mcda 5.0.2
	- mcdw 9.0.4
	- mcwholidays 1.1.2
	- megacells 2.4.6-1.20.1
	- melody 1.0.3
	- memorysettings 1.20.1-6.0
	- merequester 1.20.1-1.1.4
	- mes 2.1.0
	- midnightlib 1.9.3
	- minecells 2.0.0
	   \-- gimm1q 0.7.9+1.20.1
	        \-- com_github_redempt_crunch 2.0.3
	- minecraft 1.20.1
	- mixintrace 1.1.1+1.17
	- mmmindicators 1.0.0
	- mobhealthbar 2.3.0
	- mobs_of_mythology 2.1.2
	- modern_industrialization 1.8.6
	   |-- magna 1.10.1+1.20.1
	   |-- noindium 1.1.0+1.20
	   |-- playerabilitylib 1.8.0
	   \-- team_reborn_energy 3.0.0
	- modernfix 5.24.3+mc1.20.1
	- modpack-update-checker 0.15.6
	   \-- mpuc_lavendermd 0.1.2
	- moogs_structures 3.4.2+fabric
	- moonlight 1.20-2.16.36
	- more_armor_trims 1.5.4.1-1.20.1
	- more_rpg_classes 1.2.22-1.20.1
	   \-- com_github_zsoltmolnarrr_tinyconfig 2.3.2
	- moremobvariants 1.3.1
	- mutant_skeleton_armor_tweaks 3.1.0+1.20.1
	- mutantmonsters 8.0.8
	   \-- extensibleenums 7.0.1
	- mvs 5.1.3
	- mythicmounts 1.20.1-7.2
	- mythicupgrades 4.2.0+mc1.20.1
	- naturalist 5.0pre5
	- naturescompass 1.20.1-2.6.0-fabric
	- necronomicon 1.6.0
	- nerb 0.4.1
	- neruina 2.3.1-beta.1
	   |-- com_fasterxml_jackson_core_jackson-annotations 2.17.0
	   |-- com_fasterxml_jackson_core_jackson-core 2.17.0
	   |-- com_fasterxml_jackson_core_jackson-databind 2.17.0
	   |-- org_apache_httpcomponents_client5_httpclient5 5.3.1
	   |-- org_apache_httpcomponents_core5_httpcore5 5.3.1
	   |-- org_apache_maven_maven-artifact 3.8.1
	   \-- org_kohsuke_github-api 1.318
	- netherportalfix 13.0.1
	- newblahaj 1.1.1
	- nightconfigfixes 8.0.0
	- no_bouncy_arrows 1.1.0
	- nochatreports 1.20.1-v2.2.3
	   |-- fabric-rendering-v1 3.0.6+b3afc78b82
	   \-- fabric-screen-api-v1 2.0.6+b3afc78b82
	- obscure_api 16
	- octolib 0.5.0.1
	   \-- org_yaml_snakeyaml 2.2
	- offhandtickfix 1.0.0
	- onlyexcavators 1.20.1-1.0.1
	- opac_fixes 1.1.4
	- opacpvp 1.0.0
	- openblocks 0.0.3-1.20.1
	- openpartiesandclaims 0.25.10
	- owo 0.11.2+1.20
	- oxidized 1.8.2
	- packetfixer 3.3.2
	- paladins 1.4.0+1.20.1
	   \-- com_github_zsoltmolnarrr_tinyconfig 2.3.2
	- patchouli 1.20.1-85-FABRIC
	   \-- fiber 0.23.0-2
	- paxi 1.20-Fabric-4.0
	- pehkui 3.8.3+1.14.4-1.21
	   \-- kanos_config 0.4.1+1.14.4-1.19.4
	- philipsruins 5.7
	- pingwheel 1.12.1
	- piratesdoom 1.0.0
	- player-animator 1.0.2-rc1+1.20
	- polyeng 0.1.1-1.20.1
	- polymorph 0.49.10+1.20.1
	   \-- spectrelib 0.13.17+1.20.1
	- powah 5.0.11
	- projectile_damage 3.2.3+1.20.1
	- promenade 4.1.1
	   \-- biolith 1.0.0-alpha.8
	        \-- terraform-surfaces-api-v1 7.0.1
	- prominent 4.1.1
	   |-- prominent_settings 4.0.0
	   |-- prominent_talents 2.6.0
	   |-- prominentbase 4.1.1
	   |    \-- fantasy 0.4.11+1.20-rc1
	   \-- sbprom 1.1.0
	        \-- com_github_zsoltmolnarrr_tinyconfig 2.3.2
	- prominent_ost 1.0.0
	- puffish_attributes 0.8.2
	- puffish_skills 0.17.3
	- puzzleslib 8.1.33
	   \-- puzzlesaccessapi 20.1.1
	- quartzelv 2.2.7+1.20.4
	- questkilltask 0.2.0+1.20.1
	- quests_teams_fixes 1.0.2+1.20.1
	- railways 1.7.3+fabric-mc1.20.1
	   \-- mm 2.3
	- ranged_weapon_api 1.1.4+1.20.1
	- reacharound 1.3.1
	- rebalance 1.2.0
	- reborncore 5.8.14
	   \-- team_reborn_energy 3.0.0
	- recipeessentials 1.20.1-4.7
	- recipesplitter 1.0-SNAPSHOT
	- redirected 1.0.0
	- regions_unexplored 0.5.6+1.20.1
	- resistance_balancer 1.1.0
	- resourcefulconfig 2.1.3
	- resourcefullib 2.1.29
	   \-- com_teamresourceful_yabn 1.0.3
	- riverredux 0.3.1
	- rogues 1.2.0+1.20.1
	   \-- com_github_zsoltmolnarrr_tinyconfig 2.3.2
	- rpg-minibosses 1.9.2+1.20.1
	   \-- com_github_zsoltmolnarrr_tinyconfig 2.3.2
	- runes 0.9.13+1.20.1
	- s_lib 3.0.1+1.20.1
	- satisfying_buttons 1.1.2
	- serverbrowser 1.3.0
	- shield_api 1.0.1+1.20.1
	- shield_overhaul 2.0.4
	- simple_snowy_fix 2.1.5
	- simply_houses 1.1.4-1.20.1
	- simply_swords_tweaks 2.1.0+1.20.1
	- simplybows 0.1.4
	- simplybows_opac_bridge 1.0.1
	- simplycompat 1.2.5
	- simplyskills 1.7.2+1.20.1
	- simplyswords 1.70.2-1.20.1
	- simplytooltips 0.1.5-1.20.1
	- skyvillages 1.0.4-1.19.2-1.20.1
	- smartbrainlib 1.15
	- smoothchunk 1.20.1-4.1
	- smwyg 1.1.1
	- sollib 1.3
	   \-- mixinsquared 0.3.7-beta.3
	- sortilege 9.0
	   \-- mm 2.3
	- soulmaster 1.0.3
	   \-- com_github_zsoltmolnarrr_tinyconfig 2.3.2
	- soulsweapons 1.3.1-1.20.1-fabric
	- spark 1.10.53
	- spell-engine-openpac-compat 1.0.0
	- spell_engine 0.15.12+1.20.1
	   \-- com_github_zsoltmolnarrr_tinyconfig 2.3.2
	- spell_power 0.12.0+1.20.1
	   \-- com_github_zsoltmolnarrr_tinyconfig 2.3.2
	- spellbladenext 2.3.0+1.20.1
	   \-- com_github_zsoltmolnarrr_tinyconfig 2.3.2
	- stackdeobfuscator 1.4.3+08e71cc
	   |-- net_fabricmc_mapping-io 0.6.1
	   \-- stackdeobfuscator-common 1.4.3+08e71cc
	- stateobserver 1.4.3
	- stoneworks 8.0.0
	- structure_pool_api 1.0+1.20.1
	- structureessentials 1.20.1-5.0
	- supermartijn642configlib 1.1.8+a
	- supplementaries 1.20-3.1.43
	- swampier_swamps 1.20-4.0.0
	- t_and_t 1.12
	- tclayer 3.8.1+beta.14
	- techreborn 5.8.14
	   \-- team_reborn_energy 3.0.0
	- terrablender 3.0.1.10
	   |-- com_electronwill_night-config_core 3.6.7
	   \-- com_electronwill_night-config_toml 3.6.7
	- testosterone 2.0.3
	- testosterone_tweaks 1.0.0
	- thaumon 2.3.0+1.20.1
	- the_bumblezone 7.9.10+1.20.1-fabric
	   \-- noindium 1.1.0+1.20
	- thermoo 2.3.3
	- thiccpackets 1.17-1.19+
	- things 0.3.3+1.20
	   \-- lavender 0.1.0-pre.18+1.20
	        |-- lavender-md 0.1.0-pre.3+1.20
	        \-- lavender-md-owo-ui 0.1.0-pre.3+1.20
	- tiered 1.2.0
	   |-- autotag 2.0.2+1.20
	   \-- reach-entity-attributes 2.4.0
	- tinyskeletons 8.0.1
	- tlc 1.0.1
	- toofast 1.2.0
	- tradingpost 8.0.2
	- transmog 1.3.0+1.20
	- transparent 8.0.1+1.20.1
	- travelersbackpack 9.1.55
	   \-- reach-entity-attributes 2.4.0
	- treechop 0.19.0
	- twigs 3.1.0
	- txnilib 1.0.24
	- unrestricted_enchanting 1.1.0+1.20.1
	- unsafe-world-random-access-detector 1.1.4
	- veinmining 1.5.0+1.20.1
	- villagernames 8.2
	- villagersplus 3.1
	- vinery 1.4.41
	- vitalityfix 1.0.0
	- wands 3.0.5
	- watut 1.20.1-1.2.3
	- windchimes 1.2.4+1.20
	- winterly 0.9.3+1.20
	- wither_spawn_fix MC1.20.1-1.0.0
	- wizards 1.4.1+1.20.1
	   \-- com_github_zsoltmolnarrr_tinyconfig 2.3.2
	- xaerominimap 25.3.10
	   \-- xaerolib 1.1.0
	- xaeroworldmap 1.40.11
	   \-- xaerolib 1.1.0
	- yet_another_config_lib_v3 3.6.6+1.20.1-fabric
	   |-- com_twelvemonkeys_common_common-image 3.12.0
	   |-- com_twelvemonkeys_common_common-io 3.12.0
	   |-- com_twelvemonkeys_common_common-lang 3.12.0
	   |-- com_twelvemonkeys_imageio_imageio-core 3.12.0
	   |-- com_twelvemonkeys_imageio_imageio-metadata 3.12.0
	   |-- com_twelvemonkeys_imageio_imageio-webp 3.12.0
	   |-- org_quiltmc_parsers_gson 0.2.1
	   \-- org_quiltmc_parsers_json 0.2.1
	- yigd 2.0.16
	   \-- libgui 8.1.1+1.20.1
	        |-- jankson 6.0.0+j1.2.3
	        \-- libninepatch 1.2.0
	- yosbr 0.1.2
	- ysns 2.0.2
	- yungsapi 1.20-Fabric-4.0.6
	   \-- org_javassist_javassist 3.29.2-GA
	- yungsbridges 1.20-Fabric-4.0.3
	- zenith 2.0.2
	   \-- mm 2.3
	- zenith_attributes 1.0.3
	   |-- additionalentityattributes 1.7.6+1.20.1
	   |-- playerabilitylib 1.8.0
	   \-- reach-entity-attributes 2.4.0
[13:11:42] [main/WARN]: launchTarget: SERVER. Crash Assistant is client only mod. Mod will do nothing!
[13:11:42] [main/INFO]: Applying default options... (YOSBR)
[13:11:42] [main/INFO]: Applying default options for /fancymenu_data/textures/icons/curseforge.png from /config/yosbr/fancymenu_data/textures/icons/curseforge.png
[13:11:42] [main/INFO]: Applying default options for /fancymenu_data/textures/icons/issues.png from /config/yosbr/fancymenu_data/textures/icons/issues.png
[13:11:42] [main/INFO]: Applying default options for /fancymenu_data/textures/icons/settings.png from /config/yosbr/fancymenu_data/textures/icons/settings.png
[13:11:42] [main/INFO]: Applying default options for /fancymenu_data/textures/icons/arrow.png from /config/yosbr/fancymenu_data/textures/icons/arrow.png
[13:11:42] [main/INFO]: Applying default options for /fancymenu_data/textures/icons/arrow_alt.png from /config/yosbr/fancymenu_data/textures/icons/arrow_alt.png
[13:11:42] [main/INFO]: Applying default options for /fancymenu_data/textures/icons/performanceguide.png from /config/yosbr/fancymenu_data/textures/icons/performanceguide.png
[13:11:42] [main/INFO]: Applying default options for /fancymenu_data/textures/icons/discord.png from /config/yosbr/fancymenu_data/textures/icons/discord.png
[13:11:42] [main/INFO]: Applying default options for /fancymenu_data/textures/icons/blank.png from /config/yosbr/fancymenu_data/textures/icons/blank.png
[13:11:42] [main/INFO]: Applying default options for /fancymenu_data/textures/icons/exit.png from /config/yosbr/fancymenu_data/textures/icons/exit.png
[13:11:42] [main/INFO]: Applying default options for /fancymenu_data/textures/icons/voids_invasion.png from /config/yosbr/fancymenu_data/textures/icons/voids_invasion.png
[13:11:42] [main/INFO]: Applying default options for /fancymenu_data/textures/backgrounds/separated.png from /config/yosbr/fancymenu_data/textures/backgrounds/separated.png
[13:11:42] [main/INFO]: Applying default options for /fancymenu_data/textures/backgrounds/loading_screen.png from /config/yosbr/fancymenu_data/textures/backgrounds/loading_screen.png
[13:11:42] [main/INFO]: Applying default options for /fancymenu_data/textures/backgrounds/stronghold.png from /config/yosbr/fancymenu_data/textures/backgrounds/stronghold.png
[13:11:42] [main/INFO]: Applying default options for /fancymenu_data/textures/backgrounds/loading_screen-remastered.png from /config/yosbr/fancymenu_data/textures/backgrounds/loading_screen-remastered.png
[13:11:42] [main/INFO]: Applying default options for /options.txt from /config/yosbr/options.txt
[13:11:42] [main/INFO]: Applying default options for /essential/onboarding.json from /config/yosbr/essential/onboarding.json
[13:11:42] [main/INFO]: Applying default options for /essential/config.toml from /config/yosbr/essential/config.toml
[13:11:42] [main/INFO]: Applying default options for /optionsviveprofiles.txt from /config/yosbr/optionsviveprofiles.txt
[13:11:42] [main/INFO]: SpongePowered MIXIN Subsystem Version=0.8.7 Source=file:/home/ubuntu/minecraft-prominence-2-hasturian-era/server/libraries/net/fabricmc/sponge-mixin/0.17.3+mixin.0.8.7/sponge-mixin-0.17.3+mixin.0.8.7.jar Service=Knot/Fabric Env=SERVER
[13:11:42] [main/INFO]: Compatibility level set to JAVA_17
[13:11:42] [main/WARN]: Reference map 'aquamirae.refmap.json' for aquamirae.mixins.json could not be read. If this is a development environment you can ignore this message
[13:11:42] [main/WARN]: Reference map 'aquamirae.refmap.json' for aquamirae.fabric.mixins.json could not be read. If this is a development environment you can ignore this message
[13:11:42] [main/WARN]: Reference map 'coroutil.refmap.json' for coroutil_fabric.mixins.json could not be read. If this is a development environment you can ignore this message
[13:11:42] [main/WARN]: Reference map '[common]ctov-common-refmap.json' for ctov-common.mixins.json could not be read. If this is a development environment you can ignore this message
[13:11:42] [main/WARN]: Reference map 'cynosure.refmap.json' for cynosure.mixins.json could not be read. If this is a development environment you can ignore this message
[13:11:42] [main/INFO]: Preloading Debugify
[13:11:42] [main/WARN]: Reference map 'emi-letsdo-compat-common-refmap.json' for emi_letsdo_compat-common.mixins.json could not be read. If this is a development environment you can ignore this message
[13:11:42] [main/WARN]: Reference map 'fragmentum.mixins.refmap.json' for fragmentum.mixins.json could not be read. If this is a development environment you can ignore this message
[13:11:42] [main/WARN]: Reference map 'graveyard-FABRIC-fabric-refmap.json' for graveyard-fabric.mixins.json could not be read. If this is a development environment you can ignore this message
[13:11:42] [main/WARN]: Reference map 'icarus.refmap.json' for icarus.mixins.json could not be read. If this is a development environment you can ignore this message
[13:11:42] [main/WARN]: Reference map 'icarus.refmap.json' for icarus.fabric.mixins.json could not be read. If this is a development environment you can ignore this message
[13:11:42] [main/INFO]: File exists, reading config for elocindev.item_obliterator.fabric_quilt.config.ConfigEntries.
[13:11:42] [main/INFO]: Config for elocindev.item_obliterator.fabric_quilt.config.ConfigEntries read successfully.
[13:11:42] [main/WARN]: Reference map 'justhammers-common-refmap.json' for justhammers-common.mixins.json could not be read. If this is a development environment you can ignore this message
[13:11:42] [main/INFO]: Loaded configuration file for Lithium: 131 options available, 5 override(s) found
[13:11:42] [main/WARN]: Reference map 'mobhealthbar-fabric-1.20.x-refmap.json' for mobhealthbar.mixins.json could not be read. If this is a development environment you can ignore this message
[13:11:42] [main/INFO]: Loaded configuration file for ModernFix 5.24.3+mc1.20.1: 70 options available, 3 override(s) found
[13:11:42] [main/WARN]: Option 'mixin.perf.faster_item_rendering' overriden (by user configuration) to 'true'
[13:11:42] [main/WARN]: Option 'mixin.perf.dynamic_resources' overriden (by user configuration) to 'true'
[13:11:42] [main/WARN]: Option 'mixin.perf.blast_search_trees' overriden (by user configuration) to 'false'
[13:11:42] [main/INFO]: Applying Nashorn fix
[13:11:42] [main/WARN]: Reference map 'more_armor_trims-refmap.json' for more_armor_trims.mixins.json could not be read. If this is a development environment you can ignore this message
[13:11:42] [main/WARN]: Reference map 'mythic-mounts-refmap.json' for mythic-mounts.mixins.json could not be read. If this is a development environment you can ignore this message
[13:11:42] [main/WARN]: Reference map 'OctoLib-COMMON-common-refmap.json' for octolib-common.mixins.json could not be read. If this is a development environment you can ignore this message
[13:11:42] [main/INFO]: Packet Fixer fabric 1.19.3-1.20.1 has been applied successfully.
[13:11:42] [main/INFO]: File exists, reading config for elocindev.prominent.livecontent.LiveContentSettings.
[13:11:42] [main/INFO]: Config for elocindev.prominent.livecontent.LiveContentSettings read successfully.
[Prominent Live Content] pack version is v4.1.3
[Prominent Live Content] drop complete: 0 applied, 0 removed, 1 already current, 0 version gated, 0 ignored, 0 failed
[13:11:43] [main/WARN]: Reference map 'puffish_attributes-refmap.json' for puffish_attributes.mixins.json could not be read. If this is a development environment you can ignore this message
[13:11:43] [main/WARN]: Reference map 'puzzlesaccessapi.common.refmap.json' for puzzlesaccessapi.common.mixins.json could not be read. If this is a development environment you can ignore this message
[13:11:43] [main/WARN]: Reference map 'puzzlesaccessapi.fabric.refmap.json' for puzzlesaccessapi.fabric.mixins.json could not be read. If this is a development environment you can ignore this message
[13:11:43] [main/WARN]: Reference map 'sollib.refmap.json' for sollib.mixins.json could not be read. If this is a development environment you can ignore this message
[13:11:43] [main/WARN]: Reference map 'sollib.refmap.json' for sollib.fabric.mixins.json could not be read. If this is a development environment you can ignore this message
[13:11:43] [main/WARN]: Reference map 'supermartijn642configlib.mixins.refmap.json' for supermartijn642configlib.mixins.json could not be read. If this is a development environment you can ignore this message
[13:11:43] [main/WARN]: Reference map 'testosterone_tweaks.refmap.json' for mixins.testosterone_tweaks.json could not be read. If this is a development environment you can ignore this message
[13:11:43] [main/WARN]: Reference map 'thaumon-common-refmap.json' for thaumon-common.mixins.json could not be read. If this is a development environment you can ignore this message
[13:11:43] [main/WARN]: Error loading class: net/minecraft/class_881 (java.lang.ClassNotFoundException: net/minecraft/class_881)
[13:11:43] [main/WARN]: @Mixin target net.minecraft.class_881 was not found porting_lib_base.mixins.json:client.BoatRendererMixin from mod porting_lib_base
[13:11:43] [main/WARN]: Error loading class: net/minecraft/class_525 (java.lang.ClassNotFoundException: net/minecraft/class_525)
[13:11:43] [main/WARN]: @Mixin target net.minecraft.class_525 was not found porting_lib_base.mixins.json:client.CreateWorldScreenMixin from mod porting_lib_base
[13:11:43] [main/WARN]: Error loading class: net/minecraft/class_906 (java.lang.ClassNotFoundException: net/minecraft/class_906)
[13:11:43] [main/WARN]: @Mixin target net.minecraft.class_906 was not found porting_lib_tool_actions.mixins.json:FishingHookRendererMixin from mod porting_lib_tool_actions
[13:11:43] [main/WARN]: Error loading class: net/minecraft/class_761 (java.lang.ClassNotFoundException: net/minecraft/class_761)
[13:11:43] [main/WARN]: @Mixin target net.minecraft.class_761 was not found accessories-common.mixins.json:LevelRendererAccessor from mod accessories
[13:11:43] [main/WARN]: Error loading class: io/github/apace100/apoli/power/factory/condition/ConditionFactory (java.lang.ClassNotFoundException: io/github/apace100/apoli/power/factory/condition/ConditionFactory)
[13:11:43] [main/WARN]: Error loading class: link/infra/indium/renderer/helper/GeometryHelper (java.lang.ClassNotFoundException: link/infra/indium/renderer/helper/GeometryHelper)
[13:11:43] [main/WARN]: Error loading class: net/fabricmc/fabric/impl/client/indigo/renderer/helper/GeometryHelper (java.lang.ClassNotFoundException: net/fabricmc/fabric/impl/client/indigo/renderer/helper/GeometryHelper)
[13:11:43] [main/WARN]: Error loading class: me/jellysquid/mods/lithium/common/ai/pathing/PathNodeDefaults (java.lang.ClassNotFoundException: me/jellysquid/mods/lithium/common/ai/pathing/PathNodeDefaults)
[13:11:43] [main/WARN]: Error loading class: com/tom/storagemod/tile/StorageTerminalBlockEntity (java.lang.ClassNotFoundException: com/tom/storagemod/tile/StorageTerminalBlockEntity)
[13:11:43] [main/WARN]: Error loading class: net/minecraft/class_310 (java.lang.ClassNotFoundException: net/minecraft/class_310)
[13:11:43] [main/WARN]: @Mixin target net.minecraft.class_310 was not found mixins.dynamic_resource_bars.json:compat.farmersdelight.BaseOverlayMixin from mod dynamic_resource_bars
[13:11:43] [main/WARN]: Error loading class: net/minecraft/class_632 (java.lang.ClassNotFoundException: net/minecraft/class_632)
[13:11:43] [main/WARN]: @Mixin target net.minecraft.class_632 was not found lavender.mixins.json:ClientAdvancementManagerAccessor from mod lavender
[13:11:43] [main/WARN]: Force-disabling mixin 'ai.nearby_entity_tracking.EntityMixin' as rule 'mixin.ai.nearby_entity_tracking' (added by user configuration) disables it and children
[13:11:43] [main/WARN]: Force-disabling mixin 'ai.nearby_entity_tracking.EntityTrackingSectionMixin' as rule 'mixin.ai.nearby_entity_tracking' (added by user configuration) disables it and children
[13:11:43] [main/WARN]: Force-disabling mixin 'ai.nearby_entity_tracking.ServerEntityManagerAccessor' as rule 'mixin.ai.nearby_entity_tracking' (added by user configuration) disables it and children
[13:11:43] [main/WARN]: Force-disabling mixin 'ai.nearby_entity_tracking.ServerEntityManagerListenerMixin' as rule 'mixin.ai.nearby_entity_tracking' (added by user configuration) disables it and children
[13:11:43] [main/WARN]: Force-disabling mixin 'ai.nearby_entity_tracking.ServerEntityManagerMixin' as rule 'mixin.ai.nearby_entity_tracking' (added by user configuration) disables it and children
[13:11:43] [main/WARN]: Force-disabling mixin 'ai.nearby_entity_tracking.ServerWorldAccessor' as rule 'mixin.ai.nearby_entity_tracking' (added by user configuration) disables it and children
[13:11:43] [main/WARN]: Force-disabling mixin 'ai.nearby_entity_tracking.goals.FleeEntityGoalMixin' as rule 'mixin.ai.nearby_entity_tracking' (added by user configuration) disables it and children
[13:11:43] [main/WARN]: Force-disabling mixin 'ai.nearby_entity_tracking.goals.LookAtEntityGoalMixin' as rule 'mixin.ai.nearby_entity_tracking' (added by user configuration) disables it and children
[13:11:43] [main/WARN]: Force-disabling mixin 'ai.task.memory_change_counting.BrainMixin' as rule 'mixin.ai.task.memory_change_counting' (added by mods [smartbrainlib]) disables it and children
[13:11:43] [main/WARN]: Force-disabling mixin 'ai.task.memory_change_counting.MultiTickTaskMixin' as rule 'mixin.ai.task.memory_change_counting' (added by mods [smartbrainlib]) disables it and children
[13:11:43] [main/WARN]: Force-disabling mixin 'alloc.blockstate.StateMixin' as rule 'mixin.alloc.blockstate' (added by mods [ferritecore]) disables it and children
[13:11:43] [main/WARN]: Force-disabling mixin 'block.moving_block_shapes.PistonBlockEntityMixin' as rule 'mixin.block.moving_block_shapes' (added by mods [supplementaries]) disables it and children
[13:11:43] [main/WARN]: Force-disabling mixin 'block.moving_block_shapes.VoxelShapeMixin' as rule 'mixin.block.moving_block_shapes' (added by mods [supplementaries]) disables it and children
[13:11:43] [main/WARN]: Error loading class: net/minecraft/class_3494$class_3495 (java.lang.ClassNotFoundException: net/minecraft/class_3494$class_3495)
[13:11:43] [main/WARN]: Error loading class: net/minecraft/class_337$1 (java.lang.ClassNotFoundException: net/minecraft/class_337$1)
[13:11:43] [main/WARN]: @Mixin target net/minecraft/class_337$1 was not found minecells.mixins.json:client.hud.BossBarUpdaterMixin from mod minecells
[13:11:43] [main/WARN]: @Mixin target net.minecraft.class_525 was not found moonlight.mixins.json:CreateWorldScreenMixin from mod moonlight
[13:11:44] [main/WARN]: Error loading class: fr/catcore/server/translations/api/resource/language/SystemDelegatedLanguage (java.lang.ClassNotFoundException: fr/catcore/server/translations/api/resource/language/SystemDelegatedLanguage)
[13:11:44] [main/WARN]: Error loading class: draylar/magna/api/reach/ReachDistanceHelper (java.lang.ClassNotFoundException: draylar/magna/api/reach/ReachDistanceHelper)
[13:11:44] [main/INFO]: Loaded config for: recipeessentials.json
[13:11:44] [main/WARN]: Error loading class: net/minecraft/class_4267 (java.lang.ClassNotFoundException: net/minecraft/class_4267)
[13:11:44] [main/WARN]: @Mixin target net.minecraft.class_4267 was not found serverbrowser.mixins.json:ServerSelectionMixin from mod serverbrowser
[13:11:44] [main/WARN]: Error loading class: net/minecraft/class_329 (java.lang.ClassNotFoundException: net/minecraft/class_329)
[13:11:44] [main/WARN]: @Mixin target net.minecraft.class_329 was not found shield_overhaul.mixins.json:CursorIconMixin from mod shield_overhaul
[13:11:44] [main/WARN]: Error loading class: com/teamabnormals/caverns_and_chasms/common/item/copper/WeatheringCopperItem (java.lang.ClassNotFoundException: com/teamabnormals/caverns_and_chasms/common/item/copper/WeatheringCopperItem)
[13:11:44] [main/WARN]: @Mixin target com.teamabnormals.caverns_and_chasms.common.item.copper.WeatheringCopperItem was not found sortilege.mixins.json:WeatheringCopperItemMixin from mod sortilege
[13:11:44] [main/INFO]: Loaded config for: structureessentials.json
[13:11:44] [main/WARN]: Error loading class: me/jellysquid/mods/sodium/client/render/chunk/compile/pipeline/FluidRenderer (java.lang.ClassNotFoundException: me/jellysquid/mods/sodium/client/render/chunk/compile/pipeline/FluidRenderer)
[13:11:44] [main/WARN]: Error loading class: com/ishland/c2me/fixes/worldgen/threading_issues/common/CheckedThreadLocalRandom (java.lang.ClassNotFoundException: com/ishland/c2me/fixes/worldgen/threading_issues/common/CheckedThreadLocalRandom)
[13:11:44] [main/WARN]: Error loading class: com/beansgalaxy/backpacks/compat/TrinketsRegistry$1 (java.lang.ClassNotFoundException: com/beansgalaxy/backpacks/compat/TrinketsRegistry$1)
[13:11:44] [main/WARN]: Error loading class: io/github/apace100/apoli/power/KeepInventoryPower (java.lang.ClassNotFoundException: io/github/apace100/apoli/power/KeepInventoryPower)
[13:11:44] [main/WARN]: Error loading class: net/minecraft/class_465 (java.lang.ClassNotFoundException: net/minecraft/class_465)
[13:11:44] [main/WARN]: @Mixin target net.minecraft.class_465 was not found zenith.mixins.json:AbstractContainerScreenAccessor from mod zenith
[13:11:44] [main/WARN]: Error loading class: net/minecraft/class_332 (java.lang.ClassNotFoundException: net/minecraft/class_332)
[13:11:44] [main/WARN]: @Mixin target net.minecraft.class_332 was not found zenith.mixins.json:GuiGraphicsAccessor from mod zenith
[13:11:44] [main/WARN]: Error loading class: net/minecraft/class_8002 (java.lang.ClassNotFoundException: net/minecraft/class_8002)
[13:11:44] [main/WARN]: @Mixin target net.minecraft.class_8002 was not found zenith.mixins.json:TooltipRenderUtilAccessor from mod zenith
[13:11:44] [main/WARN]: Error loading class: dev/ftb/mods/ftbchunks/client/gui/LargeMapScreen (java.lang.ClassNotFoundException: dev/ftb/mods/ftbchunks/client/gui/LargeMapScreen)
[13:11:44] [main/WARN]: @Mixin target dev.ftb.mods.ftbchunks.client.gui.LargeMapScreen was not found create.mixins.json:compat.ftbchunks.LargeMapScreenAccessor from mod create
[13:11:44] [main/WARN]: Error loading class: dev/ftb/mods/ftbchunks/client/gui/RegionMapPanel (java.lang.ClassNotFoundException: dev/ftb/mods/ftbchunks/client/gui/RegionMapPanel)
[13:11:44] [main/WARN]: @Mixin target dev.ftb.mods.ftbchunks.client.gui.RegionMapPanel was not found create.mixins.json:compat.ftbchunks.RegionMapPanelAccessor from mod create
[13:11:45] [main/INFO]: Loaded local config
[13:11:45] [main/INFO]: Loaded server config
[13:11:46] [main/INFO]: Initializing MixinExtras via com.llamalad7.mixinextras.service.MixinExtrasServiceImpl(version=0.5.4).
[13:11:46] [main/WARN]: Method overwrite conflict for getLivingAttacker in bards_rpg.mixins.json:ArmiesMotivationMixin from mod bards_rpg, previously written by com.bard_rpg.mixin.ArmiesPaeonMixin. Skipping method.
[13:11:46] [main/WARN]: @ModifyVariable(@At("INVOKE")) Shift.BY=2 on accessories-fabric.mixins.json:LivingEntityMixin from mod accessories::localvar$zfj000$accessories$adjustLooting exceeds the maximum allowed value: 0. Increase the value of maxShiftBy to suppress this warning.
[13:11:47] [main/INFO]: Mixing common.MixinFriendlyByteBuf from mixins/common/nochatreports.mixins.json into net.minecraft.class_2540
[13:11:47] [main/INFO]: Renaming synthetic method lambda$onWriteJsonWithCodec$1(Ljava/lang/Object;Ljava/lang/String;)Lio/netty/handler/codec/EncoderException; to mde11b8e$nochatreports$lambda$onWriteJsonWithCodec$1$0 in mixins/common/nochatreports.mixins.json:common.MixinFriendlyByteBuf from mod nochatreports
[13:11:47] [main/INFO]: Renaming synthetic method lambda$onReadJsonWithCodec$0(Ljava/lang/String;)Lio/netty/handler/codec/DecoderException; to mde11b8e$nochatreports$lambda$onReadJsonWithCodec$0$1 in mixins/common/nochatreports.mixins.json:common.MixinFriendlyByteBuf from mod nochatreports
[13:11:47] [main/WARN]: @ModifyConstant conflict. Skipping xlpackets.mixins.json:PacketByteBufMixin from mod thiccpackets->@ModifyConstant::xlPackets(J)J with priority 1000, already redirected by packetfixer.v1_19_3.fabric.mixins.json:v1_19_3_fabric.FriendlyByteBufMixin from mod packetfixer->@ModifyConstant::packetfixer$readNbt$newSize(J)J with priority 1000
[13:11:47] [main/INFO]: Injecting BlockStateBase cache population hook into getNeighborPathNodeType from me.jellysquid.mods.lithium.mixin.ai.pathing.AbstractBlockStateMixin
[13:11:47] [main/INFO]: Injecting BlockStateBase cache population hook into getPathNodeType from me.jellysquid.mods.lithium.mixin.ai.pathing.AbstractBlockStateMixin
[13:11:47] [main/INFO]: Injecting BlockStateBase cache population hook into getAllFlags from me.jellysquid.mods.lithium.mixin.util.block_tracking.AbstractBlockStateMixin
[13:11:48] [main/WARN]: @Redirect conflict. Skipping mixins.redirected_fabric_1.20.1.json:net.minecraft.world.level.block.piston.PistonBaseBlockMixin from mod redirected->@Redirect::redirectDirections()[Lnet/minecraft/class_2350; with priority 10, already redirected by lithium.mixins.json:alloc.enum_values.piston_block.PistonBlockMixin from mod lithium->@Redirect::removeAllocation()[Lnet/minecraft/class_2350; with priority 1000
[13:11:48] [main/WARN]: @Redirect conflict. Skipping mixins.redirected_fabric_1.20.1.json:net.minecraft.world.level.block.piston.PistonBaseBlockMixin from mod redirected->@Redirect::redirectDirections()[Lnet/minecraft/class_2350; with priority 10, already redirected by lithium.mixins.json:alloc.enum_values.piston_block.PistonBlockMixin from mod lithium->@Redirect::removeAllocation()[Lnet/minecraft/class_2350; with priority 1000
[13:11:48] [main/WARN]: @Redirect conflict. Skipping mixins.redirected_fabric_1.20.1.json:net.minecraft.world.level.block.RedStoneWireBlockMixin from mod redirected->@Redirect::redirectDirections()[Lnet/minecraft/class_2350; with priority 10, already redirected by lithium.mixins.json:alloc.enum_values.redstone_wire.RedstoneWireBlockMixin from mod lithium->@Redirect::removeAllocation1()[Lnet/minecraft/class_2350; with priority 1000
[13:11:48] [main/WARN]: @Redirect conflict. Skipping mixins.redirected_fabric_1.20.1.json:net.minecraft.world.level.block.RedStoneWireBlockMixin from mod redirected->@Redirect::redirectDirections()[Lnet/minecraft/class_2350; with priority 10, already redirected by lithium.mixins.json:alloc.enum_values.redstone_wire.RedstoneWireBlockMixin from mod lithium->@Redirect::removeAllocation2()[Lnet/minecraft/class_2350; with priority 1000
[13:11:49] [main/INFO]: Instancing error handler class dev.isxander.debugify.mixinplugin.DebugifyErrorHandler
[13:11:49] [main/INFO]: Instancing error handler class com.illusivesoulworks.polymorph.mixin.IntegratedMixinPlugin
[13:11:49] [main/WARN]: Mixin apply for mod necronomicon failed necronomicon-common.mixins.json:item.AnimatedItemNameMixin from mod necronomicon -> net.minecraft.class_1799: org.spongepowered.asm.mixin.injection.throwables.InvalidInjectionException Critical injection failure: @Inject annotation on getName could not find any targets matching 'getHoverName' in net/minecraft/class_1799. No refMap loaded. [handler$fpp001$necronomicon$getName(Lorg/spongepowered/asm/mixin/injection/callback/CallbackInfoReturnable;)V -> Parse ->  -> Validate Targets]
org.spongepowered.asm.mixin.injection.throwables.InvalidInjectionException: Critical injection failure: @Inject annotation on getName could not find any targets matching 'getHoverName' in net/minecraft/class_1799. No refMap loaded. [handler$fpp001$necronomicon$getName(Lorg/spongepowered/asm/mixin/injection/callback/CallbackInfoReturnable;)V -> Parse ->  -> Validate Targets]
	at org.spongepowered.asm.mixin.injection.selectors.TargetSelectors.validate(TargetSelectors.java:346) ~[sponge-mixin-0.17.3+mixin.0.8.7.jar:0.17.3+mixin.0.8.7]
	at org.spongepowered.asm.mixin.injection.struct.InjectionInfo.readAnnotation(InjectionInfo.java:369) ~[sponge-mixin-0.17.3+mixin.0.8.7.jar:0.17.3+mixin.0.8.7]
	at org.spongepowered.asm.mixin.injection.struct.InjectionInfo.<init>(InjectionInfo.java:340) ~[sponge-mixin-0.17.3+mixin.0.8.7.jar:0.17.3+mixin.0.8.7]
	at org.spongepowered.asm.mixin.injection.struct.InjectionInfo.<init>(InjectionInfo.java:331) ~[sponge-mixin-0.17.3+mixin.0.8.7.jar:0.17.3+mixin.0.8.7]
	at org.spongepowered.asm.mixin.injection.struct.CallbackInjectionInfo.<init>(CallbackInjectionInfo.java:48) ~[sponge-mixin-0.17.3+mixin.0.8.7.jar:0.17.3+mixin.0.8.7]
	at jdk.internal.reflect.GeneratedConstructorAccessor39.newInstance(Unknown Source) ~[?:?]
	at jdk.internal.reflect.DelegatingConstructorAccessorImpl.newInstance(DelegatingConstructorAccessorImpl.java:45) ~[?:?]
	at java.lang.reflect.Constructor.newInstanceWithCaller(Constructor.java:500) ~[?:?]
	at java.lang.reflect.Constructor.newInstance(Constructor.java:481) ~[?:?]
	at org.spongepowered.asm.mixin.injection.struct.InjectionInfo$InjectorEntry.create(InjectionInfo.java:196) ~[sponge-mixin-0.17.3+mixin.0.8.7.jar:0.17.3+mixin.0.8.7]
	at org.spongepowered.asm.mixin.injection.struct.InjectionInfo.parse(InjectionInfo.java:664) ~[sponge-mixin-0.17.3+mixin.0.8.7.jar:0.17.3+mixin.0.8.7]
	at org.spongepowered.asm.mixin.transformer.MixinTargetContext.prepareInjections(MixinTargetContext.java:1386) ~[sponge-mixin-0.17.3+mixin.0.8.7.jar:0.17.3+mixin.0.8.7]
	at org.spongepowered.asm.mixin.transformer.MixinApplicatorStandard.prepareInjections(MixinApplicatorStandard.java:811) ~[sponge-mixin-0.17.3+mixin.0.8.7.jar:0.17.3+mixin.0.8.7]
	at org.spongepowered.asm.mixin.transformer.MixinApplicatorStandard.lambda$runApplicatorPass$3(MixinApplicatorStandard.java:323) ~[sponge-mixin-0.17.3+mixin.0.8.7.jar:0.17.3+mixin.0.8.7]
	at org.spongepowered.asm.mixin.transformer.MixinApplicatorStandard.processMixins(MixinApplicatorStandard.java:381) ~[sponge-mixin-0.17.3+mixin.0.8.7.jar:0.17.3+mixin.0.8.7]
	at org.spongepowered.asm.mixin.transformer.MixinApplicatorStandard.runApplicatorPass(MixinApplicatorStandard.java:320) ~[sponge-mixin-0.17.3+mixin.0.8.7.jar:0.17.3+mixin.0.8.7]
	at org.spongepowered.asm.mixin.transformer.MixinApplicatorStandard.apply(MixinApplicatorStandard.java:240) ~[sponge-mixin-0.17.3+mixin.0.8.7.jar:0.17.3+mixin.0.8.7]
	at org.spongepowered.asm.mixin.transformer.TargetClassContext.apply(TargetClassContext.java:437) ~[sponge-mixin-0.17.3+mixin.0.8.7.jar:0.17.3+mixin.0.8.7]
	at org.spongepowered.asm.mixin.transformer.TargetClassContext.applyMixins(TargetClassContext.java:418) ~[sponge-mixin-0.17.3+mixin.0.8.7.jar:0.17.3+mixin.0.8.7]
	at org.spongepowered.asm.mixin.transformer.MixinProcessor.applyMixins(MixinProcessor.java:351) ~[sponge-mixin-0.17.3+mixin.0.8.7.jar:0.17.3+mixin.0.8.7]
	at org.spongepowered.asm.mixin.transformer.MixinTransformer.transformClass(MixinTransformer.java:237) ~[sponge-mixin-0.17.3+mixin.0.8.7.jar:0.17.3+mixin.0.8.7]
	at org.spongepowered.asm.mixin.transformer.MixinTransformer.transformClassBytes(MixinTransformer.java:202) ~[sponge-mixin-0.17.3+mixin.0.8.7.jar:0.17.3+mixin.0.8.7]
	at net.fabricmc.loader.impl.launch.knot.KnotClassDelegate.getPostMixinClassByteArray(KnotClassDelegate.java:435) ~[fabric-loader-0.19.3.jar:?]
	at net.fabricmc.loader.impl.launch.knot.KnotClassDelegate.tryLoadClass(KnotClassDelegate.java:336) ~[fabric-loader-0.19.3.jar:?]
	at net.fabricmc.loader.impl.launch.knot.KnotClassDelegate.loadClass(KnotClassDelegate.java:231) ~[fabric-loader-0.19.3.jar:?]
	at net.fabricmc.loader.impl.launch.knot.KnotClassLoader.loadClass(KnotClassLoader.java:119) ~[fabric-loader-0.19.3.jar:?]
	at java.lang.ClassLoader.loadClass(ClassLoader.java:525) ~[?:?]
	at net.minecraft.class_5620.method_32211(class_5620.java:39) ~[server-intermediary.jar:?]
	at net.minecraft.class_156.method_654(class_156.java:436) ~[server-intermediary.jar:?]
	at net.minecraft.class_5620.method_32206(class_5620.java:39) ~[server-intermediary.jar:?]
	at net.minecraft.class_5620.<clinit>(class_5620.java:33) ~[server-intermediary.jar:?]
	at net.minecraft.class_5546.<init>(class_5546.java:17) ~[server-intermediary.jar:?]
	at net.minecraft.class_2246.<clinit>(class_2246.java:477) ~[server-intermediary.jar:?]
	at net.minecraft.class_2358.method_10199(class_2358.java:326) ~[server-intermediary.jar:?]
	at net.minecraft.class_2966.method_12851(class_2966.java:54) ~[server-intermediary.jar:?]
	at net.minecraft.server.Main.main(Main.java:109) ~[server-intermediary.jar:?]
	at net.fabricmc.loader.impl.game.minecraft.MinecraftGameProvider.launch(MinecraftGameProvider.java:514) ~[fabric-loader-0.19.3.jar:?]
	at net.fabricmc.loader.impl.launch.knot.Knot.launch(Knot.java:72) ~[fabric-loader-0.19.3.jar:?]
	at net.fabricmc.loader.impl.launch.knot.KnotServer.main(KnotServer.java:23) ~[fabric-loader-0.19.3.jar:?]
	at net.fabricmc.loader.impl.launch.server.FabricServerLauncher.main(FabricServerLauncher.java:69) ~[fabric-loader-0.19.3.jar:?]
	at net.fabricmc.installer.ServerLauncher.main(ServerLauncher.java:69) ~[fabric-server-launcher.jar:1.1.2]
[13:11:49] [main/WARN]: Method overwrite conflict for method_7844 in ranged_weapon_api.mixins.json:item.RangedWeaponItemMixin from mod ranged_weapon_api, previously written by net.projectile_damage.mixin.RangedWeaponItemMixin. Skipping method.
[13:11:49] [main/WARN]: Injection warning: LVT in net/minecraft/class_1774::method_7884(Lnet/minecraft/class_1838;)Lnet/minecraft/class_1269; has incompatible changes at opcode 124 in callback dragonfight.mixins.json:dragon.EndCrystalItemMixin from mod dragonfight->@Inject::onAddCrystal(Lnet/minecraft/class_1838;Lorg/spongepowered/asm/mixin/injection/callback/CallbackInfoReturnable;Lnet/minecraft/class_1937;Lnet/minecraft/class_2338;Lnet/minecraft/class_2680;Lnet/minecraft/class_2338;DDDLjava/util/List;Lnet/minecraft/class_1511;)V.
 Expected: [Lnet/minecraft/class_1937;, Lnet/minecraft/class_2338;, Lnet/minecraft/class_2680;, Lnet/minecraft/class_2338;, D, D, D, Ljava/util/List;, Lnet/minecraft/class_1511;]
    Found: [Lnet/minecraft/class_1937;, Lnet/minecraft/class_2338;, Lnet/minecraft/class_2338;, D, D, D, Lnet/minecraft/class_1511;]
Available: [Lnet/minecraft/class_1937;, Lnet/minecraft/class_2338;, Lnet/minecraft/class_2338;, D, D, D, Lnet/minecraft/class_1511;]
[13:11:50] [main/INFO]: Mixing server.MixinServerGamePacketListenerImpl from mixins/common/nochatreports.mixins.json into net.minecraft.class_3244
[13:11:50] [main/WARN]: @ModifyConstant conflict. Skipping packetfixer.v1_19_3.fabric.mixins.json:v1_19_3_fabric.ServerGamePacketListenerImplMixin from mod packetfixer->@ModifyConstant::packetfixer$tick$1(J)J with priority 1000, already redirected by connectivity.mixins.json:ServerPlayNetHandlerMixin from mod connectivity->@ModifyConstant::playTimeout(J)J with priority 1001
[13:11:50] [main/WARN]: @Inject(@At("INVOKE")) Shift.BY=2 on accessories-common.mixins.json:NbtCompoundMixin from mod accessories::handler$zgf000$accessories$adjustCheckForListVariants exceeds the maximum allowed value: 0. Increase the value of maxShiftBy to suppress this warning.
[13:11:50] [main/INFO]: [Kibe] Creating Trinket AbilityRing for minecraft:mayfly
[13:11:50] [main/INFO]: [Kibe] Creating Trinket AbilityRing for kibe:magma_ability
[13:11:50] [main/INFO]: [Kibe] Creating Trinket AbilityRing for kibe:water_ability
[13:11:50] [main/INFO]: [Kibe] Trying to read config file...
[13:11:50] [main/INFO]: [Kibe] A config file was found, loading it..
[13:11:50] [main/INFO]: [Kibe] Successfully loaded config file.
[13:11:51] [main/WARN]: Static binding violation: PRIVATE @Overwrite method method_21740 in modernfix-common.mixins.json:perf.remove_biome_temperature_cache.BiomeMixin from mod modernfix cannot reduce visibiliy of PUBLIC target method, visibility will be upgraded.
[13:11:51] [main/WARN]: Method overwrite conflict for method_21740 in modernfix-common.mixins.json:perf.remove_biome_temperature_cache.BiomeMixin from mod modernfix, previously written by me.jellysquid.mods.lithium.mixin.world.temperature_cache.BiomeMixin. Skipping method.
[13:11:52] [main/INFO]: Vanilla bootstrap took 4644 milliseconds
[13:11:52] [main/INFO]: [bclib] Added Config betternether.main to auto sync (file hash)
[13:11:52] [main/INFO]: [bclib] Added Config betternether.generator to auto sync (file hash)
[13:11:52] [main/INFO]: [bclib] Added Config betternether.blocks to auto sync (file hash)
[13:11:52] [main/INFO]: [bclib] Added Config betternether.items to auto sync (file hash)
[13:11:52] [main/INFO]: [bclib] Added Config betternether.biomes to auto sync (file hash)
[13:11:52] [main/INFO]: [bclib] Added Config betternether.mobs to auto sync (file hash)
[13:11:52] [main/INFO]: [bclib] Added Config betternether.recipes to auto sync (file hash)
[13:11:52] [main/WARN]: [bclib] Recipe betternether:bone_block_bone_button only takes in a single item and should be shapeless
[13:11:52] [main/ERROR]: Entity eldritch_end:ominous_eye has no attributes
[13:11:52] [main/ERROR]: Entity eldritch_end:aberration has no attributes
[13:11:52] [main/ERROR]: Entity eldritch_end:tentacle has no attributes
[13:11:52] [main/ERROR]: Entity eldritch_end:undead_tentacle has no attributes
[13:11:52] [main/ERROR]: Entity eldritch_end:dendler has no attributes
[13:11:52] [main/ERROR]: Entity eldritch_end:the_faceless has no attributes
[13:11:52] [main/INFO]: Registering C2S receiver with id aaa_particles:main/2b101225a0983c178c43c737d76def52
[13:11:52] [main/INFO]: Registering C2S receiver with id aaa_particles:main/878ba3ad853235668eff51eb0a40c900
[13:11:52] [main/INFO]: Registering C2S receiver with id aaa_particles:main/878ba3ad853235668eff51eb0a40c900
[13:11:52] [main/INFO]: Registering C2S receiver with id aaa_particles:main/9b5bc39f00d53db2acf81d859b596583
[13:11:52] [main/INFO]: Registered Trinkets Reloaded Listeners
[13:11:54] [main/INFO]: Initializing platform helper for Advanced Netherite!
[13:11:54] [main/WARN]: @ModifyConstant conflict. Skipping packetfixer.v1_19_3.fabric.mixins.json:v1_19_3_fabric.ServerLoginPacketListenerImplMixin from mod packetfixer->@ModifyConstant::packetfixer$tick(I)I with priority 1000, already redirected by connectivity.mixins.json:ServerLoginNetHandlerMixin from mod connectivity->@ModifyConstant::loginTimeout(I)I with priority 1001
[13:11:54] [main/INFO]: [AllTheTrims] Config loaded
[13:11:54] [main/INFO]: Loaded config amendments-common.json
[13:11:54] [main/INFO]: [Animal Feeding Trough] Load Complete! Enjoy :D
[13:11:54] [main/INFO]: Registering Mod Items for archers_expansion
[13:11:54] [main/INFO]: Registering Item Groups for archers_expansion
[13:11:54] [main/INFO]: Registering C2S receiver with id artifacts:networking_channel/42a7ad70b1cc371599a0eff744096b8a
[13:11:54] [main/INFO]: Registering C2S receiver with id artifacts:networking_channel/74a5e841822a3a87854ae896a33430d6
[13:11:54] [main/INFO]: Registering C2S receiver with id artifacts:networking_channel/eb3d1e2748533430848cadf0f37c7e9c
[13:11:54] [main/INFO]: Registering C2S receiver with id artifacts:networking_channel/91c8520f19f93b3e8b6a727568e194ab
[13:11:54] [main/INFO]: Registering C2S receiver with id artifacts:networking_channel/8c2784d778293fd482ed84b8aa5fedb9
[13:11:54] [main/INFO]: Registering C2S receiver with id artifacts:networking_channel/ea038224ea783d40b2863f52239e2604
[13:11:54] [main/INFO]: Registering C2S receiver with id artifacts:networking_channel/97ad64b7ecaf33209991c4f031501a58
[13:11:54] [main/INFO]: Registered azurelib config for auto-sync function
[13:11:54] [main/INFO]: Mod proxy balm:permissions resolved as net.blay09.mods.balm.fabric.compat.FabricPermissionsAPIIntegration@99d012a
[13:11:55] [main/INFO]: Constructing common components for barteringstation:main
[13:11:55] [main/INFO]: Better Compatibility Checker starting
[13:11:55] [main/INFO]: Loading config file
[13:11:55] [main/INFO]: Config file loaded
[13:11:55] [main/INFO]: [bclib] Added Config bclib.generator to auto sync (file hash)
[13:11:55] [main/INFO]: [bclib] Added Config bclib.main to auto sync (content diff)
[13:11:55] [main/INFO]: [bclib] Added Config bclib.biomes to auto sync (file hash)
[13:11:55] [main/INFO]: Better Archeology says Hello
[13:11:55] [main/INFO]: Registering Items from betterarcheology
[13:11:55] [main/INFO]: Registering Blocks from betterarcheology
[13:11:55] [main/INFO]: ModEntityTypes of betterarcheology registered.
[13:11:55] [main/INFO]: Registering JEI Recipe Serializers for betterarcheology
[13:11:55] [main/INFO]: Registering Enchantments for betterarcheology
[13:11:55] [main/WARN]: @ModifyConstant conflict. Skipping xlpackets.mixins.json:ClientboundCustomPayloadPacketMixin from mod thiccpackets->@ModifyConstant::xlPackets(I)I with priority 1000, already redirected by packetfixer.v1_19_3.fabric.mixins.json:v1_19_3_fabric.ClientboundCustomPayloadPacketMixin from mod packetfixer->@ModifyConstant::packetfixer$newSize(I)I with priority 1000
[13:11:55] [main/WARN]: @ModifyConstant conflict. Skipping xlpackets.mixins.json:ClientboundCustomPayloadPacketMixin from mod thiccpackets->@ModifyConstant::xlPackets(I)I with priority 1000, already redirected by packetfixer.v1_19_3.fabric.mixins.json:v1_19_3_fabric.ClientboundCustomPayloadPacketMixin from mod packetfixer->@ModifyConstant::packetfixer$newSize(I)I with priority 1000
[13:11:55] [main/WARN]: @ModifyConstant conflict. Skipping connectivity.mixins.json:ClientboundCustomPayloadPacketMixin from mod connectivity->@ModifyConstant::modifyLimit(I)I with priority 1, already redirected by packetfixer.v1_19_3.fabric.mixins.json:v1_19_3_fabric.ClientboundCustomPayloadPacketMixin from mod packetfixer->@ModifyConstant::packetfixer$newSize(I)I with priority 1000
[13:11:55] [main/INFO]: Reflections took 39 ms to scan 1 urls, producing 1 keys and 2 values
[13:11:55] [main/INFO]: Reflections took 2 ms to scan 1 urls, producing 1 keys and 2 values
[13:11:55] [main/INFO]: Reflections took 1 ms to scan 1 urls, producing 1 keys and 3 values
[13:11:55] [main/INFO]: Reflections took 1 ms to scan 1 urls, producing 1 keys and 3 values
[13:11:55] [main/INFO]: [bclib] Added Config betterend.entities to auto sync (file hash)
[13:11:55] [main/INFO]: [bclib] Added Config betterend.blocks to auto sync (file hash)
[13:11:55] [main/INFO]: [bclib] Added Config betterend.items to auto sync (file hash)
[13:11:55] [main/INFO]: [bclib] Added Config betterend.biomes to auto sync (file hash)
[13:11:55] [main/INFO]: [bclib] Added Config betterend.recipes to auto sync (file hash)
[13:11:55] [main/INFO]: [bclib] Added Config betterend.enchantments to auto sync (file hash)
[13:11:55] [main/INFO]: Hello Fabric world!
[13:11:55] [main/INFO]: Reflections took 0 ms to scan 1 urls, producing 1 keys and 2 values
[13:11:55] [main/INFO]: Reflections took 1 ms to scan 1 urls, producing 1 keys and 2 values
[13:11:55] [main/INFO]: Reflections took 1 ms to scan 1 urls, producing 1 keys and 1 values
[13:11:55] [main/INFO]: Reflections took 1 ms to scan 1 urls, producing 1 keys and 1 values
[13:11:55] [main/INFO]: Reflections took 1 ms to scan 1 urls, producing 1 keys and 3 values
[13:11:55] [main/INFO]: Reflections took 1 ms to scan 1 urls, producing 1 keys and 3 values
[13:11:55] [main/INFO]: Reflections took 0 ms to scan 1 urls, producing 1 keys and 2 values
[13:11:55] [main/INFO]: Reflections took 1 ms to scan 1 urls, producing 1 keys and 2 values
[13:11:55] [main/INFO]: [betternether] =^..^=    BetterNether for 1.20    =^..^=
[13:11:55] [main/WARN]: @Redirect conflict. Skipping mixins.redirected_fabric_1.20.1.json:net.minecraft.world.level.block.state.CacheMixin from mod redirected->@Redirect::redirectSupportTypes()[Lnet/minecraft/class_5431; with priority 10, already redirected by modernfix-common.mixins.json:perf.cache_blockstate_cache_arrays.AbstractBlockStateCacheMixin from mod modernfix->@Redirect::getVoxelShapeValues()[Lnet/minecraft/class_5431; with priority 1000
[13:11:56] [main/INFO]: Reflections took 1 ms to scan 1 urls, producing 1 keys and 1 values
[13:11:56] [main/INFO]: Reflections took 1 ms to scan 1 urls, producing 1 keys and 1 values
[13:11:56] [main/INFO]: Reflections took 1 ms to scan 1 urls, producing 1 keys and 1 values
[13:11:56] [main/INFO]: Reflections took 1 ms to scan 1 urls, producing 1 keys and 1 values
[13:11:56] [main/INFO]: Biolith is initializing...
[13:11:56] [main/INFO]: Enabling Biolith's TerraBlender compatibility layer.
[13:11:56] [main/INFO]: BoatBreakFix initialized
[13:11:56] [main/INFO]: Fixing MC-151457. Crafting remainder for minecraft:pufferfish_bucket is now minecraft:bucket.
[13:11:56] [main/INFO]: Fixing MC-151457. Crafting remainder for minecraft:salmon_bucket is now minecraft:bucket.
[13:11:56] [main/INFO]: Fixing MC-151457. Crafting remainder for minecraft:cod_bucket is now minecraft:bucket.
[13:11:56] [main/INFO]: Fixing MC-151457. Crafting remainder for minecraft:tropical_fish_bucket is now minecraft:bucket.
[13:11:56] [main/INFO]: Fixing MC-151457. Crafting remainder for minecraft:axolotl_bucket is now minecraft:bucket.
[13:11:56] [main/INFO]: Fixing MC-151457. Crafting remainder for minecraft:powder_snow_bucket is now minecraft:bucket.
[13:11:56] [main/INFO]: Fixing MC-151457. Crafting remainder for minecraft:tadpole_bucket is now minecraft:bucket.
[13:11:56] [main/INFO]: Registering C2S receiver with id brewery:alcohol_sync_request
[13:11:56] [main/INFO]: Registering C2S receiver with id brewery:drink_alcohol
[13:11:56] [main/INFO]: [STDOUT]: All 10 have been set properly
[13:11:57] [main/INFO]: Loading Collective version 8.42.
[13:11:57] [main/INFO]: File exists, reading config for elocindev.combat_effects.config.entries.MainConfig.
[13:11:57] [main/INFO]: Config for elocindev.combat_effects.config.entries.MainConfig read successfully.
[13:11:57] [main/INFO]: Initialized entity types.
[13:11:57] [main/INFO]: Connectivity initialized
[13:11:57] [Cicada thread 0/INFO]: '@enjarai why did you name the food chest "stuff to keep away from africa"'
[13:11:57] [main/INFO]: fabric loader environment detected
[13:11:57] [main/INFO]: Create 6.0.8.1 initializing!
[13:11:58] [main/INFO]: Hello 1.20.1 Create!
[13:11:58] [main/WARN]: dev/engine_room/flywheel/lib/model/baked/PartialModel
[13:11:58] [main/INFO]: File exists, reading config for elocindev.create_questing.fabric.config.ConfigEntries.
[13:11:58] [main/INFO]: Config for elocindev.create_questing.fabric.config.ConfigEntries read successfully.
[13:11:59] [main/INFO]: Loaded Create Questing Config
[13:11:59] [main/WARN]: Tried to register an overly high cookTime: 57600 > 32767! (air)
[13:11:59] [main/INFO]: [STDOUT]: Create Crafts & Additions Initialized!
[13:11:59] [main/INFO]: Creating default config file: croptopia_v3.conf
[13:11:59] [main/INFO]: Loaded config for: cupboard.json
[13:11:59] [main/INFO]: File exists, reading config for elocindev.customentityattributes.config.CEABasicConfig.
[13:11:59] [main/INFO]: Config for elocindev.customentityattributes.config.CEABasicConfig read successfully.
[13:11:59] [main/INFO]: File exists, reading config for elocindev.customentityattributes.config.CEAAdvancedConfig.
[13:11:59] [main/INFO]: Config for elocindev.customentityattributes.config.CEAAdvancedConfig read successfully.
[13:11:59] [main/INFO]: File exists, reading config for elocindev.customitemattributes.config.CIAConfig.
[13:11:59] [main/INFO]: Config for elocindev.customitemattributes.config.CIAConfig read successfully.
[13:11:59] [main/INFO]: Initializing Cynosure
[13:11:59] [main/INFO]: File exists, reading config for elocindev.deathknights.config.entries.enchants.DecayingEnchantConfig.
[13:11:59] [main/INFO]: Config for elocindev.deathknights.config.entries.enchants.DecayingEnchantConfig read successfully.
[13:11:59] [main/INFO]: File exists, reading config for elocindev.deathknights.config.entries.loot.JewelryLootConfig.
[13:11:59] [main/INFO]: Config for elocindev.deathknights.config.entries.loot.JewelryLootConfig read successfully.
[13:11:59] [main/INFO]: File exists, reading config for elocindev.deathknights.config.entries.spells.frost.ObliterateConfig.
[13:11:59] [main/INFO]: Config for elocindev.deathknights.config.entries.spells.frost.ObliterateConfig read successfully.
[13:11:59] [main/INFO]: File exists, reading config for elocindev.deathknights.config.entries.spells.frost.RemorselessWinterConfig.
[13:11:59] [main/INFO]: Config for elocindev.deathknights.config.entries.spells.frost.RemorselessWinterConfig read successfully.
[13:11:59] [main/INFO]: File exists, reading config for elocindev.deathknights.config.entries.spells.frost.BreathOfAgonyConfig.
[13:11:59] [main/INFO]: Config for elocindev.deathknights.config.entries.spells.frost.BreathOfAgonyConfig read successfully.
[13:11:59] [main/INFO]: File exists, reading config for elocindev.deathknights.config.entries.spells.unholy.PlaguesConfig.
[13:11:59] [main/INFO]: Config for elocindev.deathknights.config.entries.spells.unholy.PlaguesConfig read successfully.
[13:11:59] [main/INFO]: File exists, reading config for elocindev.deathknights.config.entries.spells.unholy.DeathCoilConfig.
[13:11:59] [main/INFO]: Config for elocindev.deathknights.config.entries.spells.unholy.DeathCoilConfig read successfully.
[13:11:59] [main/INFO]: File exists, reading config for elocindev.deathknights.config.entries.spells.unholy.EpidemicConfig.
[13:11:59] [main/INFO]: Config for elocindev.deathknights.config.entries.spells.unholy.EpidemicConfig read successfully.
[13:11:59] [main/INFO]: File exists, reading config for elocindev.deathknights.config.entries.spells.unholy.DeathGripConfig.
[13:11:59] [main/INFO]: Config for elocindev.deathknights.config.entries.spells.unholy.DeathGripConfig read successfully.
[13:11:59] [main/INFO]: File exists, reading config for elocindev.deathknights.config.entries.spells.blood.DeathStrikeConfig.
[13:11:59] [main/INFO]: Config for elocindev.deathknights.config.entries.spells.blood.DeathStrikeConfig read successfully.
[13:11:59] [main/INFO]: File exists, reading config for elocindev.deathknights.config.entries.spells.blood.MarrowrendConfig.
[13:11:59] [main/INFO]: Config for elocindev.deathknights.config.entries.spells.blood.MarrowrendConfig read successfully.
[13:11:59] [main/INFO]: File exists, reading config for elocindev.deathknights.config.entries.spells.blood.BloodBoilConfig.
[13:11:59] [main/INFO]: Config for elocindev.deathknights.config.entries.spells.blood.BloodBoilConfig read successfully.
[13:11:59] [main/INFO]: File exists, reading config for elocindev.deathknights.config.entries.spells.blood.BloodThirstConfig.
[13:11:59] [main/INFO]: Config for elocindev.deathknights.config.entries.spells.blood.BloodThirstConfig read successfully.
[13:11:59] [main/INFO]: Death Knights Config Loaded!
[13:11:59] [main/INFO]: Death Knights Initialized!
[13:11:59] [main/INFO]: Saving config because the loaded bug fixes are different to stored json.
[13:11:59] [main/INFO]: Saving Debugify
[13:11:59] [main/INFO]: Enabled 2 bug fixes: [MC-89146, MC-199467]
[13:11:59] [main/INFO]: Successfully Debugify'd your game!
[13:11:59] [main/INFO]: Bypassed Mojang DFU
[13:11:59] [main/INFO]: Instantiating Mojang DFU
[13:12:00] [main/ERROR]: No data fixer registered for crystallized_amber
[13:12:00] [main/ERROR]: No data fixer registered for sculk_jaw
[13:12:00] [main/INFO]: Derelict initializing
[13:12:00] [main/INFO]: Loaded DEUF Refabricated Config
[13:12:00] [main/INFO]: Loaded config dummmmmmy-common.json
[13:12:00] [main/WARN]: Lithium detected. MmmMmmMmmMmm scarecrow mode might not work well due to a lithium bug (the mod doesnt have a way to add goals to new entities)
[13:12:00] [main/INFO]: File exists, reading config for elocindev.eldritch_end.config.entries.biomes.PrimordialAbyssConfig.
[13:12:00] [main/INFO]: Config for elocindev.eldritch_end.config.entries.biomes.PrimordialAbyssConfig read successfully.
[13:12:00] [main/INFO]: File exists, reading config for elocindev.eldritch_end.config.entries.biomes.HasturianWastesConfig.
[13:12:00] [main/INFO]: Config for elocindev.eldritch_end.config.entries.biomes.HasturianWastesConfig read successfully.
[13:12:00] [main/INFO]: File exists, reading config for elocindev.eldritch_end.config.entries.entities.AberrationConfig.
[13:12:00] [main/INFO]: Config for elocindev.eldritch_end.config.entries.entities.AberrationConfig read successfully.
[13:12:00] [main/INFO]: File exists, reading config for elocindev.eldritch_end.config.entries.entities.TentacleConfig.
[13:12:00] [main/INFO]: Config for elocindev.eldritch_end.config.entries.entities.TentacleConfig read successfully.
[13:12:00] [main/INFO]: File exists, reading config for elocindev.eldritch_end.config.entries.entities.DendlerConfig.
[13:12:00] [main/INFO]: Config for elocindev.eldritch_end.config.entries.entities.DendlerConfig read successfully.
[13:12:00] [main/INFO]: File exists, reading config for elocindev.eldritch_end.config.entries.entities.boss.FacelessConfig.
[13:12:00] [main/INFO]: Config for elocindev.eldritch_end.config.entries.entities.boss.FacelessConfig read successfully.
[13:12:00] [main/INFO]: File exists, reading config for elocindev.eldritch_end.config.entries.entities.boss.HasturConfig.
[13:12:00] [main/INFO]: Config for elocindev.eldritch_end.config.entries.entities.boss.HasturConfig read successfully.
[13:12:00] [main/INFO]: File exists, reading config for elocindev.eldritch_end.config.entries.entities.boss.EyeConfig.
[13:12:00] [main/INFO]: Config for elocindev.eldritch_end.config.entries.entities.boss.EyeConfig read successfully.
[13:12:00] [main/INFO]: File exists, reading config for elocindev.eldritch_end.config.entries.mechanics.CorruptionConfig.
[13:12:00] [main/INFO]: Config for elocindev.eldritch_end.config.entries.mechanics.CorruptionConfig read successfully.
[13:12:00] [main/INFO]: File exists, reading config for elocindev.eldritch_end.config.entries.mechanics.InfusionConfig.
[13:12:00] [main/INFO]: Config for elocindev.eldritch_end.config.entries.mechanics.InfusionConfig read successfully.
[13:12:00] [main/INFO]: File exists, reading config for elocindev.eldritch_end.config.entries.item.XalConfig.
[13:12:00] [main/INFO]: Config for elocindev.eldritch_end.config.entries.item.XalConfig read successfully.
[13:12:00] [main/INFO]: Eldritch End's Config Loaded!
[13:12:00] [main/INFO]: Registered Eldritch End items
[13:12:00] [main/INFO]: Loaded config :emi_loot_config in 288ms
[13:12:01] [main/INFO]: Registering Item Group for ends_delight
[13:12:01] [main/INFO]: Registering Mod Blocks for ends_delight
[13:12:01] [main/INFO]: Registering Mod Features for ends_delight
[13:12:01] [main/INFO]: Injecting Estrogen into your veins!
[13:12:01] [main/INFO]: ExpandAbility here, who dis?
[13:12:01] [main/INFO]: Hello Fabric world!
[13:12:01] [main/INFO]: Look at the cleanse, look at the moves!
[13:12:01] [Placebo (FakerLib) Patreon Wing Loader/INFO]: Loading patreon wing data...
[13:12:01] [Placebo (FakerLib) Patreon Trail Loader/INFO]: Loading patreon trails data...
[13:12:01] [main/INFO]: File exists, reading config for elocindev.fancy_hotbar.config.FancyHotbarConfig.
[13:12:01] [main/INFO]: Config for elocindev.fancy_hotbar.config.FancyHotbarConfig read successfully.
[13:12:01] [Placebo (FakerLib) Patreon Wing Loader/INFO]: Loaded 25 patreon wings.
[13:12:01] [Placebo (FakerLib) Patreon Trail Loader/INFO]: Loaded 33 patreon trails.
[13:12:01] [main/INFO]: Farmer's Knives loaded!
[13:12:01] [main/INFO]: Registering Mod Items for forcemaster_rpg
[13:12:01] [main/INFO]: Registering Item Groups for forcemaster_rpg
[13:12:01] [main/INFO]: Registering C2S receiver with id ftblibrary:edit_nbt_response
[13:12:01] [main/INFO]: Registering C2S receiver with id ftbquests:submit_task
[13:12:01] [main/INFO]: Registering C2S receiver with id ftbquests:claim_reward
[13:12:01] [main/INFO]: Registering C2S receiver with id ftbquests:get_emergency_items
[13:12:01] [main/INFO]: Registering C2S receiver with id ftbquests:claim_all_rewards
[13:12:01] [main/INFO]: Registering C2S receiver with id ftbquests:claim_choice_reward
[13:12:01] [main/INFO]: Registering C2S receiver with id ftbquests:toggle_pinned
[13:12:01] [main/INFO]: Registering C2S receiver with id ftbquests:toggle_chapter_pinned
[13:12:01] [main/INFO]: Registering C2S receiver with id ftbquests:toggle_editing_mode
[13:12:01] [main/INFO]: Registering C2S receiver with id ftbquests:force_save
[13:12:01] [main/INFO]: Registering C2S receiver with id ftbquests:set_custom_image
[13:12:01] [main/INFO]: Registering C2S receiver with id ftbquests:task_screen_config_resp
[13:12:01] [main/INFO]: Registering C2S receiver with id ftbquests:give_item_to_player
[13:12:01] [main/INFO]: Registering C2S receiver with id ftbquests:reorder_item
[13:12:01] [main/INFO]: Registering C2S receiver with id ftbquests:change_progress
[13:12:01] [main/INFO]: Registering C2S receiver with id ftbquests:create_object
[13:12:01] [main/INFO]: Registering C2S receiver with id ftbquests:create_task_at
[13:12:01] [main/INFO]: Registering C2S receiver with id ftbquests:delete_object
[13:12:01] [main/INFO]: Registering C2S receiver with id ftbquests:edit_object
[13:12:01] [main/INFO]: Registering C2S receiver with id ftbquests:move_chapter
[13:12:01] [main/INFO]: Registering C2S receiver with id ftbquests:move_quest
[13:12:01] [main/INFO]: Registering C2S receiver with id ftbquests:change_chapter_group
[13:12:01] [main/INFO]: Registering C2S receiver with id ftbquests:move_chapter_group
[13:12:01] [main/INFO]: Registering C2S receiver with id ftbquests:copy_quest
[13:12:01] [main/INFO]: Registering C2S receiver with id ftbquests:copy_chapter_image
[13:12:01] [main/INFO]: Registering C2S receiver with id ftbquests:sync_structures_request
[13:12:01] [main/INFO]: Registering C2S receiver with id ftbquests:request_team_data
[13:12:01] [main/INFO]: Registering C2S receiver with id ftbteams:open_gui
[13:12:01] [main/INFO]: Registering C2S receiver with id ftbteams:update_settings
[13:12:01] [main/INFO]: Registering C2S receiver with id ftbteams:send_message
[13:12:01] [main/INFO]: Registering C2S receiver with id ftbteams:create_party
[13:12:01] [main/INFO]: Registering C2S receiver with id ftbteams:player_gui_operation
[13:12:01] [main/INFO]: Is initializing.
[13:12:01] [main/INFO]: Has successfully been initialized.
[13:12:01] [main/INFO]: Initializing Gimm1q - Mim1q's Fabric modding library!
[13:12:01] [main/WARN]: Method overwrite conflict for getRolls in emi_loot.mixins.json:LootPoolAccessor from mod emi_loot, previously written by net.fabricmc.fabric.mixin.loot.table.LootPoolMixin. Skipping method.
[13:12:02] [main/INFO]: Registered JSON trade offer adapter.
[13:12:02] [main/INFO]: Gun Scaling loaded. Gun Scaling Factor: 0.85, Potato Scaling: 2.5, MatterCannon Scaling: 4.0
[13:12:02] [main/INFO]: Hello Fabric world!
[13:12:02] [main/INFO]: File exists, reading config for elocindev.item_obliterator.fabric_quilt.config.ConfigEntries.
[13:12:02] [main/INFO]: Config for elocindev.item_obliterator.fabric_quilt.config.ConfigEntries read successfully.
[13:12:02] [main/INFO]: Item Obliterator Config Loaded
[13:12:02] [main/INFO]: Registering C2S receiver with id itemfilters:main/14e7fa1454283aec8ae811ef844ada28
[13:12:02] [main/INFO]: Registering C2S receiver with id itemfilters:main/8f6a899247753217b9d86ab427a2b279
[13:12:02] [main/INFO]: Initializing JamLib on Fabric
[13:12:02] [main/INFO]: [KONKRETE] Successfully initialized!
[13:12:02] [main/INFO]: [KONKRETE] Server-side libs ready to use!
[13:12:02] [main/INFO]: Constructing common components for leavesbegone:main
[13:12:02] [main/INFO]: Constructing common components for magnumtorch:main
[13:12:02] [main/INFO]: Registering Blocks for mcda
[13:12:03] [main/INFO]: [MELODY] Disabling Melody since it's loaded server-side.
[13:12:03] [main/INFO]: Loaded config for: memorysettings.json
[13:12:03] [main/INFO]: Definitely not up to no good
[13:12:03] [main/INFO]: [STDOUT]: All 13 have been set properly
[13:12:03] [main/INFO]: Registered mobs_of_mythology config for auto-sync function
[13:12:03] [main/INFO]: Modern Industrialization setup done!
[13:12:03] [main/INFO]: [STDOUT]: found type, is TWO
[13:12:03] [main/INFO]: [STDOUT]: [Modpack Update Checker] Loaded configuration file.
[13:12:03] [main/INFO]: Loaded config moonlight-common.json
[13:12:03] [main/INFO]: [Mythic Charms] Initializing...
[13:12:03] [main/INFO]: Registering Mod Items for more_rpg_classes
[13:12:03] [main/INFO]: Registering Item Groups for more_rpg_classes
[13:12:03] [main/INFO]: Giving mobs a fresh coat of paint...
[13:12:03] [main/INFO]: Mutant Skeleton Armor Tweaks loaded successfully!
[13:12:03] [main/INFO]: Constructing common components for mutantmonsters:main
[13:12:03] [main/INFO]: Loading common config for mutantmonsters
[13:12:03] [Thread-10/INFO]: Reloading common config for mutantmonsters
[13:12:03] [Thread-10/INFO]: Reloading common config for mutantmonsters
[13:12:03] [main/INFO]: Registering Mythic Items for mythicupgrades
[13:12:03] [main/INFO]: Registering Mythic Blocks for mythicupgrades
[13:12:03] [main/INFO]: Registering resource pack 32x...
[13:12:03] [main/INFO]: Successfully registered resource pack 32x.
[13:12:03] [main/INFO]: Mythic Upgrades works properly! CAN, ANNENE SELAMLAR KARDESIM! <3
[13:12:03] [main/INFO]: Chase your dreams, no matter the cost. Don't wait for invitations, take action. Making a decision, starting something - that's half the battle of achieving success.
[13:12:04] [main/INFO]: Necronomicon Initialized
[13:12:04] [main/INFO]: File exists, reading config for elocindev.necronomicon.NecronomiconConfig.
[13:12:04] [main/INFO]: Config for elocindev.necronomicon.NecronomiconConfig read successfully.
[13:12:04] [main/INFO]: New Blåhaj common setup
[13:12:04] [main/INFO]: KONNICHIWA ZA WARUDO!
[13:12:04] [main/INFO]: Default JVM text encoding is: UTF-8
[13:12:04] [main/INFO]: Reading config file NoChatReports/NCR-Common.json...
[13:12:04] [main/INFO]: Writing config file NoChatReports/NCR-Common.json...
[13:12:04] [main/INFO]: File exists, reading config for elocindev.offhandtickfix.config.entries.OffHandTickFixConfig.
[13:12:04] [main/INFO]: Config for elocindev.offhandtickfix.config.entries.OffHandTickFixConfig read successfully.
[13:12:04] [main/INFO]: [STDOUT]: All 20 have been set properly
[13:12:04] [main/INFO]: Mixing server.MixinPlayerList from mixins/common/nochatreports.mixins.json into net.minecraft.class_3324
[13:12:04] [main/INFO]: Initializing OPAC Fixes! AVAILABLE: true
[13:12:04] [main/INFO]: File exists, reading config for elocindev.opacpvp.config.entries.OpacPvPConfig.
[13:12:04] [main/INFO]: Config for elocindev.opacpvp.config.entries.OpacPvPConfig read successfully.
[13:12:04] [main/INFO]: [STDOUT]: All 1 have been set properly
[13:12:04] [main/INFO]: it seems to react to redstone
[13:12:04] [main/ERROR]: Failed to load book betternether:betternether_book defined by mod betternether, skipping
java.lang.IllegalArgumentException: Book betternether:betternether_book has use_resource_pack set to false. This behaviour was removed in 1.20. The book author should enable this flag and move all book contents clientside to /assets/, leaving the book.json in /data/. See https://vazkiimods.github.io/Patchouli/docs/upgrading/upgrade-guide-120 for details.
	at vazkii.patchouli.common.book.Book.<init>(Book.java:145) ~[Patchouli-1.20.1-85-FABRIC.jar:?]
	at vazkii.patchouli.common.book.BookRegistry.loadBook(BookRegistry.java:90) ~[Patchouli-1.20.1-85-FABRIC.jar:?]
	at vazkii.patchouli.common.book.BookRegistry.lambda$init$3(BookRegistry.java:75) ~[Patchouli-1.20.1-85-FABRIC.jar:?]
	at java.util.HashMap.forEach(HashMap.java:1421) ~[?:?]
	at vazkii.patchouli.common.book.BookRegistry.init(BookRegistry.java:70) ~[Patchouli-1.20.1-85-FABRIC.jar:?]
	at vazkii.patchouli.fabric.common.FabricModInitializer.onInitialize(FabricModInitializer.java:33) ~[Patchouli-1.20.1-85-FABRIC.jar:?]
	at net.fabricmc.loader.impl.FabricLoaderImpl.invokeEntrypoints(FabricLoaderImpl.java:409) ~[fabric-loader-0.19.3.jar:?]
	at net.fabricmc.loader.impl.game.minecraft.Hooks.startServer(Hooks.java:63) ~[fabric-loader-0.19.3.jar:?]
	at net.minecraft.server.Main.main(Main.java:112) ~[server-intermediary.jar:?]
	at net.fabricmc.loader.impl.game.minecraft.MinecraftGameProvider.launch(MinecraftGameProvider.java:514) ~[fabric-loader-0.19.3.jar:?]
	at net.fabricmc.loader.impl.launch.knot.Knot.launch(Knot.java:72) ~[fabric-loader-0.19.3.jar:?]
	at net.fabricmc.loader.impl.launch.knot.KnotServer.main(KnotServer.java:23) ~[fabric-loader-0.19.3.jar:?]
	at net.fabricmc.loader.impl.launch.server.FabricServerLauncher.main(FabricServerLauncher.java:69) ~[fabric-loader-0.19.3.jar:?]
	at net.fabricmc.installer.ServerLauncher.main(ServerLauncher.java:69) ~[fabric-server-launcher.jar:1.1.2]
[13:12:04] [main/INFO]: [Ping-Wheel] Init
[13:12:04] [main/INFO]: [Ping-Wheel] Loaded ServerConfig(defaultChannelMode=auto, playerTrackingEnabled=true, msToRegenerate=1000, rateLimit=5)
[13:12:04] [main/INFO]: Registering C2S receiver with id powah:packet
[13:12:04] [main/INFO]: File exists, reading config for elocindev.prominent.config.ServerConfig.
[13:12:04] [main/INFO]: Config for elocindev.prominent.config.ServerConfig read successfully.
[13:12:04] [main/INFO]: File exists, reading config for elocindev.prominent.config.BossLevels.
[13:12:04] [main/INFO]: Config for elocindev.prominent.config.BossLevels read successfully.
[13:12:04] [main/INFO]: File exists, reading config for elocindev.prominent.config.ItemLevels.
[13:12:04] [main/INFO]: Config for elocindev.prominent.config.ItemLevels read successfully.
[13:12:04] [main/INFO]: File exists, reading config for elocindev.prominent.config.InteractionLockConfig.
[13:12:04] [main/INFO]: Config for elocindev.prominent.config.InteractionLockConfig read successfully.
[13:12:04] [main/INFO]: File exists, reading config for elocindev.prominent.config.CombatLeapConfig.
[13:12:04] [main/INFO]: Config for elocindev.prominent.config.CombatLeapConfig read successfully.
[13:12:04] [main/INFO]: File exists, reading config for elocindev.prominent.config.CombatLeapJumpConfig.
[13:12:04] [main/INFO]: Config for elocindev.prominent.config.CombatLeapJumpConfig read successfully.
[13:12:04] [main/INFO]: File exists, reading config for elocindev.prominent.config.CombatLeapWeaponConfig.
[13:12:04] [main/INFO]: Config for elocindev.prominent.config.CombatLeapWeaponConfig read successfully.
[13:12:04] [main/INFO]: File exists, reading config for elocindev.prominent.config.DefaultWeaponSpellsConfig.
[13:12:04] [main/INFO]: Config for elocindev.prominent.config.DefaultWeaponSpellsConfig read successfully.
[13:12:04] [main/INFO]: File exists, reading config for elocindev.prominent.config.MagicResistanceConfig.
[13:12:04] [main/INFO]: Config for elocindev.prominent.config.MagicResistanceConfig read successfully.
[13:12:04] [main/INFO]: File exists, reading config for elocindev.prominent.config.armorsets.ArcaneMageSetConfig.
[13:12:04] [main/INFO]: Config for elocindev.prominent.config.armorsets.ArcaneMageSetConfig read successfully.
[13:12:04] [main/INFO]: File exists, reading config for elocindev.prominent.config.armorsets.ArcherSetConfig.
[13:12:04] [main/INFO]: Config for elocindev.prominent.config.armorsets.ArcherSetConfig read successfully.
[13:12:04] [main/INFO]: File exists, reading config for elocindev.prominent.config.armorsets.AstralMageSetConfig.
[13:12:04] [main/INFO]: Config for elocindev.prominent.config.armorsets.AstralMageSetConfig read successfully.
[13:12:04] [main/INFO]: File exists, reading config for elocindev.prominent.config.armorsets.BardSetConfig.
[13:12:04] [main/INFO]: Config for elocindev.prominent.config.armorsets.BardSetConfig read successfully.
[13:12:04] [main/INFO]: File exists, reading config for elocindev.prominent.config.armorsets.BloodDkSetConfig.
[13:12:04] [main/INFO]: Config for elocindev.prominent.config.armorsets.BloodDkSetConfig read successfully.
[13:12:04] [main/INFO]: File exists, reading config for elocindev.prominent.config.armorsets.FireSetConfig.
[13:12:04] [main/INFO]: Config for elocindev.prominent.config.armorsets.FireSetConfig read successfully.
[13:12:04] [main/INFO]: File exists, reading config for elocindev.prominent.config.armorsets.ForgeGuardSetConfig.
[13:12:04] [main/INFO]: Config for elocindev.prominent.config.armorsets.ForgeGuardSetConfig read successfully.
[13:12:04] [main/INFO]: File exists, reading config for elocindev.prominent.config.armorsets.FrostDkSetConfig.
[13:12:04] [main/INFO]: Config for elocindev.prominent.config.armorsets.FrostDkSetConfig read successfully.
[13:12:04] [main/INFO]: File exists, reading config for elocindev.prominent.config.armorsets.FrostMageSetConfig.
[13:12:04] [main/INFO]: Config for elocindev.prominent.config.armorsets.FrostMageSetConfig read successfully.
[13:12:04] [main/INFO]: File exists, reading config for elocindev.prominent.config.armorsets.JuggernautSetConfig.
[13:12:04] [main/INFO]: Config for elocindev.prominent.config.armorsets.JuggernautSetConfig read successfully.
[13:12:04] [main/INFO]: File exists, reading config for elocindev.prominent.config.armorsets.MonkSetConfig.
[13:12:04] [main/INFO]: Config for elocindev.prominent.config.armorsets.MonkSetConfig read successfully.
[13:12:04] [main/INFO]: File exists, reading config for elocindev.prominent.config.armorsets.PaladinSetConfig.
[13:12:04] [main/INFO]: Config for elocindev.prominent.config.armorsets.PaladinSetConfig read successfully.
[13:12:04] [main/INFO]: File exists, reading config for elocindev.prominent.config.armorsets.PriestSetConfig.
[13:12:04] [main/INFO]: Config for elocindev.prominent.config.armorsets.PriestSetConfig read successfully.
[13:12:04] [main/INFO]: File exists, reading config for elocindev.prominent.config.armorsets.RogueSetConfig.
[13:12:04] [main/INFO]: Config for elocindev.prominent.config.armorsets.RogueSetConfig read successfully.
[13:12:04] [main/INFO]: File exists, reading config for elocindev.prominent.config.armorsets.UnholyDkSetConfig.
[13:12:04] [main/INFO]: Config for elocindev.prominent.config.armorsets.UnholyDkSetConfig read successfully.
[13:12:04] [main/INFO]: File exists, reading config for elocindev.prominent.config.armorsets.ValkyrieSetConfig.
[13:12:04] [main/INFO]: Config for elocindev.prominent.config.armorsets.ValkyrieSetConfig read successfully.
[13:12:04] [main/INFO]: File exists, reading config for elocindev.prominent.config.armorsets.WarriorSetConfig.
[13:12:04] [main/INFO]: Config for elocindev.prominent.config.armorsets.WarriorSetConfig read successfully.
[13:12:04] [main/INFO]: Registered Prominent Sounds
[13:12:04] [main/INFO]: Registered Prominent Items
[13:12:04] [main/INFO]: Loaded Prominent Config
[13:12:04] [main/INFO]: Registered Prominent Sounds
[13:12:04] [main/INFO]: Registered Prominent Items
[13:12:04] [main/INFO]: Prominent Settings initialized!
[13:12:04] [main/INFO]: File exists, reading config for elocindev.prominent_talents.config.Config.
[13:12:04] [main/INFO]: Config for elocindev.prominent_talents.config.Config read successfully.
[13:12:04] [main/INFO]: File exists, reading config for elocindev.prominent_talents.config.XpReductionsConfig.
[13:12:04] [main/INFO]: Config for elocindev.prominent_talents.config.XpReductionsConfig read successfully.
[13:12:04] [main/INFO]: Registered Prominent Talents Sounds
[13:12:04] [main/INFO]: Initializing Prominent Base
[13:12:04] [main/INFO]: Registering Serkonid styles
[13:12:04] [main/INFO]: Registering Dwarf styles
[13:12:04] [main/INFO]: Constructing common components for puzzleslib:main
[13:12:04] [main/INFO]: Steam 'n' Rails v1.7.3 initializing! Commit hash: e5947616ee54cabea325ea61ce2e9be107f61225 on Create version: 6.0.8.1 on platform: Fabric
[13:12:05] [main/INFO]: Registered bogey styles from railways
[13:12:05] [main/INFO]: Registering data fixers
[13:12:05] [main/INFO]: 0 Datafixer optimizations took 0 milliseconds
[13:12:05] [main/INFO]: Found existing entry for create:track_signal in minecraft:block_entity_type
[13:12:05] [main/INFO]: Registering callback for railways:track_signal_source in create:display_source
[13:12:05] [main/INFO]: Found existing entry for create:copycat in minecraft:block_entity_type
[13:12:05] [main/INFO]: Registering callback for railways:conductor_vent in minecraft:block
[13:12:05] [main/INFO]: Found existing entry for create:flywheel in minecraft:block_entity_type
[13:12:05] [main/INFO]: Registering callback for railways:locometal_flywheel in minecraft:block
[13:12:05] [main/INFO]: Found existing entry for create:sliding_door in minecraft:block_entity_type
[13:12:05] [main/INFO]: Registering callback for railways:sliding_locometal_door in minecraft:block
[13:12:05] [main/INFO]: Found existing entry for create:sliding_door in minecraft:block_entity_type
[13:12:05] [main/INFO]: Registering callback for railways:folding_locometal_door in minecraft:block
[13:12:05] [main/INFO]: Found existing entry for create:flywheel in minecraft:block_entity_type
[13:12:05] [main/INFO]: Registering callback for railways:brown_locometal_flywheel in minecraft:block
[13:12:05] [main/INFO]: Found existing entry for create:sliding_door in minecraft:block_entity_type
[13:12:05] [main/INFO]: Registering callback for railways:brown_sliding_locometal_door in minecraft:block
[13:12:05] [main/INFO]: Found existing entry for create:sliding_door in minecraft:block_entity_type
[13:12:05] [main/INFO]: Registering callback for railways:brown_folding_locometal_door in minecraft:block
[13:12:05] [main/INFO]: Found existing entry for create:flywheel in minecraft:block_entity_type
[13:12:05] [main/INFO]: Registering callback for railways:maroon_locometal_flywheel in minecraft:block
[13:12:05] [main/INFO]: Found existing entry for create:sliding_door in minecraft:block_entity_type
[13:12:05] [main/INFO]: Registering callback for railways:maroon_sliding_locometal_door in minecraft:block
[13:12:05] [main/INFO]: Found existing entry for create:sliding_door in minecraft:block_entity_type
[13:12:05] [main/INFO]: Registering callback for railways:maroon_folding_locometal_door in minecraft:block
[13:12:05] [main/INFO]: Found existing entry for create:flywheel in minecraft:block_entity_type
[13:12:05] [main/INFO]: Registering callback for railways:red_locometal_flywheel in minecraft:block
[13:12:05] [main/INFO]: Found existing entry for create:sliding_door in minecraft:block_entity_type
[13:12:05] [main/INFO]: Registering callback for railways:red_sliding_locometal_door in minecraft:block
[13:12:05] [main/INFO]: Found existing entry for create:sliding_door in minecraft:block_entity_type
[13:12:05] [main/INFO]: Registering callback for railways:red_folding_locometal_door in minecraft:block
[13:12:05] [main/INFO]: Found existing entry for create:flywheel in minecraft:block_entity_type
[13:12:05] [main/INFO]: Registering callback for railways:vermilion_locometal_flywheel in minecraft:block
[13:12:05] [main/INFO]: Found existing entry for create:sliding_door in minecraft:block_entity_type
[13:12:05] [main/INFO]: Registering callback for railways:vermilion_sliding_locometal_door in minecraft:block
[13:12:05] [main/INFO]: Found existing entry for create:sliding_door in minecraft:block_entity_type
[13:12:05] [main/INFO]: Registering callback for railways:vermilion_folding_locometal_door in minecraft:block
[13:12:05] [main/INFO]: Found existing entry for create:flywheel in minecraft:block_entity_type
[13:12:05] [main/INFO]: Registering callback for railways:orange_locometal_flywheel in minecraft:block
[13:12:05] [main/INFO]: Found existing entry for create:sliding_door in minecraft:block_entity_type
[13:12:05] [main/INFO]: Registering callback for railways:orange_sliding_locometal_door in minecraft:block
[13:12:05] [main/INFO]: Found existing entry for create:sliding_door in minecraft:block_entity_type
[13:12:05] [main/INFO]: Registering callback for railways:orange_folding_locometal_door in minecraft:block
[13:12:05] [main/INFO]: Found existing entry for create:flywheel in minecraft:block_entity_type
[13:12:05] [main/INFO]: Registering callback for railways:granite_locometal_flywheel in minecraft:block
[13:12:05] [main/INFO]: Found existing entry for create:sliding_door in minecraft:block_entity_type
[13:12:05] [main/INFO]: Registering callback for railways:granite_sliding_locometal_door in minecraft:block
[13:12:05] [main/INFO]: Found existing entry for create:sliding_door in minecraft:block_entity_type
[13:12:05] [main/INFO]: Registering callback for railways:granite_folding_locometal_door in minecraft:block
[13:12:05] [main/INFO]: Found existing entry for create:flywheel in minecraft:block_entity_type
[13:12:05] [main/INFO]: Registering callback for railways:dripstone_locometal_flywheel in minecraft:block
[13:12:05] [main/INFO]: Found existing entry for create:sliding_door in minecraft:block_entity_type
[13:12:05] [main/INFO]: Registering callback for railways:dripstone_sliding_locometal_door in minecraft:block
[13:12:05] [main/INFO]: Found existing entry for create:sliding_door in minecraft:block_entity_type
[13:12:05] [main/INFO]: Registering callback for railways:dripstone_folding_locometal_door in minecraft:block
[13:12:05] [main/INFO]: Found existing entry for create:flywheel in minecraft:block_entity_type
[13:12:05] [main/INFO]: Registering callback for railways:ochrum_locometal_flywheel in minecraft:block
[13:12:05] [main/INFO]: Found existing entry for create:sliding_door in minecraft:block_entity_type
[13:12:05] [main/INFO]: Registering callback for railways:ochrum_sliding_locometal_door in minecraft:block
[13:12:05] [main/INFO]: Found existing entry for create:sliding_door in minecraft:block_entity_type
[13:12:05] [main/INFO]: Registering callback for railways:ochrum_folding_locometal_door in minecraft:block
[13:12:05] [main/INFO]: Found existing entry for create:flywheel in minecraft:block_entity_type
[13:12:05] [main/INFO]: Registering callback for railways:yellow_locometal_flywheel in minecraft:block
[13:12:05] [main/INFO]: Found existing entry for create:sliding_door in minecraft:block_entity_type
[13:12:05] [main/INFO]: Registering callback for railways:yellow_sliding_locometal_door in minecraft:block
[13:12:05] [main/INFO]: Found existing entry for create:sliding_door in minecraft:block_entity_type
[13:12:05] [main/INFO]: Registering callback for railways:yellow_folding_locometal_door in minecraft:block
[13:12:05] [main/INFO]: Found existing entry for create:flywheel in minecraft:block_entity_type
[13:12:05] [main/INFO]: Registering callback for railways:chartreuse_locometal_flywheel in minecraft:block
[13:12:05] [main/INFO]: Found existing entry for create:sliding_door in minecraft:block_entity_type
[13:12:05] [main/INFO]: Registering callback for railways:chartreuse_sliding_locometal_door in minecraft:block
[13:12:05] [main/INFO]: Found existing entry for create:sliding_door in minecraft:block_entity_type
[13:12:05] [main/INFO]: Registering callback for railways:chartreuse_folding_locometal_door in minecraft:block
[13:12:05] [main/INFO]: Found existing entry for create:flywheel in minecraft:block_entity_type
[13:12:05] [main/INFO]: Registering callback for railways:olive_green_locometal_flywheel in minecraft:block
[13:12:05] [main/INFO]: Found existing entry for create:sliding_door in minecraft:block_entity_type
[13:12:05] [main/INFO]: Registering callback for railways:olive_green_sliding_locometal_door in minecraft:block
[13:12:05] [main/INFO]: Found existing entry for create:sliding_door in minecraft:block_entity_type
[13:12:05] [main/INFO]: Registering callback for railways:olive_green_folding_locometal_door in minecraft:block
[13:12:05] [main/INFO]: Found existing entry for create:flywheel in minecraft:block_entity_type
[13:12:05] [main/INFO]: Registering callback for railways:lime_locometal_flywheel in minecraft:block
[13:12:05] [main/INFO]: Found existing entry for create:sliding_door in minecraft:block_entity_type
[13:12:05] [main/INFO]: Registering callback for railways:lime_sliding_locometal_door in minecraft:block
[13:12:05] [main/INFO]: Found existing entry for create:sliding_door in minecraft:block_entity_type
[13:12:05] [main/INFO]: Registering callback for railways:lime_folding_locometal_door in minecraft:block
[13:12:05] [main/INFO]: Found existing entry for create:flywheel in minecraft:block_entity_type
[13:12:05] [main/INFO]: Registering callback for railways:green_locometal_flywheel in minecraft:block
[13:12:05] [main/INFO]: Found existing entry for create:sliding_door in minecraft:block_entity_type
[13:12:05] [main/INFO]: Registering callback for railways:green_sliding_locometal_door in minecraft:block
[13:12:05] [main/INFO]: Found existing entry for create:sliding_door in minecraft:block_entity_type
[13:12:05] [main/INFO]: Registering callback for railways:green_folding_locometal_door in minecraft:block
[13:12:05] [main/INFO]: Found existing entry for create:flywheel in minecraft:block_entity_type
[13:12:05] [main/INFO]: Registering callback for railways:pine_green_locometal_flywheel in minecraft:block
[13:12:05] [main/INFO]: Found existing entry for create:sliding_door in minecraft:block_entity_type
[13:12:05] [main/INFO]: Registering callback for railways:pine_green_sliding_locometal_door in minecraft:block
[13:12:05] [main/INFO]: Found existing entry for create:sliding_door in minecraft:block_entity_type
[13:12:05] [main/INFO]: Registering callback for railways:pine_green_folding_locometal_door in minecraft:block
[13:12:05] [main/INFO]: Found existing entry for create:flywheel in minecraft:block_entity_type
[13:12:05] [main/INFO]: Registering callback for railways:cyan_locometal_flywheel in minecraft:block
[13:12:05] [main/INFO]: Found existing entry for create:sliding_door in minecraft:block_entity_type
[13:12:05] [main/INFO]: Registering callback for railways:cyan_sliding_locometal_door in minecraft:block
[13:12:05] [main/INFO]: Found existing entry for create:sliding_door in minecraft:block_entity_type
[13:12:05] [main/INFO]: Registering callback for railways:cyan_folding_locometal_door in minecraft:block
[13:12:05] [main/INFO]: Found existing entry for create:flywheel in minecraft:block_entity_type
[13:12:05] [main/INFO]: Registering callback for railways:sea_green_locometal_flywheel in minecraft:block
[13:12:05] [main/INFO]: Found existing entry for create:sliding_door in minecraft:block_entity_type
[13:12:05] [main/INFO]: Registering callback for railways:sea_green_sliding_locometal_door in minecraft:block
[13:12:05] [main/INFO]: Found existing entry for create:sliding_door in minecraft:block_entity_type
[13:12:05] [main/INFO]: Registering callback for railways:sea_green_folding_locometal_door in minecraft:block
[13:12:05] [main/INFO]: Found existing entry for create:flywheel in minecraft:block_entity_type
[13:12:05] [main/INFO]: Registering callback for railways:turquoise_locometal_flywheel in minecraft:block
[13:12:05] [main/INFO]: Found existing entry for create:sliding_door in minecraft:block_entity_type
[13:12:05] [main/INFO]: Registering callback for railways:turquoise_sliding_locometal_door in minecraft:block
[13:12:05] [main/INFO]: Found existing entry for create:sliding_door in minecraft:block_entity_type
[13:12:05] [main/INFO]: Registering callback for railways:turquoise_folding_locometal_door in minecraft:block
[13:12:05] [main/INFO]: Found existing entry for create:flywheel in minecraft:block_entity_type
[13:12:05] [main/INFO]: Registering callback for railways:light_blue_locometal_flywheel in minecraft:block
[13:12:05] [main/INFO]: Found existing entry for create:sliding_door in minecraft:block_entity_type
[13:12:05] [main/INFO]: Registering callback for railways:light_blue_sliding_locometal_door in minecraft:block
[13:12:05] [main/INFO]: Found existing entry for create:sliding_door in minecraft:block_entity_type
[13:12:05] [main/INFO]: Registering callback for railways:light_blue_folding_locometal_door in minecraft:block
[13:12:05] [main/INFO]: Found existing entry for create:flywheel in minecraft:block_entity_type
[13:12:05] [main/INFO]: Registering callback for railways:blue_locometal_flywheel in minecraft:block
[13:12:05] [main/INFO]: Found existing entry for create:sliding_door in minecraft:block_entity_type
[13:12:05] [main/INFO]: Registering callback for railways:blue_sliding_locometal_door in minecraft:block
[13:12:05] [main/INFO]: Found existing entry for create:sliding_door in minecraft:block_entity_type
[13:12:05] [main/INFO]: Registering callback for railways:blue_folding_locometal_door in minecraft:block
[13:12:05] [main/INFO]: Found existing entry for create:flywheel in minecraft:block_entity_type
[13:12:05] [main/INFO]: Registering callback for railways:royal_blue_locometal_flywheel in minecraft:block
[13:12:05] [main/INFO]: Found existing entry for create:sliding_door in minecraft:block_entity_type
[13:12:05] [main/INFO]: Registering callback for railways:royal_blue_sliding_locometal_door in minecraft:block
[13:12:05] [main/INFO]: Found existing entry for create:sliding_door in minecraft:block_entity_type
[13:12:05] [main/INFO]: Registering callback for railways:royal_blue_folding_locometal_door in minecraft:block
[13:12:05] [main/INFO]: Found existing entry for create:flywheel in minecraft:block_entity_type
[13:12:05] [main/INFO]: Registering callback for railways:purple_locometal_flywheel in minecraft:block
[13:12:05] [main/INFO]: Found existing entry for create:sliding_door in minecraft:block_entity_type
[13:12:05] [main/INFO]: Registering callback for railways:purple_sliding_locometal_door in minecraft:block
[13:12:05] [main/INFO]: Found existing entry for create:sliding_door in minecraft:block_entity_type
[13:12:05] [main/INFO]: Registering callback for railways:purple_folding_locometal_door in minecraft:block
[13:12:05] [main/INFO]: Found existing entry for create:flywheel in minecraft:block_entity_type
[13:12:05] [main/INFO]: Registering callback for railways:magenta_locometal_flywheel in minecraft:block
[13:12:05] [main/INFO]: Found existing entry for create:sliding_door in minecraft:block_entity_type
[13:12:05] [main/INFO]: Registering callback for railways:magenta_sliding_locometal_door in minecraft:block
[13:12:05] [main/INFO]: Found existing entry for create:sliding_door in minecraft:block_entity_type
[13:12:05] [main/INFO]: Registering callback for railways:magenta_folding_locometal_door in minecraft:block
[13:12:05] [main/INFO]: Found existing entry for create:flywheel in minecraft:block_entity_type
[13:12:05] [main/INFO]: Registering callback for railways:pink_locometal_flywheel in minecraft:block
[13:12:05] [main/INFO]: Found existing entry for create:sliding_door in minecraft:block_entity_type
[13:12:05] [main/INFO]: Registering callback for railways:pink_sliding_locometal_door in minecraft:block
[13:12:05] [main/INFO]: Found existing entry for create:sliding_door in minecraft:block_entity_type
[13:12:05] [main/INFO]: Registering callback for railways:pink_folding_locometal_door in minecraft:block
[13:12:05] [main/INFO]: Found existing entry for create:flywheel in minecraft:block_entity_type
[13:12:05] [main/INFO]: Registering callback for railways:white_locometal_flywheel in minecraft:block
[13:12:05] [main/INFO]: Found existing entry for create:sliding_door in minecraft:block_entity_type
[13:12:05] [main/INFO]: Registering callback for railways:white_sliding_locometal_door in minecraft:block
[13:12:05] [main/INFO]: Found existing entry for create:sliding_door in minecraft:block_entity_type
[13:12:05] [main/INFO]: Registering callback for railways:white_folding_locometal_door in minecraft:block
[13:12:05] [main/INFO]: Found existing entry for create:flywheel in minecraft:block_entity_type
[13:12:05] [main/INFO]: Registering callback for railways:diorite_locometal_flywheel in minecraft:block
[13:12:05] [main/INFO]: Found existing entry for create:sliding_door in minecraft:block_entity_type
[13:12:05] [main/INFO]: Registering callback for railways:diorite_sliding_locometal_door in minecraft:block
[13:12:05] [main/INFO]: Found existing entry for create:sliding_door in minecraft:block_entity_type
[13:12:05] [main/INFO]: Registering callback for railways:diorite_folding_locometal_door in minecraft:block
[13:12:05] [main/INFO]: Found existing entry for create:flywheel in minecraft:block_entity_type
[13:12:05] [main/INFO]: Registering callback for railways:limestone_locometal_flywheel in minecraft:block
[13:12:05] [main/INFO]: Found existing entry for create:sliding_door in minecraft:block_entity_type
[13:12:05] [main/INFO]: Registering callback for railways:limestone_sliding_locometal_door in minecraft:block
[13:12:05] [main/INFO]: Found existing entry for create:sliding_door in minecraft:block_entity_type
[13:12:05] [main/INFO]: Registering callback for railways:limestone_folding_locometal_door in minecraft:block
[13:12:05] [main/INFO]: Found existing entry for create:flywheel in minecraft:block_entity_type
[13:12:05] [main/INFO]: Registering callback for railways:light_gray_locometal_flywheel in minecraft:block
[13:12:05] [main/INFO]: Found existing entry for create:sliding_door in minecraft:block_entity_type
[13:12:05] [main/INFO]: Registering callback for railways:light_gray_sliding_locometal_door in minecraft:block
[13:12:05] [main/INFO]: Found existing entry for create:sliding_door in minecraft:block_entity_type
[13:12:05] [main/INFO]: Registering callback for railways:light_gray_folding_locometal_door in minecraft:block
[13:12:05] [main/INFO]: Found existing entry for create:flywheel in minecraft:block_entity_type
[13:12:05] [main/INFO]: Registering callback for railways:tuff_locometal_flywheel in minecraft:block
[13:12:05] [main/INFO]: Found existing entry for create:sliding_door in minecraft:block_entity_type
[13:12:05] [main/INFO]: Registering callback for railways:tuff_sliding_locometal_door in minecraft:block
[13:12:05] [main/INFO]: Found existing entry for create:sliding_door in minecraft:block_entity_type
[13:12:05] [main/INFO]: Registering callback for railways:tuff_folding_locometal_door in minecraft:block
[13:12:05] [main/INFO]: Found existing entry for create:flywheel in minecraft:block_entity_type
[13:12:05] [main/INFO]: Registering callback for railways:gray_locometal_flywheel in minecraft:block
[13:12:05] [main/INFO]: Found existing entry for create:sliding_door in minecraft:block_entity_type
[13:12:05] [main/INFO]: Registering callback for railways:gray_sliding_locometal_door in minecraft:block
[13:12:05] [main/INFO]: Found existing entry for create:sliding_door in minecraft:block_entity_type
[13:12:05] [main/INFO]: Registering callback for railways:gray_folding_locometal_door in minecraft:block
[13:12:05] [main/INFO]: Found existing entry for create:flywheel in minecraft:block_entity_type
[13:12:05] [main/INFO]: Registering callback for railways:scorchia_locometal_flywheel in minecraft:block
[13:12:05] [main/INFO]: Found existing entry for create:sliding_door in minecraft:block_entity_type
[13:12:05] [main/INFO]: Registering callback for railways:scorchia_sliding_locometal_door in minecraft:block
[13:12:05] [main/INFO]: Found existing entry for create:sliding_door in minecraft:block_entity_type
[13:12:05] [main/INFO]: Registering callback for railways:scorchia_folding_locometal_door in minecraft:block
[13:12:05] [main/INFO]: Found existing entry for create:flywheel in minecraft:block_entity_type
[13:12:05] [main/INFO]: Registering callback for railways:black_locometal_flywheel in minecraft:block
[13:12:05] [main/INFO]: Found existing entry for create:sliding_door in minecraft:block_entity_type
[13:12:05] [main/INFO]: Registering callback for railways:black_sliding_locometal_door in minecraft:block
[13:12:05] [main/INFO]: Found existing entry for create:sliding_door in minecraft:block_entity_type
[13:12:05] [main/INFO]: Registering callback for railways:black_folding_locometal_door in minecraft:block
[13:12:05] [main/INFO]: Registering tracks for Hex Casting
[13:12:05] [main/INFO]: Registering tracks for Oh The Biomes You'll Go
[13:12:05] [main/INFO]: Registering tracks for Blue Skies
[13:12:05] [main/INFO]: Registering tracks for Twilight Forest
[13:12:05] [main/INFO]: Registering tracks for Biomes O' Plenty
[13:12:05] [main/INFO]: Registering tracks for Nature's Spirit
[13:12:05] [main/INFO]: Registering tracks for Dreams and Desires
[13:12:05] [main/INFO]: Registering tracks for Quark
[13:12:05] [main/INFO]: Registering tracks for TerraFirmaCraft
[13:12:05] [main/INFO]: Running callback for create:copycat and railways:conductor_vent
[13:12:05] [main/INFO]: Running callback for create:flywheel and railways:locometal_flywheel
[13:12:05] [main/INFO]: Running callback for create:sliding_door and railways:sliding_locometal_door
[13:12:05] [main/INFO]: Running callback for create:sliding_door and railways:folding_locometal_door
[13:12:05] [main/INFO]: Running callback for create:flywheel and railways:brown_locometal_flywheel
[13:12:05] [main/INFO]: Running callback for create:sliding_door and railways:brown_sliding_locometal_door
[13:12:05] [main/INFO]: Running callback for create:sliding_door and railways:brown_folding_locometal_door
[13:12:05] [main/INFO]: Running callback for create:flywheel and railways:maroon_locometal_flywheel
[13:12:05] [main/INFO]: Running callback for create:sliding_door and railways:maroon_sliding_locometal_door
[13:12:05] [main/INFO]: Running callback for create:sliding_door and railways:maroon_folding_locometal_door
[13:12:05] [main/INFO]: Running callback for create:flywheel and railways:red_locometal_flywheel
[13:12:05] [main/INFO]: Running callback for create:sliding_door and railways:red_sliding_locometal_door
[13:12:05] [main/INFO]: Running callback for create:sliding_door and railways:red_folding_locometal_door
[13:12:05] [main/INFO]: Running callback for create:flywheel and railways:vermilion_locometal_flywheel
[13:12:05] [main/INFO]: Running callback for create:sliding_door and railways:vermilion_sliding_locometal_door
[13:12:05] [main/INFO]: Running callback for create:sliding_door and railways:vermilion_folding_locometal_door
[13:12:05] [main/INFO]: Running callback for create:flywheel and railways:orange_locometal_flywheel
[13:12:05] [main/INFO]: Running callback for create:sliding_door and railways:orange_sliding_locometal_door
[13:12:05] [main/INFO]: Running callback for create:sliding_door and railways:orange_folding_locometal_door
[13:12:05] [main/INFO]: Running callback for create:flywheel and railways:granite_locometal_flywheel
[13:12:05] [main/INFO]: Running callback for create:sliding_door and railways:granite_sliding_locometal_door
[13:12:05] [main/INFO]: Running callback for create:sliding_door and railways:granite_folding_locometal_door
[13:12:05] [main/INFO]: Running callback for create:flywheel and railways:dripstone_locometal_flywheel
[13:12:05] [main/INFO]: Running callback for create:sliding_door and railways:dripstone_sliding_locometal_door
[13:12:05] [main/INFO]: Running callback for create:sliding_door and railways:dripstone_folding_locometal_door
[13:12:05] [main/INFO]: Running callback for create:flywheel and railways:ochrum_locometal_flywheel
[13:12:05] [main/INFO]: Running callback for create:sliding_door and railways:ochrum_sliding_locometal_door
[13:12:05] [main/INFO]: Running callback for create:sliding_door and railways:ochrum_folding_locometal_door
[13:12:05] [main/INFO]: Running callback for create:flywheel and railways:yellow_locometal_flywheel
[13:12:05] [main/INFO]: Running callback for create:sliding_door and railways:yellow_sliding_locometal_door
[13:12:05] [main/INFO]: Running callback for create:sliding_door and railways:yellow_folding_locometal_door
[13:12:05] [main/INFO]: Running callback for create:flywheel and railways:chartreuse_locometal_flywheel
[13:12:05] [main/INFO]: Running callback for create:sliding_door and railways:chartreuse_sliding_locometal_door
[13:12:05] [main/INFO]: Running callback for create:sliding_door and railways:chartreuse_folding_locometal_door
[13:12:05] [main/INFO]: Running callback for create:flywheel and railways:olive_green_locometal_flywheel
[13:12:05] [main/INFO]: Running callback for create:sliding_door and railways:olive_green_sliding_locometal_door
[13:12:05] [main/INFO]: Running callback for create:sliding_door and railways:olive_green_folding_locometal_door
[13:12:05] [main/INFO]: Running callback for create:flywheel and railways:lime_locometal_flywheel
[13:12:05] [main/INFO]: Running callback for create:sliding_door and railways:lime_sliding_locometal_door
[13:12:05] [main/INFO]: Running callback for create:sliding_door and railways:lime_folding_locometal_door
[13:12:05] [main/INFO]: Running callback for create:flywheel and railways:green_locometal_flywheel
[13:12:05] [main/INFO]: Running callback for create:sliding_door and railways:green_sliding_locometal_door
[13:12:05] [main/INFO]: Running callback for create:sliding_door and railways:green_folding_locometal_door
[13:12:05] [main/INFO]: Running callback for create:flywheel and railways:pine_green_locometal_flywheel
[13:12:05] [main/INFO]: Running callback for create:sliding_door and railways:pine_green_sliding_locometal_door
[13:12:05] [main/INFO]: Running callback for create:sliding_door and railways:pine_green_folding_locometal_door
[13:12:05] [main/INFO]: Running callback for create:flywheel and railways:cyan_locometal_flywheel
[13:12:05] [main/INFO]: Running callback for create:sliding_door and railways:cyan_sliding_locometal_door
[13:12:05] [main/INFO]: Running callback for create:sliding_door and railways:cyan_folding_locometal_door
[13:12:05] [main/INFO]: Running callback for create:flywheel and railways:sea_green_locometal_flywheel
[13:12:05] [main/INFO]: Running callback for create:sliding_door and railways:sea_green_sliding_locometal_door
[13:12:05] [main/INFO]: Running callback for create:sliding_door and railways:sea_green_folding_locometal_door
[13:12:05] [main/INFO]: Running callback for create:flywheel and railways:turquoise_locometal_flywheel
[13:12:05] [main/INFO]: Running callback for create:sliding_door and railways:turquoise_sliding_locometal_door
[13:12:05] [main/INFO]: Running callback for create:sliding_door and railways:turquoise_folding_locometal_door
[13:12:05] [main/INFO]: Running callback for create:flywheel and railways:light_blue_locometal_flywheel
[13:12:05] [main/INFO]: Running callback for create:sliding_door and railways:light_blue_sliding_locometal_door
[13:12:05] [main/INFO]: Running callback for create:sliding_door and railways:light_blue_folding_locometal_door
[13:12:05] [main/INFO]: Running callback for create:flywheel and railways:blue_locometal_flywheel
[13:12:05] [main/INFO]: Running callback for create:sliding_door and railways:blue_sliding_locometal_door
[13:12:05] [main/INFO]: Running callback for create:sliding_door and railways:blue_folding_locometal_door
[13:12:05] [main/INFO]: Running callback for create:flywheel and railways:royal_blue_locometal_flywheel
[13:12:05] [main/INFO]: Running callback for create:sliding_door and railways:royal_blue_sliding_locometal_door
[13:12:05] [main/INFO]: Running callback for create:sliding_door and railways:royal_blue_folding_locometal_door
[13:12:05] [main/INFO]: Running callback for create:flywheel and railways:purple_locometal_flywheel
[13:12:05] [main/INFO]: Running callback for create:sliding_door and railways:purple_sliding_locometal_door
[13:12:05] [main/INFO]: Running callback for create:sliding_door and railways:purple_folding_locometal_door
[13:12:05] [main/INFO]: Running callback for create:flywheel and railways:magenta_locometal_flywheel
[13:12:05] [main/INFO]: Running callback for create:sliding_door and railways:magenta_sliding_locometal_door
[13:12:05] [main/INFO]: Running callback for create:sliding_door and railways:magenta_folding_locometal_door
[13:12:05] [main/INFO]: Running callback for create:flywheel and railways:pink_locometal_flywheel
[13:12:05] [main/INFO]: Running callback for create:sliding_door and railways:pink_sliding_locometal_door
[13:12:05] [main/INFO]: Running callback for create:sliding_door and railways:pink_folding_locometal_door
[13:12:05] [main/INFO]: Running callback for create:flywheel and railways:white_locometal_flywheel
[13:12:05] [main/INFO]: Running callback for create:sliding_door and railways:white_sliding_locometal_door
[13:12:05] [main/INFO]: Running callback for create:sliding_door and railways:white_folding_locometal_door
[13:12:05] [main/INFO]: Running callback for create:flywheel and railways:diorite_locometal_flywheel
[13:12:05] [main/INFO]: Running callback for create:sliding_door and railways:diorite_sliding_locometal_door
[13:12:05] [main/INFO]: Running callback for create:sliding_door and railways:diorite_folding_locometal_door
[13:12:05] [main/INFO]: Running callback for create:flywheel and railways:limestone_locometal_flywheel
[13:12:05] [main/INFO]: Running callback for create:sliding_door and railways:limestone_sliding_locometal_door
[13:12:05] [main/INFO]: Running callback for create:sliding_door and railways:limestone_folding_locometal_door
[13:12:05] [main/INFO]: Running callback for create:flywheel and railways:light_gray_locometal_flywheel
[13:12:05] [main/INFO]: Running callback for create:sliding_door and railways:light_gray_sliding_locometal_door
[13:12:05] [main/INFO]: Running callback for create:sliding_door and railways:light_gray_folding_locometal_door
[13:12:05] [main/INFO]: Running callback for create:flywheel and railways:tuff_locometal_flywheel
[13:12:05] [main/INFO]: Running callback for create:sliding_door and railways:tuff_sliding_locometal_door
[13:12:05] [main/INFO]: Running callback for create:sliding_door and railways:tuff_folding_locometal_door
[13:12:05] [main/INFO]: Running callback for create:flywheel and railways:gray_locometal_flywheel
[13:12:05] [main/INFO]: Running callback for create:sliding_door and railways:gray_sliding_locometal_door
[13:12:05] [main/INFO]: Running callback for create:sliding_door and railways:gray_folding_locometal_door
[13:12:05] [main/INFO]: Running callback for create:flywheel and railways:scorchia_locometal_flywheel
[13:12:05] [main/INFO]: Running callback for create:sliding_door and railways:scorchia_sliding_locometal_door
[13:12:05] [main/INFO]: Running callback for create:sliding_door and railways:scorchia_folding_locometal_door
[13:12:05] [main/INFO]: Running callback for create:flywheel and railways:black_locometal_flywheel
[13:12:05] [main/INFO]: Running callback for create:sliding_door and railways:black_sliding_locometal_door
[13:12:05] [main/INFO]: Running callback for create:sliding_door and railways:black_folding_locometal_door
[13:12:05] [main/INFO]: Running callback for create:track_signal and railways:track_signal_source
[13:12:05] [main/INFO]: Running finalizers
[13:12:05] [main/INFO]: File exists, reading config for elocindev.rebalance.config.ReBalanceConfig.
[13:12:05] [main/INFO]: Config for elocindev.rebalance.config.ReBalanceConfig read successfully.
[13:12:05] [main/INFO]: [STDOUT]: Starting recipe splitter
[13:12:05] [main/INFO]: [Regions Unexplored] generating and loading config
[13:12:05] [main/INFO]: File exists, reading config for elocindev.resistance_balancer.config.ResistanceBalancerConfig.
[13:12:05] [main/INFO]: Config for elocindev.resistance_balancer.config.ResistanceBalancerConfig read successfully.
[13:12:05] [main/INFO]: Hello Fabric world!
[13:12:05] [main/INFO]: S-Lib loaded successfully
[13:12:05] [main/INFO]: Hello Fabric world!
[13:12:05] [main/INFO]: Shield API initialized!
[13:12:05] [main/INFO]: File exists, reading config for elocin.shield_overhaul.config.server.ShieldConfig.
[13:12:05] [main/INFO]: Config for elocin.shield_overhaul.config.server.ShieldConfig read successfully.
[13:12:05] [main/INFO]: Shield Overhaul's Config Loaded!
[13:12:05] [main/INFO]: Simply Swords Tweaks initialized successfully!
[13:12:06] [main/INFO]: Loaded config simplybows:config in 147ms
[13:12:06] [main/INFO]: Simply Bows config loaded: simplybows:config
[13:12:06] [main/INFO]: [STDOUT]: [SimplyCompat] Patched net.sweenus.simplyskills.effects.LeapSlamEffect
[13:12:06] [main/INFO]: Registering Items for simplyskills
[13:12:06] [main/INFO]: Registering Entities for simplyskills
[13:12:06] [main/INFO]: Loaded config simplyswords:general in 22ms
[13:12:06] [main/INFO]: Loaded config simplyswords:gui in 4ms
[13:12:06] [main/INFO]: [STDOUT]: [SimplyCompat] Patched net.sweenus.simplyswords.registry.GemPowerRegistry
[13:12:06] [main/INFO]: [STDOUT]: [SimplyCompat] Patched net.sweenus.simplyswords.power.powers.StoneskinPower
[13:12:06] [main/INFO]: [STDOUT]: [SimplyCompat] Patched net.sweenus.simplyswords.power.powers.SwiftnessPower
[13:12:06] [main/INFO]: [STDOUT]: [SimplyCompat] Patched net.sweenus.simplyswords.power.powers.TrailblazePower
[13:12:06] [main/INFO]: [STDOUT]: [SimplyCompat] Patched net.sweenus.simplyswords.power.powers.WeakenPower
[13:12:06] [main/INFO]: [STDOUT]: [SimplyCompat] Patched net.sweenus.simplyswords.power.powers.ZephyrPower
[13:12:06] [main/INFO]: [STDOUT]: [SimplyCompat] Patched net.sweenus.simplyswords.power.powers.ImbuedPower
[13:12:06] [main/INFO]: [STDOUT]: [SimplyCompat] Patched net.sweenus.simplyswords.power.powers.PincushionPower
[13:12:06] [main/INFO]: [STDOUT]: [SimplyCompat] Patched net.sweenus.simplyswords.power.powers.MomentumPower
[13:12:06] [main/INFO]: [STDOUT]: [SimplyCompat] Patched net.sweenus.simplyswords.power.powers.FloatPower
[13:12:06] [main/INFO]: [STDOUT]: [SimplyCompat] Patched net.sweenus.simplyswords.power.powers.ShieldingPower
[13:12:06] [main/INFO]: [STDOUT]: [SimplyCompat] Patched net.sweenus.simplyswords.power.powers.SlowPower
[13:12:06] [main/INFO]: [STDOUT]: [SimplyCompat] Patched net.sweenus.simplyswords.power.powers.ActiveDefencePower
[13:12:06] [main/INFO]: [STDOUT]: [SimplyCompat] Patched net.sweenus.simplyswords.power.powers.FreezePower
[13:12:06] [main/INFO]: [STDOUT]: [SimplyCompat] Patched net.sweenus.simplyswords.power.powers.FrostWardPower
[13:12:06] [main/INFO]: [STDOUT]: [SimplyCompat] Patched net.sweenus.simplyswords.power.powers.WildfirePower
[13:12:06] [main/INFO]: [STDOUT]: [SimplyCompat] Patched net.sweenus.simplyswords.power.powers.UnstablePower
[13:12:06] [main/INFO]: [STDOUT]: [SimplyCompat] Patched net.sweenus.simplyswords.power.powers.StormlashPower
[13:12:06] [main/INFO]: [STDOUT]: [SimplyCompat] Patched net.sweenus.simplyswords.power.powers.DancingBladesPower
[13:12:06] [main/INFO]: [STDOUT]: [SimplyCompat] Patched net.sweenus.simplyswords.power.powers.FaultlinePower
[13:12:06] [main/INFO]: [STDOUT]: [SimplyCompat] Patched net.sweenus.simplyswords.power.powers.RunicSlashPower
[13:12:06] [main/INFO]: [STDOUT]: [SimplyCompat] Patched net.sweenus.simplyswords.power.powers.EvocationPower
[13:12:06] [main/INFO]: [STDOUT]: [SimplyCompat] Patched net.sweenus.simplyswords.power.powers.SnifferSlamPower
[13:12:06] [main/INFO]: [STDOUT]: [SimplyCompat] Patched net.sweenus.simplyswords.power.powers.WardPower
[13:12:06] [main/INFO]: [STDOUT]: [SimplyCompat] Patched net.sweenus.simplyswords.power.powers.ImmolationPower
[13:12:06] [main/INFO]: [STDOUT]: [SimplyCompat] Patched net.sweenus.simplyswords.power.powers.ThrowingPower
[13:12:06] [main/INFO]: [STDOUT]: [SimplyCompat] Patched net.sweenus.simplyswords.power.powers.EchoPower
[13:12:06] [main/INFO]: [STDOUT]: [SimplyCompat] Patched net.sweenus.simplyswords.power.powers.BerserkPower
[13:12:06] [main/INFO]: [STDOUT]: [SimplyCompat] Patched net.sweenus.simplyswords.power.powers.RadiancePower
[13:12:06] [main/INFO]: [STDOUT]: [SimplyCompat] Patched net.sweenus.simplyswords.power.powers.OnslaughtPower
[13:12:06] [main/INFO]: [STDOUT]: [SimplyCompat] Patched net.sweenus.simplyswords.power.powers.NullificationPower
[13:12:06] [main/INFO]: [STDOUT]: [SimplyCompat] Patched net.sweenus.simplyswords.power.powers.VerdantTrailPower
[13:12:06] [main/INFO]: [STDOUT]: [SimplyCompat] Patched net.sweenus.simplyswords.power.powers.NecromanticArsenalPower
[13:12:06] [main/INFO]: [STDOUT]: [SimplyCompat] Patched net.sweenus.simplyswords.power.powers.WolfPackPower
[13:12:06] [main/INFO]: [STDOUT]: [SimplyCompat] Patched net.sweenus.simplyswords.power.powers.GoatStampedePower
[13:12:06] [main/INFO]: [STDOUT]: [SimplyCompat] Patched net.sweenus.simplyswords.power.powers.BaneheadSwarmPower
[13:12:06] [main/INFO]: [STDOUT]: [SimplyCompat] Patched net.sweenus.simplyswords.power.powers.WingBuffetPower
[13:12:06] [main/INFO]: [STDOUT]: [SimplyCompat] Patched net.sweenus.simplyswords.power.powers.DragonMawPower
[13:12:06] [main/INFO]: Loaded config simplyswords:gem_powers in 150ms
[13:12:06] [main/INFO]: Loaded config simplyswords:status_effects in 1ms
[13:12:06] [main/INFO]: Loaded config simplyswords:weapon_attributes in 25ms
[13:12:06] [main/INFO]: Loaded config simplyswords:unique_effects in 186ms
[13:12:06] [main/INFO]: Loaded config simplyswords:compatibility in 19ms
[13:12:06] [main/INFO]: [STDOUT]: [SimplyCompat] Patched net.sweenus.simplyswords.entity.SimplySwordsSkeletonMinionEntity
[13:12:06] [main/INFO]: [STDOUT]: [SimplyCompat] Patched net.sweenus.simplyswords.entity.SimplySwordsWolfMinionEntity
[13:12:06] [main/INFO]: [STDOUT]: [SimplyCompat] Patched net.sweenus.simplyswords.item.component.StackComponentKey
[13:12:06] [main/INFO]: Registering C2S receiver with id simplyswords:use_weapon_ability
[13:12:06] [main/INFO]: Registering C2S receiver with id simplyswords:weapon_ability_keybind_state
[13:12:06] [main/INFO]: Registering C2S receiver with id simplyswords:player_movement_intent
[13:12:06] [main/INFO]: [STDOUT]: Copied from /data/simplyswords/safeload_recipes/eldritch_end/dreadtide.json to /data/simplyswords/recipes/eldritch_end/dreadtide.json
[13:12:06] [main/INFO]: [STDOUT]: /home/ubuntu/minecraft-prominence-2-hasturian-era/server/config
[13:12:06] [main/INFO]: Loaded config simplytooltips:config in 4ms
[13:12:06] [main/INFO]: SimplyTooltips config loaded: simplytooltips:config
[13:12:06] [main/INFO]: Hello Fabric world!
[13:12:07] [main/INFO]: [SolLib] Loaded net.lcc.sollib.platform.FabricPlatformHelper@1665d1df for service interface net.lcc.sollib.platform.services.IPlatformHelper
[13:12:07] [main/INFO]: [SolLib] Loaded net.lcc.sollib.platform.FabricAccessoryHelper@48e37c34 for service interface net.lcc.sollib.platform.services.IAccessoryHelper
[13:12:07] [main/INFO]: Soulmaster initialized!
[13:12:07] [main/INFO]: Config initialized!
[13:12:07] [main/INFO]: Successfully initialized Geckolib!
[13:12:07] [main/INFO]: Successfully registered SoulsWeapons content!
[13:12:07] [main/INFO]: Successfully registered built-in 2D model resourcepack!
[13:12:07] [main/INFO]: Successfully registered built-in Legacy 2D Models resourcepack!
[13:12:07] [main/INFO]: Successfully registered built-in Legacy 3D Models resourcepack!
[13:12:07] [main/INFO]: Successfully registered built-in Fresh Animations Compat. resourcepack!
[13:12:07] [main/INFO]: Successfully registered built-in Szombie's Enhanced 3D GOW Weapons resourcepack!
[13:12:07] [main/INFO]: Initializing done, time taken: 243ms
[13:12:07] [main/INFO]: Spell Engine x Open Parties and Claims
[13:12:07] [main/INFO]: Hello Fabric world!
[13:12:07] [main/INFO]: Creating asynchronous mapping cache executor...
[13:12:07] [Mappings Cache Thread #1/INFO]: Verifying cache of yarn mappings...
[13:12:07] [Mappings Cache Thread #1/INFO]: Fetching latest yarn build...
[13:12:07] [Mappings Cache Thread #1/INFO]: Trying to request GET https://maven.fabricmc.net/net/fabricmc/yarn/maven-metadata.xml... (try #0)
[13:12:07] [main/INFO]: Constructing common components for stoneworks:main
[13:12:07] [main/INFO]: Loading common config for stoneworks
[13:12:07] [Thread-10/INFO]: Reloading common config for stoneworks
[13:12:07] [Thread-10/INFO]: Reloading common config for stoneworks
[13:12:07] [main/INFO]: structureessentials mod initialized
[13:12:07] [main/INFO]: Loaded config supplementaries-common.json
[13:12:07] [Mappings Cache Thread #1/INFO]: Received 140430 bytes (137 KB) with status 200 from GET https://maven.fabricmc.net/net/fabricmc/yarn/maven-metadata.xml in 323ms
[13:12:07] [Mappings Cache Thread #1/INFO]: Cached latest yarn build version: 1.20.1+build.10
[13:12:07] [Mappings Cache Thread #1/INFO]: Downloading SHA256 hash for https://maven.fabricmc.net/net/fabricmc/yarn/1.20.1+build.10/yarn-1.20.1+build.10-v2.jar...
[13:12:07] [Mappings Cache Thread #1/INFO]: Trying to request GET https://maven.fabricmc.net/net/fabricmc/yarn/1.20.1+build.10/yarn-1.20.1+build.10-v2.jar.sha256... (try #0)
[13:12:07] [Mappings Cache Thread #1/INFO]: Received 64 bytes (64 bytes) with status 200 from GET https://maven.fabricmc.net/net/fabricmc/yarn/1.20.1+build.10/yarn-1.20.1+build.10-v2.jar.sha256 in 84ms
[13:12:07] [Mappings Cache Thread #1/INFO]: Downloading yarn mappings jar for build 1.20.1+build.10...
[13:12:07] [Mappings Cache Thread #1/INFO]: Trying to request GET https://maven.fabricmc.net/net/fabricmc/yarn/1.20.1+build.10/yarn-1.20.1+build.10-v2.jar... (try #0)
[13:12:08] [main/INFO]: TechReborn setup done!
[13:12:08] [main/INFO]: Registered region minecraft:overworld to index 0 for type OVERWORLD
[13:12:08] [main/INFO]: Registered region minecraft:nether to index 0 for type NETHER
[13:12:08] [main/INFO]: Registered region derelict:derelict to index 1 for type OVERWORLD
[13:12:08] [main/INFO]: Registered region regions_unexplored:primary to index 2 for type OVERWORLD
[13:12:08] [main/INFO]: Registered region regions_unexplored:secondary to index 3 for type OVERWORLD
[13:12:08] [main/INFO]: Registered region regions_unexplored:nether to index 1 for type NETHER
[13:12:08] [main/INFO]: Registered region riverredux:overworld to index 4 for type OVERWORLD
[13:12:08] [Mappings Cache Thread #1/INFO]: Received 1301421 bytes (1 MB) with status 200 from GET https://maven.fabricmc.net/net/fabricmc/yarn/1.20.1+build.10/yarn-1.20.1+build.10-v2.jar in 337ms
[13:12:08] [Mappings Cache Thread #1/INFO]: Verifying SHA256 hash 5444b470f35b892862908bb27314c0b5b325369fd60896d8d809e635d5371bea for https://maven.fabricmc.net/net/fabricmc/yarn/1.20.1+build.10/yarn-1.20.1+build.10-v2.jar...
[13:12:08] [main/INFO]: Testosterone Tweaks initialized successfully!
[13:12:08] [Mappings Cache Thread #1/INFO]: Verified cache of yarn mappings (took 1124ms)
[13:12:08] [Mappings Cache Thread #1/INFO]: Parsing yarn mappings...
[13:12:08] [Mappings Cache Thread #1/INFO]: Parsed yarn mappings (took 145ms)
[13:12:08] [Mappings Cache Thread #1/INFO]: Caching yarn mappings...
[13:12:08] [Mappings Cache Thread #1/INFO]: Cached yarn mappings (took 43ms)
[13:12:08] [Mappings Cache Thread #1/INFO]: Cached mappings have been built (took 1316ms)
[13:12:08] [Mappings Cache Thread #1/INFO]:   Classes: 6741
[13:12:08] [Mappings Cache Thread #1/INFO]:   Methods: 24982
[13:12:08] [Mappings Cache Thread #1/INFO]:   Fields: 28829
[13:12:08] [ForkJoinPool.commonPool-worker-1/INFO]: Shutting down asynchronous mapping cache executor...
[13:12:08] [ForkJoinPool.commonPool-worker-1/INFO]: Injecting into root logger...
[13:12:08] [main/INFO]: Creating environment manager EnvironmentManager{controller=com.github.thedeathlycow.thermoo.api.temperature.EmptyEnvironmentController}
[13:12:08] [main/INFO]: Thermoo initialized
[13:12:08] [main/INFO]: File exists, reading config for elocindev.tierify.config.CommonConfig.
[13:12:08] [main/INFO]: Config for elocindev.tierify.config.CommonConfig read successfully.
[13:12:08] [main/INFO]: Constructing common components for tinyskeletons:main
[13:12:08] [main/INFO]: Constructing common components for tradingpost:main
[13:12:08] [main/INFO]: Registered the FluidEffect with Unique ID of minecraft:water for Water (Fluid Amount Required: 81000) with the ID 0
[13:12:08] [main/INFO]: Registered the FluidEffect with Unique ID of minecraft:lava for Lava (Fluid Amount Required: 81000) with the ID 1
[13:12:08] [main/INFO]: Registered the FluidEffect with Unique ID of travelersbackpack:potion for block.travelersbackpack.potion_still (Fluid Amount Required: 27000) with the ID 2
[13:12:08] [main/INFO]: Registered the FluidEffect with Unique ID of milk:still_milk for Milk (Fluid Amount Required: 81000) with the ID 3
[13:12:09] [main/INFO]: [STDOUT]: TxniLib onInitialize!
[13:12:09] [main/INFO]: [Collective] JSON file 'entity_names.json' generation requested by mod 'villagernames'.
[13:12:09] [main/INFO]: Registered JSON trade offer adapter.
[13:12:09] [main/INFO]: [STDOUT]: Config updated!
[13:12:09] [main/INFO]: [STDOUT]: Config loaded!
[13:12:09] [main/INFO]: Has opac!! true
[13:12:09] [main/INFO]: Has ftbchunks!! false
[13:12:09] [main/INFO]: Has flan!! false
[13:12:09] [main/INFO]: Has goml!! false
[13:12:09] [Collective Update Checker/WARN]: [Update] Villager Names has an update available: 8.2 -> 8.7
[13:12:09] [main/INFO]: Registering C2S receiver with id wands:global_settings_packet
[13:12:09] [main/INFO]: Registering C2S receiver with id wands:key_packet
[13:12:09] [main/INFO]: Registering C2S receiver with id wands:palette_packet
[13:12:09] [main/INFO]: Registering C2S receiver with id wands:wand_packet
[13:12:09] [main/INFO]: Registering C2S receiver with id wands:sync_rock_packet
[13:12:09] [main/INFO]: Registering C2S receiver with id wands:pos_packet
[13:12:09] [main/INFO]: File exists, reading config for elocindev.ysns.config.DisabledEntities.
[13:12:09] [main/INFO]: Config for elocindev.ysns.config.DisabledEntities read successfully.
[13:12:09] [main/INFO]: File exists, reading config for elocindev.ysns.config.PerDimensionEntities.
[13:12:09] [main/INFO]: Config for elocindev.ysns.config.PerDimensionEntities read successfully.
[13:12:09] [main/INFO]: You Shall Not Spawn's Config initialized
[13:12:09] [main/INFO]: Reflections took 2 ms to scan 1 urls, producing 1 keys and 4 values
[13:12:09] [main/INFO]: Reflections took 2 ms to scan 1 urls, producing 1 keys and 4 values
[13:12:09] [main/INFO]: Reflections took 1 ms to scan 1 urls, producing 1 keys and 2 values
[13:12:09] [main/INFO]: Reflections took 1 ms to scan 1 urls, producing 1 keys and 2 values
[13:12:09] [main/INFO]: Registering content
[13:12:10] [main/INFO]: Registered extendedae config for auto-sync function
[13:12:10] [main/INFO]: Initialised items.
[13:12:10] [main/INFO]: Initialised blocks.
[13:12:10] [main/INFO]: Initialised block entities.
[13:12:10] [main/INFO]: Initialised Applied Botanics integration.
[13:12:10] [main/INFO]: Initialised AE2WT integration.
[13:12:10] [main/INFO]: Chose [Entity Tags] as the active game stages implementation
[13:12:10] [main/INFO]: Chose [FALLBACK] as the active permissions implementation
[13:12:10] [main/INFO]: [FTB Quests] recipe helper provider is [NO-OP]
[13:12:10] [main/INFO]: [FTB Quests] Enabled Item Filters integration
[13:12:10] [main/INFO]: Loaded config simplyswords:loot in 4ms
[13:12:10] [main/INFO]: [STDOUT]: [Modpack Update Checker] Registered commands
[13:12:10] [main/INFO]: Initialized block sets in 67ms
[13:12:10] [main/INFO]: Loaded config fastpaintings-common.json
[13:12:10] [main/INFO]: Loaded config amendments-client.json
[13:12:10] [main/INFO]: Initialized color sets in 111ms
[13:12:10] [main/INFO]: Finished mod setup in: [0, 0, 0, 0, 0, 0, 14, 1] ms
[13:12:10] [main/INFO]: Loading Open Parties and Claims!
[13:12:11] [main/INFO]: File exists, reading config for elocindev.prominent.config.ServerConfig.
[13:12:11] [main/INFO]: Config for elocindev.prominent.config.ServerConfig read successfully.
[13:12:11] [main/INFO]: Registering common data for channel xaerolib:main!
[13:12:11] [main/INFO]: Loading primary common config for channel xaerolib:main!
[13:12:11] [main/INFO]: Loading server config profiles for channel xaerolib:main!
[13:12:11] [main/INFO]: Loading XaeroLib common 1/2!
[13:12:11] [main/INFO]: Loading XaeroLib server 1/2!
[13:12:11] [main/INFO]: Registering common data for channel xaerominimap:main!
[13:12:11] [main/INFO]: Loading primary common config for channel xaerominimap:main!
[13:12:11] [main/INFO]: Loading server config profiles for channel xaerominimap:main!
[13:12:11] [main/INFO]: Loading Xaero's Minimap - Stage 1/2 (Server)
[13:12:11] [main/INFO]: Registering common data for channel xaeroworldmap:main!
[13:12:11] [main/INFO]: Loading primary common config for channel xaeroworldmap:main!
[13:12:11] [main/INFO]: Loading server config profiles for channel xaeroworldmap:main!
[13:12:11] [main/INFO]: Loading Xaero's World Map - Stage 1/2 (Server)
[13:12:11] [main/ERROR]: Failed to load properties from file: server.properties
java.nio.file.NoSuchFileException: server.properties
	at sun.nio.fs.UnixException.translateToIOException(UnixException.java:92) ~[?:?]
	at sun.nio.fs.UnixException.rethrowAsIOException(UnixException.java:106) ~[?:?]
	at sun.nio.fs.UnixException.rethrowAsIOException(UnixException.java:111) ~[?:?]
	at sun.nio.fs.UnixFileSystemProvider.newByteChannel(UnixFileSystemProvider.java:218) ~[?:?]
	at java.nio.file.Files.newByteChannel(Files.java:380) ~[?:?]
	at java.nio.file.Files.newByteChannel(Files.java:432) ~[?:?]
	at java.nio.file.spi.FileSystemProvider.newInputStream(FileSystemProvider.java:422) ~[?:?]
	at java.nio.file.Files.newInputStream(Files.java:160) ~[?:?]
	at net.minecraft.server.dedicated.AbstractPropertiesHandler.loadProperties(AbstractPropertiesHandler.java:62) ~[server-intermediary.jar:?]
	at net.minecraft.server.dedicated.ServerPropertiesHandler.load(ServerPropertiesHandler.java:137) ~[server-intermediary.jar:?]
	at net.minecraft.server.dedicated.ServerPropertiesLoader.<init>(ServerPropertiesLoader.java:12) ~[server-intermediary.jar:?]
	at net.minecraft.server.Main.main(Main.java:115) ~[server-intermediary.jar:?]
	at net.fabricmc.loader.impl.game.minecraft.MinecraftGameProvider.launch(MinecraftGameProvider.java:514) ~[fabric-loader-0.19.3.jar:?]
	at net.fabricmc.loader.impl.launch.knot.Knot.launch(Knot.java:72) ~[fabric-loader-0.19.3.jar:?]
	at net.fabricmc.loader.impl.launch.knot.KnotServer.main(KnotServer.java:23) ~[fabric-loader-0.19.3.jar:?]
	at net.fabricmc.loader.impl.launch.server.FabricServerLauncher.main(FabricServerLauncher.java:69) ~[fabric-loader-0.19.3.jar:?]
	at net.fabricmc.installer.ServerLauncher.main(ServerLauncher.java:69) ~[fabric-server-launcher.jar:1.1.2]
[13:12:11] [main/INFO]: You need to agree to the EULA in order to run the server. Go to eula.txt for more info.
Java version check was skipped. Did the server stop or crash because of a Java version mismatch?
Detected 1.20.1 - Java do_not_manually_edit, recommended 17.
Exiting...
