[13:50:18] [main/INFO]: Loading Minecraft 1.20.1 with Fabric Loader 0.19.3
[13:50:18] [ForkJoinPool-1-worker-3/WARN]: The mod "openblocks" contains invalid entries in its mod json:
- Unsupported root entry "client" at line 24 column 11
[13:50:18] [ForkJoinPool-1-worker-6/WARN]: Mod naturalist uses the version 5.0pre5 which isn't compatible with Loader's extended semantic version format (Could not parse version number component '0pre5'!), SemVer is recommended for reliably evaluating dependencies and prioritizing newer version
[13:50:18] [ForkJoinPool-1-worker-8/WARN]: The mod "dungeons_arise" contains invalid entries in its mod json:
- Unsupported root entry "credits" at line 12 column 12
[13:50:18] [ForkJoinPool-1-worker-4/WARN]: Mod ends_delight uses the version refabricated-1.20.1-2.5 which isn't compatible with Loader's extended semantic version format (Could not parse version number component 'refabricated'!), SemVer is recommended for reliably evaluating dependencies and prioritizing newer version
[13:50:18] [ForkJoinPool-1-worker-3/WARN]: Mod lootintegrations_moog uses the version ${version} which isn't compatible with Loader's extended semantic version format (Could not parse version number component '${version}'!), SemVer is recommended for reliably evaluating dependencies and prioritizing newer version
[13:50:18] [ForkJoinPool-1-worker-5/WARN]: Mod wither_spawn_fix uses the version MC1.20.1-1.0.0 which isn't compatible with Loader's extended semantic version format (Could not parse version number component 'MC1'!), SemVer is recommended for reliably evaluating dependencies and prioritizing newer version
[13:50:18] [ForkJoinPool-1-worker-5/WARN]: Mod create_new_age uses the version 1.1.7f+mc1.20.1 which isn't compatible with Loader's extended semantic version format (Could not parse version number component '7f'!), SemVer is recommended for reliably evaluating dependencies and prioritizing newer version
[13:50:18] [main/INFO]: Dependencies overridden for cynosure, smoothgui, create_questing, estrogen, thermoo, prominent, bettertrims, frostiful, chatanimation, copycats
[13:50:18] [main/WARN]: Warnings were found!
 - Mod 'Alloy Forgery' (alloy_forgery) 2.1.2+1.20 recommends version 12.0.0 or later of roughlyenoughitems, which is missing!
	 - You should install version 12.0.0 or later of roughlyenoughitems for the optimal experience.
 - Mod 'Botania' (botania) 1.20.1-456-FABRIC conflicts with any version of mod 'Open Parties and Claims' (openpartiesandclaims), which is present with the following versions: 0.25.10!
	 - While this won't prevent you from starting the game, the developer(s) of mod 'Botania' (botania) have found that this combination may cause issues. You should remove one of the mods or check for updates that resolve the issue.
 - Mod 'Debugify' (debugify) 1.20.1+2.0 recommends any 3.x version of yet-another-config-lib, which is missing!
	 - You should install any 3.x version of yet-another-config-lib for the optimal experience.
 - Mod 'SimplySkills' (simplyskills) 1.7.2+1.20.1 recommends version 1.4.2+1.20.1 or later of amethyst_core, which is missing!
	 - You should install version 1.4.2+1.20.1 or later of amethyst_core for the optimal experience.
 - Mod 'Spellblades and Such' (spellbladenext) 2.3.0+1.20.1 recommends version 1.2.0+1.20.1 of mod 'Paladins & Priests (RPG Series)' (paladins), but only the wrong version is present: 1.4.0+1.20.1!
	 - You should install version 1.2.0+1.20.1 of mod 'Paladins & Priests (RPG Series)' (paladins) for the optimal experience.
[13:50:18] [main/INFO]: Loading 548 mods:
	- aaa_particles 2.2.3
	- accessories 1.0.0-beta.48+1.20.1
	   |-- io_wispforest_endec 0.1.8
	   |-- io_wispforest_endec_gson 0.1.5
	   \-- io_wispforest_endec_netty 0.1.4
	- ad_astra 1.15.20
	   \-- javazoom_jlayer 1.0.1
	- ad_astra_cable_fix 1.1.0
	- ad_astra_giselle_addon 6.19
	- advancednetherite 2.1.3-1.20.1
	- adventurez 1.4.20
	- ae2 15.4.11
	   \-- team_reborn_energy 3.0.0
	- ae2wtlib 15.2.1-fabric
	- alloy_forgery 2.1.2+1.20
	- allthetrims 3.4.3
	- almostunified 1.20.1-0.11.0
	- alternate-current 1.9.0
	- amendments 1.20-2.2.6
	- animal_feeding_trough 1.1.0+1.20.1
	- appbot 1.5.2
	- appleskin 2.5.2+mc1.20.1
	- aquamirae 7.1.14
	- archers 1.3.0+1.20.1
	   \-- com_github_zsoltmolnarrr_tinyconfig 2.3.2
	- archers_expansion 0.2.6-1.20.1
	   \-- com_github_zsoltmolnarrr_tinyconfig 2.3.2
	- architectury 9.2.14
	- archon 1.1.5
	   |-- com_github_zsoltmolnarrr_tinyconfig 2.3.2
	   |-- omega-config 1.4.1+1.20.1
	   \-- saflib 1.1.0
	- artifacts 9.5.17
	   |-- expandability 9.0.4
	   \-- step-height-entity-attribute 1.2.0
	- ash_api 3.0.2+1.20.1
	- athena 3.1.2
	- attributefix 21.0.5
	- autotag-convention 2.0.2+1.20
	   \-- autotag 2.0.2+1.20
	- azurelib 3.0.27
	- azurelibarmor 2.0.14
	- badpackets 0.4.3
	- balm 7.3.41
	   \-- kuma_api 20.1.12
	- bards_rpg 1.0.0-1.20.1
	   \-- com_github_zsoltmolnarrr_tinyconfig 2.3.2
	- barteringstation 8.0.0
	- bcc 4.0.8
	- bclib 3.0.14
	   \-- wunderlib 1.1.5
	- better-trim-tooltips 1.0.1
	- betterarcheology 1.2.1-1.20.1
	- bettercombat 1.9.0+1.20.1
	- betterdeserttemples 1.20-Fabric-3.0.3
	   \-- org_reflections_reflections 0.10.2
	- betterdungeons 1.20-Fabric-4.0.4
	- betterend 4.0.11
	- betterend-crashed-ships 1.0.0
	- betterendisland 1.20-Fabric-2.0.6
	- betterfortresses 1.20-Fabric-2.0.6
	- betterjungletemples 1.20-Fabric-2.0.5
	- bettermineshafts 1.20-Fabric-4.0.4
	- betternether 9.0.10
	- betteroceanmonuments 1.20-Fabric-3.0.4
	- betterthanmending 1.3.0
	- bettertrims 2.3.2
	- betterwitchhuts 1.20-Fabric-3.0.3
	- blockswap 5.0.0.0
	- boatbreakfix 1.0.2
	- bookshelf 20.2.15
	- bosses_of_mass_destruction 1.7.5-1.20.1
	   |-- maelstrom_library 1.6.1-1.20
	   \-- multipart_entities 1.5-1.20
	- botania 1.20.1-456-FABRIC
	   |-- fiber 0.23.0-2
	   |-- reach-entity-attributes 2.4.0
	   \-- step-height-entity-attribute 1.2.0
	- botarium 2.3.4
	   \-- team_reborn_energy 3.0.0
	- bpmelodies 1.0.2
	- brewery 1.1.9
	- buildguide 0.4.9
	- bwncr 3.17.2
	- cardinal-components 5.2.3
	   |-- cardinal-components-base 5.2.3
	   |-- cardinal-components-block 5.2.3
	   |-- cardinal-components-chunk 5.2.3
	   |-- cardinal-components-entity 5.2.3
	   |-- cardinal-components-item 5.2.3
	   |-- cardinal-components-level 5.2.3
	   |-- cardinal-components-scoreboard 5.2.3
	   \-- cardinal-components-world 5.2.3
	- carryon 2.1.2.7
	- chefsdelight 1.0.4-fabric-1.20.1
	   \-- structurized-reborn 1.20.1-01
	- chipped 3.0.7
	- chipped_express 1.3.2
	- chunksavefix 1.0.0
	- chunky 1.3.146
	- cicada 0.14.3+1.20.1
	   \-- org_yaml_snakeyaml 2.2
	- clickadv 1.20.1-3.8
	- cloth-config 11.1.136
	   \-- cloth-basic-math 0.6.1
	- clumps 12.0.0.4
	- collective 8.42
	- combat_effects 1.0.0
	- combatroll 1.3.3+1.20.1
	- comforts 6.4.0+1.20.1
	- commonnetworking 1.0.6-1.20.1
	- connectiblechains 2.5.7+1.20.1
	- connectivity 1.20.1-7.7
	- convenientdecor 0.4.3
	- copycats 3.0.10+mc.1.20.1-fabric
	- coroutil 1.20.1-1.3.7
	- crash_assistant 1.11.12
	- create 6.0.8.1+build.1744-mc1.20.1
	   |-- com_google_code_findbugs_jsr305 3.0.2
	   |-- flywheel 1.0.5+1.20.1.build.264
	   |-- milk 1.2.60
	   |    \-- dripstone_fluid_lib 3.0.2
	   |-- ponder 1.0.91
	   |    |-- com_google_code_findbugs_jsr305 3.0.2
	   |    |-- flywheel 1.0.0
	   |    \-- javax_annotation_javax_annotation-api 1.3.2
	   |-- porting_lib_accessors 2.3.13+1.20.1
	   |    \-- porting_lib_core 2.3.13+1.20.1
	   |-- porting_lib_base 2.3.13+1.20.1
	   |    |-- porting_lib_attributes 2.3.13+1.20.1
	   |    |-- porting_lib_common 2.3.13+1.20.1
	   |    |-- porting_lib_config 2.3.13+1.20.1
	   |    |-- porting_lib_core 2.3.13+1.20.1
	   |    |-- porting_lib_fluids 2.3.13+1.20.1
	   |    |-- porting_lib_gui_utils 2.3.13+1.20.1
	   |    |-- porting_lib_lazy_registration 2.3.13+1.20.1
	   |    |-- porting_lib_mixin_extensions 2.3.13+1.20.1
	   |    |-- porting_lib_utility 2.3.13+1.20.1
	   |    \-- reach-entity-attributes 2.4.0
	   |-- porting_lib_brewing 2.3.13+1.20.1
	   |    \-- porting_lib_core 2.3.13+1.20.1
	   |-- porting_lib_client_events 2.3.13+1.20.1
	   |    \-- porting_lib_core 2.3.13+1.20.1
	   |-- porting_lib_entity 2.3.13+1.20.1
	   |    |-- porting_lib_core 2.3.13+1.20.1
	   |    \-- porting_lib_mixin_extensions 2.3.13+1.20.1
	   |-- porting_lib_extensions 2.3.13+1.20.1
	   |    |-- porting_lib_attributes 2.3.13+1.20.1
	   |    |-- porting_lib_common 2.3.13+1.20.1
	   |    |-- porting_lib_core 2.3.13+1.20.1
	   |    \-- reach-entity-attributes 2.4.0
	   |-- porting_lib_model_generators 2.3.13+1.20.1
	   |    |-- porting_lib_core 2.3.13+1.20.1
	   |    |-- porting_lib_data 2.3.13+1.20.1
	   |    |-- porting_lib_model_materials 2.3.13+1.20.1
	   |    \-- porting_lib_utility 2.3.13+1.20.1
	   |-- porting_lib_models 2.3.13+1.20.1
	   |    |-- porting_lib_core 2.3.13+1.20.1
	   |    |-- porting_lib_fluids 2.3.13+1.20.1
	   |    \-- porting_lib_model_loader 2.3.13+1.20.1
	   |-- porting_lib_networking 2.3.13+1.20.1
	   |    \-- porting_lib_core 2.3.13+1.20.1
	   |-- porting_lib_obj_loader 2.3.13+1.20.1
	   |    |-- porting_lib_core 2.3.13+1.20.1
	   |    \-- porting_lib_model_loader 2.3.13+1.20.1
	   |-- porting_lib_tool_actions 2.3.13+1.20.1
	   |    \-- porting_lib_core 2.3.13+1.20.1
	   |-- porting_lib_transfer 2.3.13+1.20.1
	   |    |-- porting_lib_core 2.3.13+1.20.1
	   |    \-- porting_lib_fluids 2.3.13+1.20.1
	   |-- reach-entity-attributes 2.4.0
	   \-- registrate-fabric 1.3.79-MC1.20.1
	        |-- com_google_code_findbugs_jsr305 3.0.2
	        \-- porting_lib_tags 3.0
	             \-- porting_lib_gametest 2.1.1090+1.20
	- create_new_age 1.1.7f+mc1.20.1
	   \-- esl 1.1.3
	        \-- team_reborn_energy 3.0.0
	- create_questing 1.0.0
	- createaddition 1.3.4
	- createestrogen 1.0.1+1.20.1
	- creativecore 2.12.41
	   \-- net_minecraftforge_eventbus 6.2.33
	- creeperoverhaul 3.0.2
	- cristellib 1.1.5
	   \-- blue_endless_jankson 1.2.3
	- croptopia 3.0.3
	- ctov 3.4.14
	- cupboard 1.20.1-4.2
	- custom_entity_attributes 1.0.0
	- customitemattributes 2.0.0
	- cynosure 0.1.16
	   |-- com_teamresourceful_bytecodecs 1.0.2
	   |-- kritter 0.1.12+1.20.1
	   \-- org_jetbrains_kotlin_kotlin-metadata-jvm 2.1.20
	- darkpaintings 17.0.6
	- darkutils 17.0.6
	- dawn 5.0.0
	   |-- terraform-shapes-api-v1 7.0.1
	   \-- terraform-wood-api-v1 7.0.1
	- death_knights 1.0.0
	- debugify 1.20.1+2.0
	- decorative_blocks 4.0.3
	- deeperdarker 1.3.3-plus-b
	   \-- customportalapi 0.0.1-beta64-1.20
	- derelict 2.1.0
	- despawntweaks 1.0.0
	- deuf_refabricated 1.1.0
	- do_a_barrel_roll 3.6.1+1.20.1
	- doapi 1.2.15
	   \-- terraform-wood-api-v1 7.0.1
	- doubledoors 7.3
	- dragonfight 1.20.1-5.0
	- dummmmmmy 1.20-2.0.12
	- dungeons_arise 2.1.58
	- dynamic_resource_bars 0.8.1
	- dynamictrim 1.4.1
	- eldritch_end 0.3.4
	- emi 1.1.24+1.20.1+fabric
	- emi_enchanting 0.1.2+1.20.1
	- emi_letsdo_compat 1.8.1
	- emi_loot 0.7.9+1.20.1+fabric
	- emi_ores 1.3+1.20.1+fabric
	- emiprofessions 1.0.4
	- enchanted 3.1.14
	- endrem 5.2.4
	- ends_delight refabricated-1.20.1-2.5
	- epherolib 1.2.0
	- estrogen 5.0.8+1.20.1
	   |-- baubly 1.0.1
	   |-- com_teamresourceful_resourceful-cosmetics-4j 1.0.5
	   |-- flywheel 1.0.2+1.20.1
	   \-- kittyconfig 1.2.16
	        |-- io_github_xn32_json5k-jvm 0.3.0
	        |-- kittynetworking 0.1.29
	        \-- net_peanuuutz_tomlkt_tomlkt-jvm 0.4.0
	- eternal_attributes 1.0.0
	- expandeddelight 0.3.2
	   \-- mm 2.3
	- explorations 1.20.1-1.6.1
	- explorerscompass 1.20.1-2.6.0-fabric
	- explorify 1.6.5
	- extendedae 1.20-1.0.2-fabric
	   \-- configuration 2.2.0
	- extra-mod-integrations 0.4.7+1.20.1
	- extraspellattributes 1.3.2
	- extremesoundmuffler 3.51
	   \-- fiber 0.23.0-2
	- fabric-api 0.92.12+1.20.1
	   |-- fabric-api-base 0.4.32+1802ada577
	   |-- fabric-api-lookup-api-v1 1.6.37+1802ada577
	   |-- fabric-biome-api-v1 13.0.15+93aa238b77
	   |-- fabric-block-api-v1 1.0.12+1802ada577
	   |-- fabric-block-view-api-v2 1.0.3+924f046a77
	   |-- fabric-blockrenderlayer-v1 1.1.42+1802ada577
	   |-- fabric-client-tags-api-v1 1.2.0+238242b777
	   |-- fabric-command-api-v1 1.2.35+f71b366f77
	   |-- fabric-command-api-v2 2.2.14+1802ada577
	   |-- fabric-commands-v0 0.2.52+df3654b377
	   |-- fabric-containers-v0 0.1.68+df3654b377
	   |-- fabric-content-registries-v0 4.0.13+1802ada577
	   |-- fabric-convention-tags-v1 1.5.6+1802ada577
	   |-- fabric-crash-report-info-v1 0.2.20+1802ada577
	   |-- fabric-data-attachment-api-v1 1.0.2+de0fd6d177
	   |-- fabric-data-generation-api-v1 12.4.0+238242b777
	   |-- fabric-dimensions-v1 2.1.55+1802ada577
	   |-- fabric-entity-events-v1 1.6.1+1c78457f77
	   |-- fabric-events-interaction-v0 0.6.6+13a40c6677
	   |-- fabric-events-lifecycle-v0 0.2.64+df3654b377
	   |-- fabric-game-rule-api-v1 1.0.41+1802ada577
	   |-- fabric-item-api-v1 2.1.29+1802ada577
	   |-- fabric-item-group-api-v1 4.0.14+1802ada577
	   |-- fabric-key-binding-api-v1 1.0.38+1802ada577
	   |-- fabric-keybindings-v0 0.2.36+df3654b377
	   |-- fabric-lifecycle-events-v1 2.2.23+1802ada577
	   |-- fabric-loot-api-v2 1.2.3+1802ada577
	   |-- fabric-loot-tables-v1 1.1.47+9e7660c677
	   |-- fabric-message-api-v1 5.1.10+1802ada577
	   |-- fabric-mining-level-api-v1 2.1.52+1802ada577
	   |-- fabric-model-loading-api-v1 1.0.4+1802ada577
	   |-- fabric-models-v0 0.4.3+9386d8a777
	   |-- fabric-networking-api-v1 1.3.15+0caff8d077
	   |-- fabric-networking-v0 0.3.55+df3654b377
	   |-- fabric-object-builder-api-v1 11.1.5+e35120df77
	   |-- fabric-particles-v1 1.1.3+1802ada577
	   |-- fabric-recipe-api-v1 1.0.25+1802ada577
	   |-- fabric-registry-sync-v0 2.4.1+4c0a70e677
	   |-- fabric-renderer-api-v1 3.2.2+1802ada577
	   |-- fabric-renderer-indigo 1.5.3+85287f9f77
	   |-- fabric-renderer-registries-v1 3.2.48+df3654b377
	   |-- fabric-rendering-data-attachment-v1 0.3.39+92a0d36777
	   |-- fabric-rendering-fluids-v1 3.0.29+1802ada577
	   |-- fabric-rendering-v0 1.1.51+df3654b377
	   |-- fabric-rendering-v1 3.0.10+54550fb677
	   |-- fabric-resource-conditions-api-v1 2.3.9+1802ada577
	   |-- fabric-resource-loader-v0 0.11.12+fb82e9d777
	   |-- fabric-screen-api-v1 2.0.9+1802ada577
	   |-- fabric-screen-handler-api-v1 1.3.34+1802ada577
	   |-- fabric-sound-api-v1 1.0.14+1802ada577
	   |-- fabric-tag-api-v1 1.3.0+238242b777
	   |-- fabric-transfer-api-v1 3.3.6+8dd72ea377
	   \-- fabric-transitive-access-wideners-v1 4.3.2+1802ada577
	- fabric-language-kotlin 1.13.9+kotlin.2.3.10
	   |-- org_jetbrains_kotlin_kotlin-reflect 2.3.10
	   |-- org_jetbrains_kotlin_kotlin-stdlib 2.3.10
	   |-- org_jetbrains_kotlin_kotlin-stdlib-jdk7 2.3.10
	   |-- org_jetbrains_kotlin_kotlin-stdlib-jdk8 2.3.10
	   |-- org_jetbrains_kotlinx_atomicfu-jvm 0.31.0
	   |-- org_jetbrains_kotlinx_kotlinx-coroutines-core-jvm 1.10.2
	   |-- org_jetbrains_kotlinx_kotlinx-coroutines-jdk8 1.10.2
	   |-- org_jetbrains_kotlinx_kotlinx-datetime-jvm 0.7.1
	   |-- org_jetbrains_kotlinx_kotlinx-io-bytestring-jvm 0.8.2
	   |-- org_jetbrains_kotlinx_kotlinx-io-core-jvm 0.8.2
	   |-- org_jetbrains_kotlinx_kotlinx-serialization-cbor-jvm 1.10.0
	   |-- org_jetbrains_kotlinx_kotlinx-serialization-core-jvm 1.10.0
	   \-- org_jetbrains_kotlinx_kotlinx-serialization-json-jvm 1.10.0
	- fabricloader 0.19.3
	   \-- mixinextras 0.5.4
	- fakerlib 0.1.5
	- fancy_hotbar 1.0.0
	- farmersdelight 1.20.1-2.4.1+refabricated
	   |-- mm 2.3
	   |-- porting_lib_loot 2.3.8+1.20.1
	   \-- porting_lib_recipe_book_categories 2.3.8+1.20.1
	- farmersknives 3.2
	- fastpaintings 1.20-1.2.7
	- faux-custom-entity-data 6.0.1
	- ferritecore 6.0.1
	- forcemaster_rpg 1.2.7-1.20.1
	   \-- com_github_zsoltmolnarrr_tinyconfig 2.3.2
	- forgeconfigapiport 8.0.3
	- forgeconfigscreens 8.0.2
	- fragmentum 5.2.0
	- friendsandfoes 3.0.9
	   \-- reach-entity-attributes 2.4.0
	- ftblibrary 2001.2.12
	- ftbquests 2001.4.18
	   \-- team_reborn_energy 3.0.0
	- ftbteams 2001.3.2
	- ftbxmodcompat 2.1.3
	- fwaystones 3.3.3+mc1.20.1
	- fzzy_config 0.7.7+1.20.1
	   \-- fabric-permissions-api-v0 0.3.1
	- geckolib 4.8.4
	   \-- com_eliotlash_mclib_mclib 20
	- geophilic 3.7
	- grassoverhaul 25.1.31
	- graveyard 3.0
	- gun-scaling 2.1.0
	   \-- com_github_zsoltmolnarrr_tinyconfig 2.3.2
	- handcrafted 3.0.6
	- herbalbrews 1.0.12
	- highlight 2.0.1
	- icarus 2.14.1
	- iceberg 1.1.25
	- idwtialsimmoedm 0.3.1+1.20
	- immersive_melodies 0.5.0+1.20.1
	- immersive_optimization 0.2.0
	- integrated_api 1.8.2
	- integrated_stronghold 1.1.1+1.20.1-fabric
	- integrated_villages 1.3.2+1.20.1-fabric
	- inventorysorter 1.9.0-1.20
	   \-- kyrptconfig 1.5.6-1.20
	- invoke 1.0.3.1-1.20.1
	- ironchests 5.0.2
	- item_obliterator 2.3.0
	- itemfilters 2001.1.0-build.59
	- jade 11.13.3+fabric
	- jadeaddons 5.5.2+fabric
	- jamlib 1.3.6+1.20.1-patch.1
	- java 17
	- jewelry 1.3.7+1.20.1
	   \-- com_github_zsoltmolnarrr_tinyconfig 2.3.2
	- justhammers 20.1.5+mc1.20.1
	- kibe 1.10.1-BETA+1.20
	   \-- playerabilitylib 1.8.0
	- kleeslabs 15.0.4
	- konkrete 1.8.1
	- leavesbegone 8.0.0
	- libz 1.0.3
	- lithium 0.11.4
	- lithostitched 1.4.11
	- lmft 1.1.1+1.21.9
	- logbegone 1.0.8
	- lootintegrations 1.20.1-4.7
	- lootintegrations_integrated 1
	- lootintegrations_moog ${version}
	- lootr 0.7.35.86
	- ltxtbfix 1.20.1-fabric-1.0.2
	- magnumtorch 8.0.2
	- mcda 5.0.2
	- mcdw 9.0.4
	- mcwholidays 1.1.2
	- megacells 2.4.6-1.20.1
	- melody 1.0.3
	- memorysettings 1.20.1-6.0
	- merequester 1.20.1-1.1.4
	- mes 2.1.0
	- midnightlib 1.9.3
	- minecells 2.0.0
	   \-- gimm1q 0.7.9+1.20.1
	        \-- com_github_redempt_crunch 2.0.3
	- minecraft 1.20.1
	- mixintrace 1.1.1+1.17
	- mmmindicators 1.0.0
	- mobhealthbar 2.3.0
	- mobs_of_mythology 2.1.2
	- modern_industrialization 1.8.6
	   |-- magna 1.10.1+1.20.1
	   |-- noindium 1.1.0+1.20
	   |-- playerabilitylib 1.8.0
	   \-- team_reborn_energy 3.0.0
	- modernfix 5.24.3+mc1.20.1
	- modpack-update-checker 0.15.6
	   \-- mpuc_lavendermd 0.1.2
	- moogs_structures 3.4.2+fabric
	- moonlight 1.20-2.16.36
	- more_armor_trims 1.5.4.1-1.20.1
	- more_rpg_classes 1.2.22-1.20.1
	   \-- com_github_zsoltmolnarrr_tinyconfig 2.3.2
	- moremobvariants 1.3.1
	- mutant_skeleton_armor_tweaks 3.1.0+1.20.1
	- mutantmonsters 8.0.8
	   \-- extensibleenums 7.0.1
	- mvs 5.1.3
	- mythicmounts 1.20.1-7.2
	- mythicupgrades 4.2.0+mc1.20.1
	- naturalist 5.0pre5
	- naturescompass 1.20.1-2.6.0-fabric
	- necronomicon 1.6.0
	- nerb 0.4.1
	- neruina 2.3.1-beta.1
	   |-- com_fasterxml_jackson_core_jackson-annotations 2.17.0
	   |-- com_fasterxml_jackson_core_jackson-core 2.17.0
	   |-- com_fasterxml_jackson_core_jackson-databind 2.17.0
	   |-- org_apache_httpcomponents_client5_httpclient5 5.3.1
	   |-- org_apache_httpcomponents_core5_httpcore5 5.3.1
	   |-- org_apache_maven_maven-artifact 3.8.1
	   \-- org_kohsuke_github-api 1.318
	- netherportalfix 13.0.1
	- newblahaj 1.1.1
	- nightconfigfixes 8.0.0
	- no_bouncy_arrows 1.1.0
	- nochatreports 1.20.1-v2.2.3
	   |-- fabric-rendering-v1 3.0.6+b3afc78b82
	   \-- fabric-screen-api-v1 2.0.6+b3afc78b82
	- obscure_api 16
	- octolib 0.5.0.1
	   \-- org_yaml_snakeyaml 2.2
	- offhandtickfix 1.0.0
	- onlyexcavators 1.20.1-1.0.1
	- opac_fixes 1.1.4
	- opacpvp 1.0.0
	- openblocks 0.0.3-1.20.1
	- openpartiesandclaims 0.25.10
	- owo 0.11.2+1.20
	- oxidized 1.8.2
	- packetfixer 3.3.2
	- paladins 1.4.0+1.20.1
	   \-- com_github_zsoltmolnarrr_tinyconfig 2.3.2
	- patchouli 1.20.1-85-FABRIC
	   \-- fiber 0.23.0-2
	- paxi 1.20-Fabric-4.0
	- pehkui 3.8.3+1.14.4-1.21
	   \-- kanos_config 0.4.1+1.14.4-1.19.4
	- philipsruins 5.7
	- pingwheel 1.12.1
	- piratesdoom 1.0.0
	- player-animator 1.0.2-rc1+1.20
	- polyeng 0.1.1-1.20.1
	- polymorph 0.49.10+1.20.1
	   \-- spectrelib 0.13.17+1.20.1
	- powah 5.0.11
	- projectile_damage 3.2.3+1.20.1
	- promenade 4.1.1
	   \-- biolith 1.0.0-alpha.8
	        \-- terraform-surfaces-api-v1 7.0.1
	- prominent 4.1.1
	   |-- prominent_settings 4.0.0
	   |-- prominent_talents 2.6.0
	   |-- prominentbase 4.1.1
	   |    \-- fantasy 0.4.11+1.20-rc1
	   \-- sbprom 1.1.0
	        \-- com_github_zsoltmolnarrr_tinyconfig 2.3.2
	- prominent_ost 1.0.0
	- puffish_attributes 0.8.2
	- puffish_skills 0.17.3
	- puzzleslib 8.1.33
	   \-- puzzlesaccessapi 20.1.1
	- quartzelv 2.2.7+1.20.4
	- questkilltask 0.2.0+1.20.1
	- quests_teams_fixes 1.0.2+1.20.1
	- railways 1.7.3+fabric-mc1.20.1
	   \-- mm 2.3
	- ranged_weapon_api 1.1.4+1.20.1
	- reacharound 1.3.1
	- rebalance 1.2.0
	- reborncore 5.8.14
	   \-- team_reborn_energy 3.0.0
	- recipeessentials 1.20.1-4.7
	- recipesplitter 1.0-SNAPSHOT
	- redirected 1.0.0
	- regions_unexplored 0.5.6+1.20.1
	- resistance_balancer 1.1.0
	- resourcefulconfig 2.1.3
	- resourcefullib 2.1.29
	   \-- com_teamresourceful_yabn 1.0.3
	- riverredux 0.3.1
	- rogues 1.2.0+1.20.1
	   \-- com_github_zsoltmolnarrr_tinyconfig 2.3.2
	- rpg-minibosses 1.9.2+1.20.1
	   \-- com_github_zsoltmolnarrr_tinyconfig 2.3.2
	- runes 0.9.13+1.20.1
	- s_lib 3.0.1+1.20.1
	- satisfying_buttons 1.1.2
	- serverbrowser 1.3.0
	- shield_api 1.0.1+1.20.1
	- shield_overhaul 2.0.4
	- simple_snowy_fix 2.1.5
	- simply_houses 1.1.4-1.20.1
	- simply_swords_tweaks 2.1.0+1.20.1
	- simplybows 0.1.4
	- simplybows_opac_bridge 1.0.1
	- simplycompat 1.2.5
	- simplyskills 1.7.2+1.20.1
	- simplyswords 1.70.2-1.20.1
	- simplytooltips 0.1.5-1.20.1
	- skyvillages 1.0.4-1.19.2-1.20.1
	- smartbrainlib 1.15
	- smoothchunk 1.20.1-4.1
	- smwyg 1.1.1
	- sollib 1.3
	   \-- mixinsquared 0.3.7-beta.3
	- sortilege 9.0
	   \-- mm 2.3
	- soulmaster 1.0.3
	   \-- com_github_zsoltmolnarrr_tinyconfig 2.3.2
	- soulsweapons 1.3.1-1.20.1-fabric
	- spark 1.10.53
	- spell-engine-openpac-compat 1.0.0
	- spell_engine 0.15.12+1.20.1
	   \-- com_github_zsoltmolnarrr_tinyconfig 2.3.2
	- spell_power 0.12.0+1.20.1
	   \-- com_github_zsoltmolnarrr_tinyconfig 2.3.2
	- spellbladenext 2.3.0+1.20.1
	   \-- com_github_zsoltmolnarrr_tinyconfig 2.3.2
	- stackdeobfuscator 1.4.3+08e71cc
	   |-- net_fabricmc_mapping-io 0.6.1
	   \-- stackdeobfuscator-common 1.4.3+08e71cc
	- stateobserver 1.4.3
	- stoneworks 8.0.0
	- structure_pool_api 1.0+1.20.1
	- structureessentials 1.20.1-5.0
	- supermartijn642configlib 1.1.8+a
	- supplementaries 1.20-3.1.43
	- swampier_swamps 1.20-4.0.0
	- t_and_t 1.12
	- tclayer 3.8.1+beta.14
	- techreborn 5.8.14
	   \-- team_reborn_energy 3.0.0
	- terrablender 3.0.1.10
	   |-- com_electronwill_night-config_core 3.6.7
	   \-- com_electronwill_night-config_toml 3.6.7
	- testosterone 2.0.3
	- testosterone_tweaks 1.0.0
	- thaumon 2.3.0+1.20.1
	- the_bumblezone 7.9.10+1.20.1-fabric
	   \-- noindium 1.1.0+1.20
	- thermoo 2.3.3
	- thiccpackets 1.17-1.19+
	- things 0.3.3+1.20
	   \-- lavender 0.1.0-pre.18+1.20
	        |-- lavender-md 0.1.0-pre.3+1.20
	        \-- lavender-md-owo-ui 0.1.0-pre.3+1.20
	- tiered 1.2.0
	   |-- autotag 2.0.2+1.20
	   \-- reach-entity-attributes 2.4.0
	- tinyskeletons 8.0.1
	- tlc 1.0.1
	- toofast 1.2.0
	- tradingpost 8.0.2
	- transmog 1.3.0+1.20
	- transparent 8.0.1+1.20.1
	- travelersbackpack 9.1.55
	   \-- reach-entity-attributes 2.4.0
	- treechop 0.19.0
	- twigs 3.1.0
	- txnilib 1.0.24
	- unrestricted_enchanting 1.1.0+1.20.1
	- unsafe-world-random-access-detector 1.1.4
	- veinmining 1.5.0+1.20.1
	- villagernames 8.2
	- villagersplus 3.1
	- vinery 1.4.41
	- vitalityfix 1.0.0
	- wands 3.0.5
	- watut 1.20.1-1.2.3
	- windchimes 1.2.4+1.20
	- winterly 0.9.3+1.20
	- wither_spawn_fix MC1.20.1-1.0.0
	- wizards 1.4.1+1.20.1
	   \-- com_github_zsoltmolnarrr_tinyconfig 2.3.2
	- xaerominimap 25.3.10
	   \-- xaerolib 1.1.0
	- xaeroworldmap 1.40.11
	   \-- xaerolib 1.1.0
	- yet_another_config_lib_v3 3.6.6+1.20.1-fabric
	   |-- com_twelvemonkeys_common_common-image 3.12.0
	   |-- com_twelvemonkeys_common_common-io 3.12.0
	   |-- com_twelvemonkeys_common_common-lang 3.12.0
	   |-- com_twelvemonkeys_imageio_imageio-core 3.12.0
	   |-- com_twelvemonkeys_imageio_imageio-metadata 3.12.0
	   |-- com_twelvemonkeys_imageio_imageio-webp 3.12.0
	   |-- org_quiltmc_parsers_gson 0.2.1
	   \-- org_quiltmc_parsers_json 0.2.1
	- yigd 2.0.16
	   \-- libgui 8.1.1+1.20.1
	        |-- jankson 6.0.0+j1.2.3
	        \-- libninepatch 1.2.0
	- yosbr 0.1.2
	- ysns 2.0.2
	- yungsapi 1.20-Fabric-4.0.6
	   \-- org_javassist_javassist 3.29.2-GA
	- yungsbridges 1.20-Fabric-4.0.3
	- zenith 2.0.2
	   \-- mm 2.3
	- zenith_attributes 1.0.3
	   |-- additionalentityattributes 1.7.6+1.20.1
	   |-- playerabilitylib 1.8.0
	   \-- reach-entity-attributes 2.4.0
[13:50:19] [main/WARN]: launchTarget: SERVER. Crash Assistant is client only mod. Mod will do nothing!
[13:50:19] [main/INFO]: Applying default options... (YOSBR)
[13:50:19] [main/INFO]: SpongePowered MIXIN Subsystem Version=0.8.7 Source=file:/home/ubuntu/minecraft-prominence-2-hasturian-era/libraries/net/fabricmc/sponge-mixin/0.17.3+mixin.0.8.7/sponge-mixin-0.17.3+mixin.0.8.7.jar Service=Knot/Fabric Env=SERVER
[13:50:19] [main/INFO]: Compatibility level set to JAVA_17
[13:50:19] [main/WARN]: Reference map 'aquamirae.refmap.json' for aquamirae.mixins.json could not be read. If this is a development environment you can ignore this message
[13:50:19] [main/WARN]: Reference map 'aquamirae.refmap.json' for aquamirae.fabric.mixins.json could not be read. If this is a development environment you can ignore this message
[13:50:20] [main/WARN]: Reference map 'coroutil.refmap.json' for coroutil_fabric.mixins.json could not be read. If this is a development environment you can ignore this message
[13:50:20] [main/WARN]: Reference map '[common]ctov-common-refmap.json' for ctov-common.mixins.json could not be read. If this is a development environment you can ignore this message
[13:50:20] [main/WARN]: Reference map 'cynosure.refmap.json' for cynosure.mixins.json could not be read. If this is a development environment you can ignore this message
[13:50:20] [main/INFO]: Preloading Debugify
[13:50:20] [main/WARN]: Reference map 'emi-letsdo-compat-common-refmap.json' for emi_letsdo_compat-common.mixins.json could not be read. If this is a development environment you can ignore this message
[13:50:20] [main/WARN]: Reference map 'fragmentum.mixins.refmap.json' for fragmentum.mixins.json could not be read. If this is a development environment you can ignore this message
[13:50:20] [main/WARN]: Reference map 'graveyard-FABRIC-fabric-refmap.json' for graveyard-fabric.mixins.json could not be read. If this is a development environment you can ignore this message
[13:50:20] [main/WARN]: Reference map 'icarus.refmap.json' for icarus.mixins.json could not be read. If this is a development environment you can ignore this message
[13:50:20] [main/WARN]: Reference map 'icarus.refmap.json' for icarus.fabric.mixins.json could not be read. If this is a development environment you can ignore this message
[13:50:20] [main/INFO]: File exists, reading config for elocindev.item_obliterator.fabric_quilt.config.ConfigEntries.
[13:50:20] [main/INFO]: Config for elocindev.item_obliterator.fabric_quilt.config.ConfigEntries read successfully.
[13:50:20] [main/WARN]: Reference map 'justhammers-common-refmap.json' for justhammers-common.mixins.json could not be read. If this is a development environment you can ignore this message
[13:50:20] [main/INFO]: Loaded configuration file for Lithium: 131 options available, 5 override(s) found
[13:50:20] [main/WARN]: Reference map 'mobhealthbar-fabric-1.20.x-refmap.json' for mobhealthbar.mixins.json could not be read. If this is a development environment you can ignore this message
[13:50:20] [main/INFO]: Loaded configuration file for ModernFix 5.24.3+mc1.20.1: 70 options available, 3 override(s) found
[13:50:20] [main/WARN]: Option 'mixin.perf.faster_item_rendering' overriden (by user configuration) to 'true'
[13:50:20] [main/WARN]: Option 'mixin.perf.dynamic_resources' overriden (by user configuration) to 'true'
[13:50:20] [main/WARN]: Option 'mixin.perf.blast_search_trees' overriden (by user configuration) to 'false'
[13:50:20] [main/INFO]: Applying Nashorn fix
[13:50:20] [main/WARN]: Reference map 'more_armor_trims-refmap.json' for more_armor_trims.mixins.json could not be read. If this is a development environment you can ignore this message
[13:50:20] [main/WARN]: Reference map 'mythic-mounts-refmap.json' for mythic-mounts.mixins.json could not be read. If this is a development environment you can ignore this message
[13:50:20] [main/WARN]: Reference map 'OctoLib-COMMON-common-refmap.json' for octolib-common.mixins.json could not be read. If this is a development environment you can ignore this message
[13:50:20] [main/INFO]: Packet Fixer fabric 1.19.3-1.20.1 has been applied successfully.
[13:50:20] [main/INFO]: File exists, reading config for elocindev.prominent.livecontent.LiveContentSettings.
[13:50:20] [main/INFO]: Config for elocindev.prominent.livecontent.LiveContentSettings read successfully.
[13:50:20] [main/WARN]: Reference map 'puffish_attributes-refmap.json' for puffish_attributes.mixins.json could not be read. If this is a development environment you can ignore this message
[13:50:20] [main/WARN]: Reference map 'puzzlesaccessapi.common.refmap.json' for puzzlesaccessapi.common.mixins.json could not be read. If this is a development environment you can ignore this message
[13:50:20] [main/WARN]: Reference map 'puzzlesaccessapi.fabric.refmap.json' for puzzlesaccessapi.fabric.mixins.json could not be read. If this is a development environment you can ignore this message
[13:50:20] [main/WARN]: Reference map 'sollib.refmap.json' for sollib.mixins.json could not be read. If this is a development environment you can ignore this message
[13:50:20] [main/WARN]: Reference map 'sollib.refmap.json' for sollib.fabric.mixins.json could not be read. If this is a development environment you can ignore this message
[13:50:21] [main/WARN]: Reference map 'supermartijn642configlib.mixins.refmap.json' for supermartijn642configlib.mixins.json could not be read. If this is a development environment you can ignore this message
[13:50:21] [main/WARN]: Reference map 'testosterone_tweaks.refmap.json' for mixins.testosterone_tweaks.json could not be read. If this is a development environment you can ignore this message
[13:50:21] [main/WARN]: Reference map 'thaumon-common-refmap.json' for thaumon-common.mixins.json could not be read. If this is a development environment you can ignore this message
[13:50:21] [main/WARN]: Error loading class: net/minecraft/class_881 (java.lang.ClassNotFoundException: net/minecraft/class_881)
[13:50:21] [main/WARN]: @Mixin target net.minecraft.class_881 was not found porting_lib_base.mixins.json:client.BoatRendererMixin from mod porting_lib_base
[13:50:21] [main/WARN]: Error loading class: net/minecraft/class_525 (java.lang.ClassNotFoundException: net/minecraft/class_525)
[13:50:21] [main/WARN]: @Mixin target net.minecraft.class_525 was not found porting_lib_base.mixins.json:client.CreateWorldScreenMixin from mod porting_lib_base
[13:50:21] [main/WARN]: Error loading class: net/minecraft/class_906 (java.lang.ClassNotFoundException: net/minecraft/class_906)
[13:50:21] [main/WARN]: @Mixin target net.minecraft.class_906 was not found porting_lib_tool_actions.mixins.json:FishingHookRendererMixin from mod porting_lib_tool_actions
[13:50:21] [main/WARN]: Error loading class: net/minecraft/class_761 (java.lang.ClassNotFoundException: net/minecraft/class_761)
[13:50:21] [main/WARN]: @Mixin target net.minecraft.class_761 was not found accessories-common.mixins.json:LevelRendererAccessor from mod accessories
[13:50:21] [main/WARN]: Error loading class: io/github/apace100/apoli/power/factory/condition/ConditionFactory (java.lang.ClassNotFoundException: io/github/apace100/apoli/power/factory/condition/ConditionFactory)
[13:50:21] [main/WARN]: Error loading class: link/infra/indium/renderer/helper/GeometryHelper (java.lang.ClassNotFoundException: link/infra/indium/renderer/helper/GeometryHelper)
[13:50:21] [main/WARN]: Error loading class: net/fabricmc/fabric/impl/client/indigo/renderer/helper/GeometryHelper (java.lang.ClassNotFoundException: net/fabricmc/fabric/impl/client/indigo/renderer/helper/GeometryHelper)
[13:50:21] [main/WARN]: Error loading class: me/jellysquid/mods/lithium/common/ai/pathing/PathNodeDefaults (java.lang.ClassNotFoundException: me/jellysquid/mods/lithium/common/ai/pathing/PathNodeDefaults)
[13:50:21] [main/WARN]: Error loading class: com/tom/storagemod/tile/StorageTerminalBlockEntity (java.lang.ClassNotFoundException: com/tom/storagemod/tile/StorageTerminalBlockEntity)
[13:50:21] [main/WARN]: Error loading class: net/minecraft/class_310 (java.lang.ClassNotFoundException: net/minecraft/class_310)
[13:50:21] [main/WARN]: @Mixin target net.minecraft.class_310 was not found mixins.dynamic_resource_bars.json:compat.farmersdelight.BaseOverlayMixin from mod dynamic_resource_bars
[13:50:21] [main/WARN]: Error loading class: net/minecraft/class_632 (java.lang.ClassNotFoundException: net/minecraft/class_632)
[13:50:21] [main/WARN]: @Mixin target net.minecraft.class_632 was not found lavender.mixins.json:ClientAdvancementManagerAccessor from mod lavender
[13:50:21] [main/WARN]: Force-disabling mixin 'ai.nearby_entity_tracking.EntityMixin' as rule 'mixin.ai.nearby_entity_tracking' (added by user configuration) disables it and children
[13:50:21] [main/WARN]: Force-disabling mixin 'ai.nearby_entity_tracking.EntityTrackingSectionMixin' as rule 'mixin.ai.nearby_entity_tracking' (added by user configuration) disables it and children
[13:50:21] [main/WARN]: Force-disabling mixin 'ai.nearby_entity_tracking.ServerEntityManagerAccessor' as rule 'mixin.ai.nearby_entity_tracking' (added by user configuration) disables it and children
[13:50:21] [main/WARN]: Force-disabling mixin 'ai.nearby_entity_tracking.ServerEntityManagerListenerMixin' as rule 'mixin.ai.nearby_entity_tracking' (added by user configuration) disables it and children
[13:50:21] [main/WARN]: Force-disabling mixin 'ai.nearby_entity_tracking.ServerEntityManagerMixin' as rule 'mixin.ai.nearby_entity_tracking' (added by user configuration) disables it and children
[13:50:21] [main/WARN]: Force-disabling mixin 'ai.nearby_entity_tracking.ServerWorldAccessor' as rule 'mixin.ai.nearby_entity_tracking' (added by user configuration) disables it and children
[13:50:21] [main/WARN]: Force-disabling mixin 'ai.nearby_entity_tracking.goals.FleeEntityGoalMixin' as rule 'mixin.ai.nearby_entity_tracking' (added by user configuration) disables it and children
[13:50:21] [main/WARN]: Force-disabling mixin 'ai.nearby_entity_tracking.goals.LookAtEntityGoalMixin' as rule 'mixin.ai.nearby_entity_tracking' (added by user configuration) disables it and children
[13:50:21] [main/WARN]: Force-disabling mixin 'ai.task.memory_change_counting.BrainMixin' as rule 'mixin.ai.task.memory_change_counting' (added by mods [smartbrainlib]) disables it and children
[13:50:21] [main/WARN]: Force-disabling mixin 'ai.task.memory_change_counting.MultiTickTaskMixin' as rule 'mixin.ai.task.memory_change_counting' (added by mods [smartbrainlib]) disables it and children
[13:50:21] [main/WARN]: Force-disabling mixin 'alloc.blockstate.StateMixin' as rule 'mixin.alloc.blockstate' (added by mods [ferritecore]) disables it and children
[13:50:21] [main/WARN]: Force-disabling mixin 'block.moving_block_shapes.PistonBlockEntityMixin' as rule 'mixin.block.moving_block_shapes' (added by mods [supplementaries]) disables it and children
[13:50:21] [main/WARN]: Force-disabling mixin 'block.moving_block_shapes.VoxelShapeMixin' as rule 'mixin.block.moving_block_shapes' (added by mods [supplementaries]) disables it and children
[13:50:21] [main/WARN]: Error loading class: net/minecraft/class_3494$class_3495 (java.lang.ClassNotFoundException: net/minecraft/class_3494$class_3495)
[13:50:21] [main/WARN]: Error loading class: net/minecraft/class_337$1 (java.lang.ClassNotFoundException: net/minecraft/class_337$1)
[13:50:22] [main/WARN]: @Mixin target net/minecraft/class_337$1 was not found minecells.mixins.json:client.hud.BossBarUpdaterMixin from mod minecells
[13:50:22] [main/WARN]: @Mixin target net.minecraft.class_525 was not found moonlight.mixins.json:CreateWorldScreenMixin from mod moonlight
[13:50:22] [main/WARN]: Error loading class: fr/catcore/server/translations/api/resource/language/SystemDelegatedLanguage (java.lang.ClassNotFoundException: fr/catcore/server/translations/api/resource/language/SystemDelegatedLanguage)
[13:50:22] [main/WARN]: Error loading class: draylar/magna/api/reach/ReachDistanceHelper (java.lang.ClassNotFoundException: draylar/magna/api/reach/ReachDistanceHelper)
[13:50:22] [main/INFO]: Loaded config for: recipeessentials.json
[13:50:22] [main/WARN]: Error loading class: net/minecraft/class_4267 (java.lang.ClassNotFoundException: net/minecraft/class_4267)
[13:50:22] [main/WARN]: @Mixin target net.minecraft.class_4267 was not found serverbrowser.mixins.json:ServerSelectionMixin from mod serverbrowser
[13:50:22] [main/WARN]: Error loading class: net/minecraft/class_329 (java.lang.ClassNotFoundException: net/minecraft/class_329)
[13:50:22] [main/WARN]: @Mixin target net.minecraft.class_329 was not found shield_overhaul.mixins.json:CursorIconMixin from mod shield_overhaul
[13:50:22] [main/WARN]: Error loading class: com/teamabnormals/caverns_and_chasms/common/item/copper/WeatheringCopperItem (java.lang.ClassNotFoundException: com/teamabnormals/caverns_and_chasms/common/item/copper/WeatheringCopperItem)
[13:50:22] [main/WARN]: @Mixin target com.teamabnormals.caverns_and_chasms.common.item.copper.WeatheringCopperItem was not found sortilege.mixins.json:WeatheringCopperItemMixin from mod sortilege
[13:50:22] [main/INFO]: Loaded config for: structureessentials.json
[13:50:22] [main/WARN]: Error loading class: me/jellysquid/mods/sodium/client/render/chunk/compile/pipeline/FluidRenderer (java.lang.ClassNotFoundException: me/jellysquid/mods/sodium/client/render/chunk/compile/pipeline/FluidRenderer)
[13:50:22] [main/WARN]: Error loading class: com/ishland/c2me/fixes/worldgen/threading_issues/common/CheckedThreadLocalRandom (java.lang.ClassNotFoundException: com/ishland/c2me/fixes/worldgen/threading_issues/common/CheckedThreadLocalRandom)
[13:50:22] [main/WARN]: Error loading class: com/beansgalaxy/backpacks/compat/TrinketsRegistry$1 (java.lang.ClassNotFoundException: com/beansgalaxy/backpacks/compat/TrinketsRegistry$1)
[13:50:22] [main/WARN]: Error loading class: io/github/apace100/apoli/power/KeepInventoryPower (java.lang.ClassNotFoundException: io/github/apace100/apoli/power/KeepInventoryPower)
[13:50:22] [main/WARN]: Error loading class: net/minecraft/class_465 (java.lang.ClassNotFoundException: net/minecraft/class_465)
[13:50:22] [main/WARN]: @Mixin target net.minecraft.class_465 was not found zenith.mixins.json:AbstractContainerScreenAccessor from mod zenith
[13:50:22] [main/WARN]: Error loading class: net/minecraft/class_332 (java.lang.ClassNotFoundException: net/minecraft/class_332)
[13:50:22] [main/WARN]: @Mixin target net.minecraft.class_332 was not found zenith.mixins.json:GuiGraphicsAccessor from mod zenith
[13:50:22] [main/WARN]: Error loading class: net/minecraft/class_8002 (java.lang.ClassNotFoundException: net/minecraft/class_8002)
[13:50:22] [main/WARN]: @Mixin target net.minecraft.class_8002 was not found zenith.mixins.json:TooltipRenderUtilAccessor from mod zenith
[13:50:22] [main/WARN]: Error loading class: dev/ftb/mods/ftbchunks/client/gui/LargeMapScreen (java.lang.ClassNotFoundException: dev/ftb/mods/ftbchunks/client/gui/LargeMapScreen)
[13:50:22] [main/WARN]: @Mixin target dev.ftb.mods.ftbchunks.client.gui.LargeMapScreen was not found create.mixins.json:compat.ftbchunks.LargeMapScreenAccessor from mod create
[13:50:22] [main/WARN]: Error loading class: dev/ftb/mods/ftbchunks/client/gui/RegionMapPanel (java.lang.ClassNotFoundException: dev/ftb/mods/ftbchunks/client/gui/RegionMapPanel)
[13:50:22] [main/WARN]: @Mixin target dev.ftb.mods.ftbchunks.client.gui.RegionMapPanel was not found create.mixins.json:compat.ftbchunks.RegionMapPanelAccessor from mod create
[13:50:23] [main/INFO]: Loaded local config
[13:50:23] [main/INFO]: Loaded server config
[13:50:24] [main/INFO]: Initializing MixinExtras via com.llamalad7.mixinextras.service.MixinExtrasServiceImpl(version=0.5.4).
[13:50:24] [main/WARN]: Method overwrite conflict for getLivingAttacker in bards_rpg.mixins.json:ArmiesMotivationMixin from mod bards_rpg, previously written by com.bard_rpg.mixin.ArmiesPaeonMixin. Skipping method.
[13:50:24] [main/WARN]: @ModifyVariable(@At("INVOKE")) Shift.BY=2 on accessories-fabric.mixins.json:LivingEntityMixin from mod accessories::localvar$zfj000$accessories$adjustLooting exceeds the maximum allowed value: 0. Increase the value of maxShiftBy to suppress this warning.
[13:50:25] [main/INFO]: Mixing common.MixinFriendlyByteBuf from mixins/common/nochatreports.mixins.json into net.minecraft.class_2540
[13:50:25] [main/INFO]: Renaming synthetic method lambda$onWriteJsonWithCodec$1(Ljava/lang/Object;Ljava/lang/String;)Lio/netty/handler/codec/EncoderException; to md819359$nochatreports$lambda$onWriteJsonWithCodec$1$0 in mixins/common/nochatreports.mixins.json:common.MixinFriendlyByteBuf from mod nochatreports
[13:50:25] [main/INFO]: Renaming synthetic method lambda$onReadJsonWithCodec$0(Ljava/lang/String;)Lio/netty/handler/codec/DecoderException; to md819359$nochatreports$lambda$onReadJsonWithCodec$0$1 in mixins/common/nochatreports.mixins.json:common.MixinFriendlyByteBuf from mod nochatreports
[13:50:25] [main/WARN]: @ModifyConstant conflict. Skipping xlpackets.mixins.json:PacketByteBufMixin from mod thiccpackets->@ModifyConstant::xlPackets(J)J with priority 1000, already redirected by packetfixer.v1_19_3.fabric.mixins.json:v1_19_3_fabric.FriendlyByteBufMixin from mod packetfixer->@ModifyConstant::packetfixer$readNbt$newSize(J)J with priority 1000
[13:50:25] [main/INFO]: Injecting BlockStateBase cache population hook into getNeighborPathNodeType from me.jellysquid.mods.lithium.mixin.ai.pathing.AbstractBlockStateMixin
[13:50:25] [main/INFO]: Injecting BlockStateBase cache population hook into getPathNodeType from me.jellysquid.mods.lithium.mixin.ai.pathing.AbstractBlockStateMixin
[13:50:25] [main/INFO]: Injecting BlockStateBase cache population hook into getAllFlags from me.jellysquid.mods.lithium.mixin.util.block_tracking.AbstractBlockStateMixin
[13:50:26] [main/WARN]: @Redirect conflict. Skipping mixins.redirected_fabric_1.20.1.json:net.minecraft.world.level.block.piston.PistonBaseBlockMixin from mod redirected->@Redirect::redirectDirections()[Lnet/minecraft/class_2350; with priority 10, already redirected by lithium.mixins.json:alloc.enum_values.piston_block.PistonBlockMixin from mod lithium->@Redirect::removeAllocation()[Lnet/minecraft/class_2350; with priority 1000
[13:50:26] [main/WARN]: @Redirect conflict. Skipping mixins.redirected_fabric_1.20.1.json:net.minecraft.world.level.block.piston.PistonBaseBlockMixin from mod redirected->@Redirect::redirectDirections()[Lnet/minecraft/class_2350; with priority 10, already redirected by lithium.mixins.json:alloc.enum_values.piston_block.PistonBlockMixin from mod lithium->@Redirect::removeAllocation()[Lnet/minecraft/class_2350; with priority 1000
[13:50:26] [main/WARN]: @Redirect conflict. Skipping mixins.redirected_fabric_1.20.1.json:net.minecraft.world.level.block.RedStoneWireBlockMixin from mod redirected->@Redirect::redirectDirections()[Lnet/minecraft/class_2350; with priority 10, already redirected by lithium.mixins.json:alloc.enum_values.redstone_wire.RedstoneWireBlockMixin from mod lithium->@Redirect::removeAllocation1()[Lnet/minecraft/class_2350; with priority 1000
[13:50:26] [main/WARN]: @Redirect conflict. Skipping mixins.redirected_fabric_1.20.1.json:net.minecraft.world.level.block.RedStoneWireBlockMixin from mod redirected->@Redirect::redirectDirections()[Lnet/minecraft/class_2350; with priority 10, already redirected by lithium.mixins.json:alloc.enum_values.redstone_wire.RedstoneWireBlockMixin from mod lithium->@Redirect::removeAllocation2()[Lnet/minecraft/class_2350; with priority 1000
[13:50:26] [main/INFO]: Instancing error handler class dev.isxander.debugify.mixinplugin.DebugifyErrorHandler
[13:50:26] [main/INFO]: Instancing error handler class com.illusivesoulworks.polymorph.mixin.IntegratedMixinPlugin
[13:50:26] [main/WARN]: Mixin apply for mod necronomicon failed necronomicon-common.mixins.json:item.AnimatedItemNameMixin from mod necronomicon -> net.minecraft.class_1799: org.spongepowered.asm.mixin.injection.throwables.InvalidInjectionException Critical injection failure: @Inject annotation on getName could not find any targets matching 'getHoverName' in net/minecraft/class_1799. No refMap loaded. [handler$fpp001$necronomicon$getName(Lorg/spongepowered/asm/mixin/injection/callback/CallbackInfoReturnable;)V -> Parse ->  -> Validate Targets]
org.spongepowered.asm.mixin.injection.throwables.InvalidInjectionException: Critical injection failure: @Inject annotation on getName could not find any targets matching 'getHoverName' in net/minecraft/class_1799. No refMap loaded. [handler$fpp001$necronomicon$getName(Lorg/spongepowered/asm/mixin/injection/callback/CallbackInfoReturnable;)V -> Parse ->  -> Validate Targets]
	at org.spongepowered.asm.mixin.injection.selectors.TargetSelectors.validate(TargetSelectors.java:346) ~[sponge-mixin-0.17.3+mixin.0.8.7.jar:0.17.3+mixin.0.8.7]
	at org.spongepowered.asm.mixin.injection.struct.InjectionInfo.readAnnotation(InjectionInfo.java:369) ~[sponge-mixin-0.17.3+mixin.0.8.7.jar:0.17.3+mixin.0.8.7]
	at org.spongepowered.asm.mixin.injection.struct.InjectionInfo.<init>(InjectionInfo.java:340) ~[sponge-mixin-0.17.3+mixin.0.8.7.jar:0.17.3+mixin.0.8.7]
	at org.spongepowered.asm.mixin.injection.struct.InjectionInfo.<init>(InjectionInfo.java:331) ~[sponge-mixin-0.17.3+mixin.0.8.7.jar:0.17.3+mixin.0.8.7]
	at org.spongepowered.asm.mixin.injection.struct.CallbackInjectionInfo.<init>(CallbackInjectionInfo.java:48) ~[sponge-mixin-0.17.3+mixin.0.8.7.jar:0.17.3+mixin.0.8.7]
	at jdk.internal.reflect.GeneratedConstructorAccessor34.newInstance(Unknown Source) ~[?:?]
	at jdk.internal.reflect.DelegatingConstructorAccessorImpl.newInstance(DelegatingConstructorAccessorImpl.java:45) ~[?:?]
	at java.lang.reflect.Constructor.newInstanceWithCaller(Constructor.java:500) ~[?:?]
	at java.lang.reflect.Constructor.newInstance(Constructor.java:481) ~[?:?]
	at org.spongepowered.asm.mixin.injection.struct.InjectionInfo$InjectorEntry.create(InjectionInfo.java:196) ~[sponge-mixin-0.17.3+mixin.0.8.7.jar:0.17.3+mixin.0.8.7]
	at org.spongepowered.asm.mixin.injection.struct.InjectionInfo.parse(InjectionInfo.java:664) ~[sponge-mixin-0.17.3+mixin.0.8.7.jar:0.17.3+mixin.0.8.7]
	at org.spongepowered.asm.mixin.transformer.MixinTargetContext.prepareInjections(MixinTargetContext.java:1386) ~[sponge-mixin-0.17.3+mixin.0.8.7.jar:0.17.3+mixin.0.8.7]
	at org.spongepowered.asm.mixin.transformer.MixinApplicatorStandard.prepareInjections(MixinApplicatorStandard.java:811) ~[sponge-mixin-0.17.3+mixin.0.8.7.jar:0.17.3+mixin.0.8.7]
	at org.spongepowered.asm.mixin.transformer.MixinApplicatorStandard.lambda$runApplicatorPass$3(MixinApplicatorStandard.java:323) ~[sponge-mixin-0.17.3+mixin.0.8.7.jar:0.17.3+mixin.0.8.7]
	at org.spongepowered.asm.mixin.transformer.MixinApplicatorStandard.processMixins(MixinApplicatorStandard.java:381) ~[sponge-mixin-0.17.3+mixin.0.8.7.jar:0.17.3+mixin.0.8.7]
	at org.spongepowered.asm.mixin.transformer.MixinApplicatorStandard.runApplicatorPass(MixinApplicatorStandard.java:320) ~[sponge-mixin-0.17.3+mixin.0.8.7.jar:0.17.3+mixin.0.8.7]
	at org.spongepowered.asm.mixin.transformer.MixinApplicatorStandard.apply(MixinApplicatorStandard.java:240) ~[sponge-mixin-0.17.3+mixin.0.8.7.jar:0.17.3+mixin.0.8.7]
	at org.spongepowered.asm.mixin.transformer.TargetClassContext.apply(TargetClassContext.java:437) ~[sponge-mixin-0.17.3+mixin.0.8.7.jar:0.17.3+mixin.0.8.7]
	at org.spongepowered.asm.mixin.transformer.TargetClassContext.applyMixins(TargetClassContext.java:418) ~[sponge-mixin-0.17.3+mixin.0.8.7.jar:0.17.3+mixin.0.8.7]
	at org.spongepowered.asm.mixin.transformer.MixinProcessor.applyMixins(MixinProcessor.java:351) ~[sponge-mixin-0.17.3+mixin.0.8.7.jar:0.17.3+mixin.0.8.7]
	at org.spongepowered.asm.mixin.transformer.MixinTransformer.transformClass(MixinTransformer.java:237) ~[sponge-mixin-0.17.3+mixin.0.8.7.jar:0.17.3+mixin.0.8.7]
	at org.spongepowered.asm.mixin.transformer.MixinTransformer.transformClassBytes(MixinTransformer.java:202) ~[sponge-mixin-0.17.3+mixin.0.8.7.jar:0.17.3+mixin.0.8.7]
	at net.fabricmc.loader.impl.launch.knot.KnotClassDelegate.getPostMixinClassByteArray(KnotClassDelegate.java:435) ~[fabric-loader-0.19.3.jar:?]
	at net.fabricmc.loader.impl.launch.knot.KnotClassDelegate.tryLoadClass(KnotClassDelegate.java:336) ~[fabric-loader-0.19.3.jar:?]
	at net.fabricmc.loader.impl.launch.knot.KnotClassDelegate.loadClass(KnotClassDelegate.java:231) ~[fabric-loader-0.19.3.jar:?]
	at net.fabricmc.loader.impl.launch.knot.KnotClassLoader.loadClass(KnotClassLoader.java:119) ~[fabric-loader-0.19.3.jar:?]
	at java.lang.ClassLoader.loadClass(ClassLoader.java:525) ~[?:?]
	at net.minecraft.class_5620.method_32211(class_5620.java:39) ~[server-intermediary.jar:?]
	at net.minecraft.class_156.method_654(class_156.java:436) ~[server-intermediary.jar:?]
	at net.minecraft.class_5620.method_32206(class_5620.java:39) ~[server-intermediary.jar:?]
	at net.minecraft.class_5620.<clinit>(class_5620.java:33) ~[server-intermediary.jar:?]
	at net.minecraft.class_5546.<init>(class_5546.java:17) ~[server-intermediary.jar:?]
	at net.minecraft.class_2246.<clinit>(class_2246.java:477) ~[server-intermediary.jar:?]
	at net.minecraft.class_2358.method_10199(class_2358.java:326) ~[server-intermediary.jar:?]
	at net.minecraft.class_2966.method_12851(class_2966.java:54) ~[server-intermediary.jar:?]
	at net.minecraft.server.Main.main(Main.java:109) ~[server-intermediary.jar:?]
	at net.fabricmc.loader.impl.game.minecraft.MinecraftGameProvider.launch(MinecraftGameProvider.java:514) ~[fabric-loader-0.19.3.jar:?]
	at net.fabricmc.loader.impl.launch.knot.Knot.launch(Knot.java:72) ~[fabric-loader-0.19.3.jar:?]
	at net.fabricmc.loader.impl.launch.knot.KnotServer.main(KnotServer.java:23) ~[fabric-loader-0.19.3.jar:?]
	at net.fabricmc.loader.impl.launch.server.FabricServerLauncher.main(FabricServerLauncher.java:69) ~[fabric-loader-0.19.3.jar:?]
	at net.fabricmc.installer.ServerLauncher.main(ServerLauncher.java:69) ~[fabric-server-launcher.jar:1.1.2]
[13:50:27] [main/WARN]: Method overwrite conflict for method_7844 in ranged_weapon_api.mixins.json:item.RangedWeaponItemMixin from mod ranged_weapon_api, previously written by net.projectile_damage.mixin.RangedWeaponItemMixin. Skipping method.
[13:50:27] [main/WARN]: Injection warning: LVT in net/minecraft/class_1774::method_7884(Lnet/minecraft/class_1838;)Lnet/minecraft/class_1269; has incompatible changes at opcode 124 in callback dragonfight.mixins.json:dragon.EndCrystalItemMixin from mod dragonfight->@Inject::onAddCrystal(Lnet/minecraft/class_1838;Lorg/spongepowered/asm/mixin/injection/callback/CallbackInfoReturnable;Lnet/minecraft/class_1937;Lnet/minecraft/class_2338;Lnet/minecraft/class_2680;Lnet/minecraft/class_2338;DDDLjava/util/List;Lnet/minecraft/class_1511;)V.
 Expected: [Lnet/minecraft/class_1937;, Lnet/minecraft/class_2338;, Lnet/minecraft/class_2680;, Lnet/minecraft/class_2338;, D, D, D, Ljava/util/List;, Lnet/minecraft/class_1511;]
    Found: [Lnet/minecraft/class_1937;, Lnet/minecraft/class_2338;, Lnet/minecraft/class_2338;, D, D, D, Lnet/minecraft/class_1511;]
Available: [Lnet/minecraft/class_1937;, Lnet/minecraft/class_2338;, Lnet/minecraft/class_2338;, D, D, D, Lnet/minecraft/class_1511;]
[13:50:27] [main/INFO]: Mixing server.MixinServerGamePacketListenerImpl from mixins/common/nochatreports.mixins.json into net.minecraft.class_3244
[13:50:27] [main/WARN]: @ModifyConstant conflict. Skipping packetfixer.v1_19_3.fabric.mixins.json:v1_19_3_fabric.ServerGamePacketListenerImplMixin from mod packetfixer->@ModifyConstant::packetfixer$tick$1(J)J with priority 1000, already redirected by connectivity.mixins.json:ServerPlayNetHandlerMixin from mod connectivity->@ModifyConstant::playTimeout(J)J with priority 1001
[13:50:28] [main/WARN]: @Inject(@At("INVOKE")) Shift.BY=2 on accessories-common.mixins.json:NbtCompoundMixin from mod accessories::handler$zgf000$accessories$adjustCheckForListVariants exceeds the maximum allowed value: 0. Increase the value of maxShiftBy to suppress this warning.
[13:50:28] [main/INFO]: [Kibe] Creating Trinket AbilityRing for minecraft:mayfly
[13:50:28] [main/INFO]: [Kibe] Creating Trinket AbilityRing for kibe:magma_ability
[13:50:28] [main/INFO]: [Kibe] Creating Trinket AbilityRing for kibe:water_ability
[13:50:28] [main/INFO]: [Kibe] Trying to read config file...
[13:50:28] [main/INFO]: [Kibe] A config file was found, loading it..
[13:50:28] [main/INFO]: [Kibe] Successfully loaded config file.
[13:50:28] [main/WARN]: Static binding violation: PRIVATE @Overwrite method method_21740 in modernfix-common.mixins.json:perf.remove_biome_temperature_cache.BiomeMixin from mod modernfix cannot reduce visibiliy of PUBLIC target method, visibility will be upgraded.
[13:50:28] [main/WARN]: Method overwrite conflict for method_21740 in modernfix-common.mixins.json:perf.remove_biome_temperature_cache.BiomeMixin from mod modernfix, previously written by me.jellysquid.mods.lithium.mixin.world.temperature_cache.BiomeMixin. Skipping method.
[13:50:29] [main/INFO]: Vanilla bootstrap took 4148 milliseconds
[13:50:29] [main/INFO]: [bclib] Added Config betternether.main to auto sync (file hash)
[13:50:29] [main/INFO]: [bclib] Added Config betternether.generator to auto sync (file hash)
[13:50:29] [main/INFO]: [bclib] Added Config betternether.blocks to auto sync (file hash)
[13:50:29] [main/INFO]: [bclib] Added Config betternether.items to auto sync (file hash)
[13:50:29] [main/INFO]: [bclib] Added Config betternether.biomes to auto sync (file hash)
[13:50:29] [main/INFO]: [bclib] Added Config betternether.mobs to auto sync (file hash)
[13:50:29] [main/INFO]: [bclib] Added Config betternether.recipes to auto sync (file hash)
[13:50:29] [main/WARN]: [bclib] Recipe betternether:bone_block_bone_button only takes in a single item and should be shapeless
[13:50:30] [main/ERROR]: Entity eldritch_end:ominous_eye has no attributes
[13:50:30] [main/ERROR]: Entity eldritch_end:aberration has no attributes
[13:50:30] [main/ERROR]: Entity eldritch_end:tentacle has no attributes
[13:50:30] [main/ERROR]: Entity eldritch_end:undead_tentacle has no attributes
[13:50:30] [main/ERROR]: Entity eldritch_end:dendler has no attributes
[13:50:30] [main/ERROR]: Entity eldritch_end:the_faceless has no attributes
[13:50:30] [main/INFO]: Registering C2S receiver with id aaa_particles:main/2b101225a0983c178c43c737d76def52
[13:50:30] [main/INFO]: Registering C2S receiver with id aaa_particles:main/878ba3ad853235668eff51eb0a40c900
[13:50:30] [main/INFO]: Registering C2S receiver with id aaa_particles:main/878ba3ad853235668eff51eb0a40c900
[13:50:30] [main/INFO]: Registering C2S receiver with id aaa_particles:main/9b5bc39f00d53db2acf81d859b596583
[13:50:30] [main/INFO]: Registered Trinkets Reloaded Listeners
[13:50:30] [main/INFO]: Initializing platform helper for Advanced Netherite!
[13:50:31] [main/WARN]: @ModifyConstant conflict. Skipping packetfixer.v1_19_3.fabric.mixins.json:v1_19_3_fabric.ServerLoginPacketListenerImplMixin from mod packetfixer->@ModifyConstant::packetfixer$tick(I)I with priority 1000, already redirected by connectivity.mixins.json:ServerLoginNetHandlerMixin from mod connectivity->@ModifyConstant::loginTimeout(I)I with priority 1001
[13:50:31] [main/INFO]: [AllTheTrims] Config loaded
[13:50:31] [main/INFO]: Loaded config amendments-common.json
[13:50:31] [main/INFO]: [Animal Feeding Trough] Load Complete! Enjoy :D
[13:50:31] [main/INFO]: Registering Mod Items for archers_expansion
[13:50:31] [main/INFO]: Registering Item Groups for archers_expansion
[13:50:31] [main/INFO]: Registering C2S receiver with id artifacts:networking_channel/42a7ad70b1cc371599a0eff744096b8a
[13:50:31] [main/INFO]: Registering C2S receiver with id artifacts:networking_channel/74a5e841822a3a87854ae896a33430d6
[13:50:31] [main/INFO]: Registering C2S receiver with id artifacts:networking_channel/eb3d1e2748533430848cadf0f37c7e9c
[13:50:31] [main/INFO]: Registering C2S receiver with id artifacts:networking_channel/91c8520f19f93b3e8b6a727568e194ab
[13:50:31] [main/INFO]: Registering C2S receiver with id artifacts:networking_channel/8c2784d778293fd482ed84b8aa5fedb9
[13:50:31] [main/INFO]: Registering C2S receiver with id artifacts:networking_channel/ea038224ea783d40b2863f52239e2604
[13:50:31] [main/INFO]: Registering C2S receiver with id artifacts:networking_channel/97ad64b7ecaf33209991c4f031501a58
[13:50:31] [main/INFO]: Registered azurelib config for auto-sync function
[13:50:31] [main/INFO]: Mod proxy balm:permissions resolved as net.blay09.mods.balm.fabric.compat.FabricPermissionsAPIIntegration@787a713c
[13:50:31] [main/INFO]: Constructing common components for barteringstation:main
[13:50:31] [main/INFO]: Better Compatibility Checker starting
[13:50:31] [main/INFO]: Loading config file
[13:50:31] [main/INFO]: Config file loaded
[13:50:31] [main/INFO]: [bclib] Added Config bclib.generator to auto sync (file hash)
[13:50:31] [main/INFO]: [bclib] Added Config bclib.main to auto sync (content diff)
[13:50:31] [main/INFO]: [bclib] Added Config bclib.biomes to auto sync (file hash)
[13:50:31] [main/INFO]: Better Archeology says Hello
[13:50:31] [main/INFO]: Registering Items from betterarcheology
[13:50:31] [main/INFO]: Registering Blocks from betterarcheology
[13:50:31] [main/INFO]: ModEntityTypes of betterarcheology registered.
[13:50:31] [main/INFO]: Registering JEI Recipe Serializers for betterarcheology
[13:50:31] [main/INFO]: Registering Enchantments for betterarcheology
[13:50:31] [main/WARN]: @ModifyConstant conflict. Skipping xlpackets.mixins.json:ClientboundCustomPayloadPacketMixin from mod thiccpackets->@ModifyConstant::xlPackets(I)I with priority 1000, already redirected by packetfixer.v1_19_3.fabric.mixins.json:v1_19_3_fabric.ClientboundCustomPayloadPacketMixin from mod packetfixer->@ModifyConstant::packetfixer$newSize(I)I with priority 1000
[13:50:31] [main/WARN]: @ModifyConstant conflict. Skipping xlpackets.mixins.json:ClientboundCustomPayloadPacketMixin from mod thiccpackets->@ModifyConstant::xlPackets(I)I with priority 1000, already redirected by packetfixer.v1_19_3.fabric.mixins.json:v1_19_3_fabric.ClientboundCustomPayloadPacketMixin from mod packetfixer->@ModifyConstant::packetfixer$newSize(I)I with priority 1000
[13:50:31] [main/WARN]: @ModifyConstant conflict. Skipping connectivity.mixins.json:ClientboundCustomPayloadPacketMixin from mod connectivity->@ModifyConstant::modifyLimit(I)I with priority 1, already redirected by packetfixer.v1_19_3.fabric.mixins.json:v1_19_3_fabric.ClientboundCustomPayloadPacketMixin from mod packetfixer->@ModifyConstant::packetfixer$newSize(I)I with priority 1000
[13:50:31] [main/INFO]: Reflections took 47 ms to scan 1 urls, producing 1 keys and 2 values
[13:50:32] [main/INFO]: Reflections took 2 ms to scan 1 urls, producing 1 keys and 2 values
[13:50:32] [main/INFO]: Reflections took 2 ms to scan 1 urls, producing 1 keys and 3 values
[13:50:32] [main/INFO]: Reflections took 2 ms to scan 1 urls, producing 1 keys and 3 values
[13:50:32] [main/INFO]: [bclib] Added Config betterend.entities to auto sync (file hash)
[13:50:32] [main/INFO]: [bclib] Added Config betterend.blocks to auto sync (file hash)
[13:50:32] [main/INFO]: [bclib] Added Config betterend.items to auto sync (file hash)
[13:50:32] [main/INFO]: [bclib] Added Config betterend.biomes to auto sync (file hash)
[13:50:32] [main/INFO]: [bclib] Added Config betterend.recipes to auto sync (file hash)
[13:50:32] [main/INFO]: [bclib] Added Config betterend.enchantments to auto sync (file hash)
[13:50:32] [main/INFO]: Hello Fabric world!
[13:50:32] [main/INFO]: Reflections took 1 ms to scan 1 urls, producing 1 keys and 2 values
[13:50:32] [main/INFO]: Reflections took 1 ms to scan 1 urls, producing 1 keys and 2 values
[13:50:32] [main/INFO]: Reflections took 1 ms to scan 1 urls, producing 1 keys and 1 values
[13:50:32] [main/INFO]: Reflections took 1 ms to scan 1 urls, producing 1 keys and 1 values
[13:50:32] [main/INFO]: Reflections took 1 ms to scan 1 urls, producing 1 keys and 3 values
[13:50:32] [main/INFO]: Reflections took 1 ms to scan 1 urls, producing 1 keys and 3 values
[13:50:32] [main/INFO]: Reflections took 1 ms to scan 1 urls, producing 1 keys and 2 values
[13:50:32] [main/INFO]: Reflections took 1 ms to scan 1 urls, producing 1 keys and 2 values
[13:50:32] [main/INFO]: [betternether] =^..^=    BetterNether for 1.20    =^..^=
[13:50:32] [main/WARN]: @Redirect conflict. Skipping mixins.redirected_fabric_1.20.1.json:net.minecraft.world.level.block.state.CacheMixin from mod redirected->@Redirect::redirectSupportTypes()[Lnet/minecraft/class_5431; with priority 10, already redirected by modernfix-common.mixins.json:perf.cache_blockstate_cache_arrays.AbstractBlockStateCacheMixin from mod modernfix->@Redirect::getVoxelShapeValues()[Lnet/minecraft/class_5431; with priority 1000
[13:50:32] [main/INFO]: Reflections took 1 ms to scan 1 urls, producing 1 keys and 1 values
[13:50:32] [main/INFO]: Reflections took 1 ms to scan 1 urls, producing 1 keys and 1 values
[13:50:32] [main/INFO]: Reflections took 0 ms to scan 1 urls, producing 1 keys and 1 values
[13:50:32] [main/INFO]: Reflections took 1 ms to scan 1 urls, producing 1 keys and 1 values
[13:50:32] [main/INFO]: Biolith is initializing...
[13:50:32] [main/INFO]: Enabling Biolith's TerraBlender compatibility layer.
[13:50:32] [main/INFO]: BoatBreakFix initialized
[13:50:32] [main/INFO]: Fixing MC-151457. Crafting remainder for minecraft:pufferfish_bucket is now minecraft:bucket.
[13:50:32] [main/INFO]: Fixing MC-151457. Crafting remainder for minecraft:salmon_bucket is now minecraft:bucket.
[13:50:32] [main/INFO]: Fixing MC-151457. Crafting remainder for minecraft:cod_bucket is now minecraft:bucket.
[13:50:32] [main/INFO]: Fixing MC-151457. Crafting remainder for minecraft:tropical_fish_bucket is now minecraft:bucket.
[13:50:32] [main/INFO]: Fixing MC-151457. Crafting remainder for minecraft:axolotl_bucket is now minecraft:bucket.
[13:50:32] [main/INFO]: Fixing MC-151457. Crafting remainder for minecraft:powder_snow_bucket is now minecraft:bucket.
[13:50:32] [main/INFO]: Fixing MC-151457. Crafting remainder for minecraft:tadpole_bucket is now minecraft:bucket.
[13:50:33] [main/INFO]: Registering C2S receiver with id brewery:alcohol_sync_request
[13:50:33] [main/INFO]: Registering C2S receiver with id brewery:drink_alcohol
[13:50:33] [main/INFO]: [STDOUT]: All 10 have been set properly
[13:50:33] [main/INFO]: Loading Collective version 8.42.
[13:50:33] [main/INFO]: File exists, reading config for elocindev.combat_effects.config.entries.MainConfig.
[13:50:33] [main/INFO]: Config for elocindev.combat_effects.config.entries.MainConfig read successfully.
[13:50:33] [main/INFO]: Initialized entity types.
[13:50:33] [main/INFO]: Connectivity initialized
[13:50:33] [Cicada thread 0/INFO]: [do_a_barrel_roll] Why play a flight sim when you have modded Minecraft?
[13:50:34] [main/INFO]: fabric loader environment detected
[13:50:34] [main/INFO]: Create 6.0.8.1 initializing!
[13:50:35] [main/INFO]: Hello 1.20.1 Create!
[13:50:35] [main/WARN]: dev/engine_room/flywheel/lib/model/baked/PartialModel
[13:50:35] [main/INFO]: File exists, reading config for elocindev.create_questing.fabric.config.ConfigEntries.
[13:50:35] [main/INFO]: Config for elocindev.create_questing.fabric.config.ConfigEntries read successfully.
[13:50:35] [main/INFO]: Loaded Create Questing Config
[13:50:35] [main/WARN]: Tried to register an overly high cookTime: 57600 > 32767! (air)
[13:50:35] [main/INFO]: [STDOUT]: Create Crafts & Additions Initialized!
[13:50:35] [main/INFO]: Creating default config file: croptopia_v3.conf
[13:50:36] [main/INFO]: Loaded config for: cupboard.json
[13:50:36] [main/INFO]: File exists, reading config for elocindev.customentityattributes.config.CEABasicConfig.
[13:50:36] [main/INFO]: Config for elocindev.customentityattributes.config.CEABasicConfig read successfully.
[13:50:36] [main/INFO]: File exists, reading config for elocindev.customentityattributes.config.CEAAdvancedConfig.
[13:50:36] [main/INFO]: Config for elocindev.customentityattributes.config.CEAAdvancedConfig read successfully.
[13:50:36] [main/INFO]: File exists, reading config for elocindev.customitemattributes.config.CIAConfig.
[13:50:36] [main/INFO]: Config for elocindev.customitemattributes.config.CIAConfig read successfully.
[13:50:36] [main/INFO]: Initializing Cynosure
[13:50:36] [main/INFO]: File exists, reading config for elocindev.deathknights.config.entries.enchants.DecayingEnchantConfig.
[13:50:36] [main/INFO]: Config for elocindev.deathknights.config.entries.enchants.DecayingEnchantConfig read successfully.
[13:50:36] [main/INFO]: File exists, reading config for elocindev.deathknights.config.entries.loot.JewelryLootConfig.
[13:50:36] [main/INFO]: Config for elocindev.deathknights.config.entries.loot.JewelryLootConfig read successfully.
[13:50:36] [main/INFO]: File exists, reading config for elocindev.deathknights.config.entries.spells.frost.ObliterateConfig.
[13:50:36] [main/INFO]: Config for elocindev.deathknights.config.entries.spells.frost.ObliterateConfig read successfully.
[13:50:36] [main/INFO]: File exists, reading config for elocindev.deathknights.config.entries.spells.frost.RemorselessWinterConfig.
[13:50:36] [main/INFO]: Config for elocindev.deathknights.config.entries.spells.frost.RemorselessWinterConfig read successfully.
[13:50:36] [main/INFO]: File exists, reading config for elocindev.deathknights.config.entries.spells.frost.BreathOfAgonyConfig.
[13:50:36] [main/INFO]: Config for elocindev.deathknights.config.entries.spells.frost.BreathOfAgonyConfig read successfully.
[13:50:36] [main/INFO]: File exists, reading config for elocindev.deathknights.config.entries.spells.unholy.PlaguesConfig.
[13:50:36] [main/INFO]: Config for elocindev.deathknights.config.entries.spells.unholy.PlaguesConfig read successfully.
[13:50:36] [main/INFO]: File exists, reading config for elocindev.deathknights.config.entries.spells.unholy.DeathCoilConfig.
[13:50:36] [main/INFO]: Config for elocindev.deathknights.config.entries.spells.unholy.DeathCoilConfig read successfully.
[13:50:36] [main/INFO]: File exists, reading config for elocindev.deathknights.config.entries.spells.unholy.EpidemicConfig.
[13:50:36] [main/INFO]: Config for elocindev.deathknights.config.entries.spells.unholy.EpidemicConfig read successfully.
[13:50:36] [main/INFO]: File exists, reading config for elocindev.deathknights.config.entries.spells.unholy.DeathGripConfig.
[13:50:36] [main/INFO]: Config for elocindev.deathknights.config.entries.spells.unholy.DeathGripConfig read successfully.
[13:50:36] [main/INFO]: File exists, reading config for elocindev.deathknights.config.entries.spells.blood.DeathStrikeConfig.
[13:50:36] [main/INFO]: Config for elocindev.deathknights.config.entries.spells.blood.DeathStrikeConfig read successfully.
[13:50:36] [main/INFO]: File exists, reading config for elocindev.deathknights.config.entries.spells.blood.MarrowrendConfig.
[13:50:36] [main/INFO]: Config for elocindev.deathknights.config.entries.spells.blood.MarrowrendConfig read successfully.
[13:50:36] [main/INFO]: File exists, reading config for elocindev.deathknights.config.entries.spells.blood.BloodBoilConfig.
[13:50:36] [main/INFO]: Config for elocindev.deathknights.config.entries.spells.blood.BloodBoilConfig read successfully.
[13:50:36] [main/INFO]: File exists, reading config for elocindev.deathknights.config.entries.spells.blood.BloodThirstConfig.
[13:50:36] [main/INFO]: Config for elocindev.deathknights.config.entries.spells.blood.BloodThirstConfig read successfully.
[13:50:36] [main/INFO]: Death Knights Config Loaded!
[13:50:36] [main/INFO]: Death Knights Initialized!
[13:50:36] [main/INFO]: Saving config because the loaded bug fixes are different to stored json.
[13:50:36] [main/INFO]: Saving Debugify
[13:50:36] [main/INFO]: Enabled 2 bug fixes: [MC-89146, MC-199467]
[13:50:36] [main/INFO]: Successfully Debugify'd your game!
[13:50:36] [main/INFO]: Bypassed Mojang DFU
[13:50:36] [main/INFO]: Instantiating Mojang DFU
[13:50:36] [main/ERROR]: No data fixer registered for crystallized_amber
[13:50:36] [main/ERROR]: No data fixer registered for sculk_jaw
[13:50:36] [main/INFO]: Derelict initializing
[13:50:36] [main/INFO]: Loaded DEUF Refabricated Config
[13:50:36] [main/INFO]: Loaded config dummmmmmy-common.json
[13:50:36] [main/WARN]: Lithium detected. MmmMmmMmmMmm scarecrow mode might not work well due to a lithium bug (the mod doesnt have a way to add goals to new entities)
[13:50:36] [main/INFO]: File exists, reading config for elocindev.eldritch_end.config.entries.biomes.PrimordialAbyssConfig.
[13:50:36] [main/INFO]: Config for elocindev.eldritch_end.config.entries.biomes.PrimordialAbyssConfig read successfully.
[13:50:36] [main/INFO]: File exists, reading config for elocindev.eldritch_end.config.entries.biomes.HasturianWastesConfig.
[13:50:36] [main/INFO]: Config for elocindev.eldritch_end.config.entries.biomes.HasturianWastesConfig read successfully.
[13:50:36] [main/INFO]: File exists, reading config for elocindev.eldritch_end.config.entries.entities.AberrationConfig.
[13:50:36] [main/INFO]: Config for elocindev.eldritch_end.config.entries.entities.AberrationConfig read successfully.
[13:50:36] [main/INFO]: File exists, reading config for elocindev.eldritch_end.config.entries.entities.TentacleConfig.
[13:50:36] [main/INFO]: Config for elocindev.eldritch_end.config.entries.entities.TentacleConfig read successfully.
[13:50:36] [main/INFO]: File exists, reading config for elocindev.eldritch_end.config.entries.entities.DendlerConfig.
[13:50:36] [main/INFO]: Config for elocindev.eldritch_end.config.entries.entities.DendlerConfig read successfully.
[13:50:36] [main/INFO]: File exists, reading config for elocindev.eldritch_end.config.entries.entities.boss.FacelessConfig.
[13:50:36] [main/INFO]: Config for elocindev.eldritch_end.config.entries.entities.boss.FacelessConfig read successfully.
[13:50:36] [main/INFO]: File exists, reading config for elocindev.eldritch_end.config.entries.entities.boss.HasturConfig.
[13:50:36] [main/INFO]: Config for elocindev.eldritch_end.config.entries.entities.boss.HasturConfig read successfully.
[13:50:36] [main/INFO]: File exists, reading config for elocindev.eldritch_end.config.entries.entities.boss.EyeConfig.
[13:50:36] [main/INFO]: Config for elocindev.eldritch_end.config.entries.entities.boss.EyeConfig read successfully.
[13:50:36] [main/INFO]: File exists, reading config for elocindev.eldritch_end.config.entries.mechanics.CorruptionConfig.
[13:50:36] [main/INFO]: Config for elocindev.eldritch_end.config.entries.mechanics.CorruptionConfig read successfully.
[13:50:36] [main/INFO]: File exists, reading config for elocindev.eldritch_end.config.entries.mechanics.InfusionConfig.
[13:50:36] [main/INFO]: Config for elocindev.eldritch_end.config.entries.mechanics.InfusionConfig read successfully.
[13:50:36] [main/INFO]: File exists, reading config for elocindev.eldritch_end.config.entries.item.XalConfig.
[13:50:36] [main/INFO]: Config for elocindev.eldritch_end.config.entries.item.XalConfig read successfully.
[13:50:36] [main/INFO]: Eldritch End's Config Loaded!
[13:50:36] [main/INFO]: Registered Eldritch End items
[13:50:37] [main/INFO]: Loaded config :emi_loot_config in 281ms
[13:50:37] [main/INFO]: Registering Item Group for ends_delight
[13:50:37] [main/INFO]: Registering Mod Blocks for ends_delight
[13:50:37] [main/INFO]: Registering Mod Features for ends_delight
[13:50:37] [main/INFO]: Injecting Estrogen into your veins!
[13:50:37] [main/INFO]: ExpandAbility here, who dis?
[13:50:37] [main/INFO]: Hello Fabric world!
[13:50:37] [main/INFO]: Look at the cleanse, look at the moves!
[13:50:37] [Placebo (FakerLib) Patreon Wing Loader/INFO]: Loading patreon wing data...
[13:50:37] [Placebo (FakerLib) Patreon Trail Loader/INFO]: Loading patreon trails data...
[13:50:37] [main/INFO]: File exists, reading config for elocindev.fancy_hotbar.config.FancyHotbarConfig.
[13:50:37] [main/INFO]: Config for elocindev.fancy_hotbar.config.FancyHotbarConfig read successfully.
[13:50:37] [Placebo (FakerLib) Patreon Wing Loader/INFO]: Loaded 25 patreon wings.
[13:50:37] [Placebo (FakerLib) Patreon Trail Loader/INFO]: Loaded 33 patreon trails.
[13:50:37] [main/INFO]: Farmer's Knives loaded!
[13:50:38] [main/INFO]: Registering Mod Items for forcemaster_rpg
[13:50:38] [main/INFO]: Registering Item Groups for forcemaster_rpg
[13:50:38] [main/INFO]: Registering C2S receiver with id ftblibrary:edit_nbt_response
[13:50:38] [main/INFO]: Registering C2S receiver with id ftbquests:submit_task
[13:50:38] [main/INFO]: Registering C2S receiver with id ftbquests:claim_reward
[13:50:38] [main/INFO]: Registering C2S receiver with id ftbquests:get_emergency_items
[13:50:38] [main/INFO]: Registering C2S receiver with id ftbquests:claim_all_rewards
[13:50:38] [main/INFO]: Registering C2S receiver with id ftbquests:claim_choice_reward
[13:50:38] [main/INFO]: Registering C2S receiver with id ftbquests:toggle_pinned
[13:50:38] [main/INFO]: Registering C2S receiver with id ftbquests:toggle_chapter_pinned
[13:50:38] [main/INFO]: Registering C2S receiver with id ftbquests:toggle_editing_mode
[13:50:38] [main/INFO]: Registering C2S receiver with id ftbquests:force_save
[13:50:38] [main/INFO]: Registering C2S receiver with id ftbquests:set_custom_image
[13:50:38] [main/INFO]: Registering C2S receiver with id ftbquests:task_screen_config_resp
[13:50:38] [main/INFO]: Registering C2S receiver with id ftbquests:give_item_to_player
[13:50:38] [main/INFO]: Registering C2S receiver with id ftbquests:reorder_item
[13:50:38] [main/INFO]: Registering C2S receiver with id ftbquests:change_progress
[13:50:38] [main/INFO]: Registering C2S receiver with id ftbquests:create_object
[13:50:38] [main/INFO]: Registering C2S receiver with id ftbquests:create_task_at
[13:50:38] [main/INFO]: Registering C2S receiver with id ftbquests:delete_object
[13:50:38] [main/INFO]: Registering C2S receiver with id ftbquests:edit_object
[13:50:38] [main/INFO]: Registering C2S receiver with id ftbquests:move_chapter
[13:50:38] [main/INFO]: Registering C2S receiver with id ftbquests:move_quest
[13:50:38] [main/INFO]: Registering C2S receiver with id ftbquests:change_chapter_group
[13:50:38] [main/INFO]: Registering C2S receiver with id ftbquests:move_chapter_group
[13:50:38] [main/INFO]: Registering C2S receiver with id ftbquests:copy_quest
[13:50:38] [main/INFO]: Registering C2S receiver with id ftbquests:copy_chapter_image
[13:50:38] [main/INFO]: Registering C2S receiver with id ftbquests:sync_structures_request
[13:50:38] [main/INFO]: Registering C2S receiver with id ftbquests:request_team_data
[13:50:38] [main/INFO]: Registering C2S receiver with id ftbteams:open_gui
[13:50:38] [main/INFO]: Registering C2S receiver with id ftbteams:update_settings
[13:50:38] [main/INFO]: Registering C2S receiver with id ftbteams:send_message
[13:50:38] [main/INFO]: Registering C2S receiver with id ftbteams:create_party
[13:50:38] [main/INFO]: Registering C2S receiver with id ftbteams:player_gui_operation
[13:50:38] [main/INFO]: Is initializing.
[13:50:38] [main/INFO]: Has successfully been initialized.
[13:50:38] [main/INFO]: Initializing Gimm1q - Mim1q's Fabric modding library!
[13:50:38] [main/WARN]: Method overwrite conflict for getRolls in emi_loot.mixins.json:LootPoolAccessor from mod emi_loot, previously written by net.fabricmc.fabric.mixin.loot.table.LootPoolMixin. Skipping method.
[13:50:38] [main/INFO]: Registered JSON trade offer adapter.
[13:50:38] [main/INFO]: Gun Scaling loaded. Gun Scaling Factor: 0.85, Potato Scaling: 2.5, MatterCannon Scaling: 4.0
[13:50:38] [main/INFO]: Hello Fabric world!
[13:50:38] [main/INFO]: File exists, reading config for elocindev.item_obliterator.fabric_quilt.config.ConfigEntries.
[13:50:38] [main/INFO]: Config for elocindev.item_obliterator.fabric_quilt.config.ConfigEntries read successfully.
[13:50:38] [main/INFO]: Item Obliterator Config Loaded
[13:50:38] [main/INFO]: Registering C2S receiver with id itemfilters:main/14e7fa1454283aec8ae811ef844ada28
[13:50:38] [main/INFO]: Registering C2S receiver with id itemfilters:main/8f6a899247753217b9d86ab427a2b279
[13:50:38] [main/INFO]: Initializing JamLib on Fabric
[13:50:38] [main/INFO]: [KONKRETE] Successfully initialized!
[13:50:38] [main/INFO]: [KONKRETE] Server-side libs ready to use!
[13:50:38] [main/INFO]: Constructing common components for leavesbegone:main
[13:50:39] [main/INFO]: Constructing common components for magnumtorch:main
[13:50:39] [main/INFO]: Registering Blocks for mcda
[13:50:39] [main/INFO]: [MELODY] Disabling Melody since it's loaded server-side.
[13:50:39] [main/INFO]: Loaded config for: memorysettings.json
[13:50:39] [main/INFO]: Definitely not up to no good
[13:50:39] [main/INFO]: [STDOUT]: All 13 have been set properly
[13:50:39] [main/INFO]: Registered mobs_of_mythology config for auto-sync function
[13:50:39] [main/INFO]: Modern Industrialization setup done!
[13:50:39] [main/INFO]: [STDOUT]: found type, is TWO
[13:50:39] [main/INFO]: [STDOUT]: [Modpack Update Checker] Loaded configuration file.
[13:50:40] [main/INFO]: Loaded config moonlight-common.json
[13:50:40] [main/INFO]: [Mythic Charms] Initializing...
[13:50:40] [main/INFO]: Registering Mod Items for more_rpg_classes
[13:50:40] [main/INFO]: Registering Item Groups for more_rpg_classes
[13:50:40] [main/INFO]: Giving mobs a fresh coat of paint...
[13:50:40] [main/INFO]: Mutant Skeleton Armor Tweaks loaded successfully!
[13:50:40] [main/INFO]: Constructing common components for mutantmonsters:main
[13:50:40] [main/INFO]: Loading common config for mutantmonsters
[13:50:40] [Thread-11/INFO]: Reloading common config for mutantmonsters
[13:50:40] [Thread-11/INFO]: Reloading common config for mutantmonsters
[13:50:40] [main/INFO]: Registering Mythic Items for mythicupgrades
[13:50:40] [main/INFO]: Registering Mythic Blocks for mythicupgrades
[13:50:40] [main/INFO]: Registering resource pack 32x...
[13:50:40] [main/INFO]: Successfully registered resource pack 32x.
[13:50:40] [main/INFO]: Mythic Upgrades works properly! CAN, ANNENE SELAMLAR KARDESIM! <3
[13:50:40] [main/INFO]: Chase your dreams, no matter the cost. Don't wait for invitations, take action. Making a decision, starting something - that's half the battle of achieving success.
[13:50:40] [main/INFO]: Necronomicon Initialized
[13:50:40] [main/INFO]: File exists, reading config for elocindev.necronomicon.NecronomiconConfig.
[13:50:40] [main/INFO]: Config for elocindev.necronomicon.NecronomiconConfig read successfully.
[13:50:40] [main/INFO]: New Blåhaj common setup
[13:50:40] [main/INFO]: KONNICHIWA ZA WARUDO!
[13:50:40] [main/INFO]: Default JVM text encoding is: UTF-8
[13:50:40] [main/INFO]: Reading config file NoChatReports/NCR-Common.json...
[13:50:40] [main/INFO]: Writing config file NoChatReports/NCR-Common.json...
[13:50:40] [main/INFO]: File exists, reading config for elocindev.offhandtickfix.config.entries.OffHandTickFixConfig.
[13:50:40] [main/INFO]: Config for elocindev.offhandtickfix.config.entries.OffHandTickFixConfig read successfully.
[13:50:40] [main/INFO]: [STDOUT]: All 20 have been set properly
[13:50:40] [main/INFO]: Mixing server.MixinPlayerList from mixins/common/nochatreports.mixins.json into net.minecraft.class_3324
[13:50:40] [main/INFO]: Initializing OPAC Fixes! AVAILABLE: true
[13:50:40] [main/INFO]: File exists, reading config for elocindev.opacpvp.config.entries.OpacPvPConfig.
[13:50:40] [main/INFO]: Config for elocindev.opacpvp.config.entries.OpacPvPConfig read successfully.
[13:50:40] [main/INFO]: [STDOUT]: All 1 have been set properly
[13:50:40] [main/INFO]: glisco: I like this approach, cause it's stateless. And stateless approaches are always good since state management is pain - BasiqueEvangelist: I like french bread
[13:50:40] [main/ERROR]: Failed to load book betternether:betternether_book defined by mod betternether, skipping
java.lang.IllegalArgumentException: Book betternether:betternether_book has use_resource_pack set to false. This behaviour was removed in 1.20. The book author should enable this flag and move all book contents clientside to /assets/, leaving the book.json in /data/. See https://vazkiimods.github.io/Patchouli/docs/upgrading/upgrade-guide-120 for details.
	at vazkii.patchouli.common.book.Book.<init>(Book.java:145) ~[Patchouli-1.20.1-85-FABRIC.jar:?]
	at vazkii.patchouli.common.book.BookRegistry.loadBook(BookRegistry.java:90) ~[Patchouli-1.20.1-85-FABRIC.jar:?]
	at vazkii.patchouli.common.book.BookRegistry.lambda$init$3(BookRegistry.java:75) ~[Patchouli-1.20.1-85-FABRIC.jar:?]
	at java.util.HashMap.forEach(HashMap.java:1421) ~[?:?]
	at vazkii.patchouli.common.book.BookRegistry.init(BookRegistry.java:70) ~[Patchouli-1.20.1-85-FABRIC.jar:?]
	at vazkii.patchouli.fabric.common.FabricModInitializer.onInitialize(FabricModInitializer.java:33) ~[Patchouli-1.20.1-85-FABRIC.jar:?]
	at net.fabricmc.loader.impl.FabricLoaderImpl.invokeEntrypoints(FabricLoaderImpl.java:409) ~[fabric-loader-0.19.3.jar:?]
	at net.fabricmc.loader.impl.game.minecraft.Hooks.startServer(Hooks.java:63) ~[fabric-loader-0.19.3.jar:?]
	at net.minecraft.server.Main.main(Main.java:112) ~[server-intermediary.jar:?]
	at net.fabricmc.loader.impl.game.minecraft.MinecraftGameProvider.launch(MinecraftGameProvider.java:514) ~[fabric-loader-0.19.3.jar:?]
	at net.fabricmc.loader.impl.launch.knot.Knot.launch(Knot.java:72) ~[fabric-loader-0.19.3.jar:?]
	at net.fabricmc.loader.impl.launch.knot.KnotServer.main(KnotServer.java:23) ~[fabric-loader-0.19.3.jar:?]
	at net.fabricmc.loader.impl.launch.server.FabricServerLauncher.main(FabricServerLauncher.java:69) ~[fabric-loader-0.19.3.jar:?]
	at net.fabricmc.installer.ServerLauncher.main(ServerLauncher.java:69) ~[fabric-server-launcher.jar:1.1.2]
[13:50:40] [main/INFO]: [Ping-Wheel] Init
[13:50:40] [main/INFO]: [Ping-Wheel] Loaded ServerConfig(defaultChannelMode=auto, playerTrackingEnabled=true, msToRegenerate=1000, rateLimit=5)
[13:50:40] [main/INFO]: Registering C2S receiver with id powah:packet
[13:50:41] [main/INFO]: File exists, reading config for elocindev.prominent.config.ServerConfig.
[13:50:41] [main/INFO]: Config for elocindev.prominent.config.ServerConfig read successfully.
[13:50:41] [main/INFO]: File exists, reading config for elocindev.prominent.config.BossLevels.
[13:50:41] [main/INFO]: Config for elocindev.prominent.config.BossLevels read successfully.
[13:50:41] [main/INFO]: File exists, reading config for elocindev.prominent.config.ItemLevels.
[13:50:41] [main/INFO]: Config for elocindev.prominent.config.ItemLevels read successfully.
[13:50:41] [main/INFO]: File exists, reading config for elocindev.prominent.config.InteractionLockConfig.
[13:50:41] [main/INFO]: Config for elocindev.prominent.config.InteractionLockConfig read successfully.
[13:50:41] [main/INFO]: File exists, reading config for elocindev.prominent.config.CombatLeapConfig.
[13:50:41] [main/INFO]: Config for elocindev.prominent.config.CombatLeapConfig read successfully.
[13:50:41] [main/INFO]: File exists, reading config for elocindev.prominent.config.CombatLeapJumpConfig.
[13:50:41] [main/INFO]: Config for elocindev.prominent.config.CombatLeapJumpConfig read successfully.
[13:50:41] [main/INFO]: File exists, reading config for elocindev.prominent.config.CombatLeapWeaponConfig.
[13:50:41] [main/INFO]: Config for elocindev.prominent.config.CombatLeapWeaponConfig read successfully.
[13:50:41] [main/INFO]: File exists, reading config for elocindev.prominent.config.DefaultWeaponSpellsConfig.
[13:50:41] [main/INFO]: Config for elocindev.prominent.config.DefaultWeaponSpellsConfig read successfully.
[13:50:41] [main/INFO]: File exists, reading config for elocindev.prominent.config.MagicResistanceConfig.
[13:50:41] [main/INFO]: Config for elocindev.prominent.config.MagicResistanceConfig read successfully.
[13:50:41] [main/INFO]: File exists, reading config for elocindev.prominent.config.armorsets.ArcaneMageSetConfig.
[13:50:41] [main/INFO]: Config for elocindev.prominent.config.armorsets.ArcaneMageSetConfig read successfully.
[13:50:41] [main/INFO]: File exists, reading config for elocindev.prominent.config.armorsets.ArcherSetConfig.
[13:50:41] [main/INFO]: Config for elocindev.prominent.config.armorsets.ArcherSetConfig read successfully.
[13:50:41] [main/INFO]: File exists, reading config for elocindev.prominent.config.armorsets.AstralMageSetConfig.
[13:50:41] [main/INFO]: Config for elocindev.prominent.config.armorsets.AstralMageSetConfig read successfully.
[13:50:41] [main/INFO]: File exists, reading config for elocindev.prominent.config.armorsets.BardSetConfig.
[13:50:41] [main/INFO]: Config for elocindev.prominent.config.armorsets.BardSetConfig read successfully.
[13:50:41] [main/INFO]: File exists, reading config for elocindev.prominent.config.armorsets.BloodDkSetConfig.
[13:50:41] [main/INFO]: Config for elocindev.prominent.config.armorsets.BloodDkSetConfig read successfully.
[13:50:41] [main/INFO]: File exists, reading config for elocindev.prominent.config.armorsets.FireSetConfig.
[13:50:41] [main/INFO]: Config for elocindev.prominent.config.armorsets.FireSetConfig read successfully.
[13:50:41] [main/INFO]: File exists, reading config for elocindev.prominent.config.armorsets.ForgeGuardSetConfig.
[13:50:41] [main/INFO]: Config for elocindev.prominent.config.armorsets.ForgeGuardSetConfig read successfully.
[13:50:41] [main/INFO]: File exists, reading config for elocindev.prominent.config.armorsets.FrostDkSetConfig.
[13:50:41] [main/INFO]: Config for elocindev.prominent.config.armorsets.FrostDkSetConfig read successfully.
[13:50:41] [main/INFO]: File exists, reading config for elocindev.prominent.config.armorsets.FrostMageSetConfig.
[13:50:41] [main/INFO]: Config for elocindev.prominent.config.armorsets.FrostMageSetConfig read successfully.
[13:50:41] [main/INFO]: File exists, reading config for elocindev.prominent.config.armorsets.JuggernautSetConfig.
[13:50:41] [main/INFO]: Config for elocindev.prominent.config.armorsets.JuggernautSetConfig read successfully.
[13:50:41] [main/INFO]: File exists, reading config for elocindev.prominent.config.armorsets.MonkSetConfig.
[13:50:41] [main/INFO]: Config for elocindev.prominent.config.armorsets.MonkSetConfig read successfully.
[13:50:41] [main/INFO]: File exists, reading config for elocindev.prominent.config.armorsets.PaladinSetConfig.
[13:50:41] [main/INFO]: Config for elocindev.prominent.config.armorsets.PaladinSetConfig read successfully.
[13:50:41] [main/INFO]: File exists, reading config for elocindev.prominent.config.armorsets.PriestSetConfig.
[13:50:41] [main/INFO]: Config for elocindev.prominent.config.armorsets.PriestSetConfig read successfully.
[13:50:41] [main/INFO]: File exists, reading config for elocindev.prominent.config.armorsets.RogueSetConfig.
[13:50:41] [main/INFO]: Config for elocindev.prominent.config.armorsets.RogueSetConfig read successfully.
[13:50:41] [main/INFO]: File exists, reading config for elocindev.prominent.config.armorsets.UnholyDkSetConfig.
[13:50:41] [main/INFO]: Config for elocindev.prominent.config.armorsets.UnholyDkSetConfig read successfully.
[13:50:41] [main/INFO]: File exists, reading config for elocindev.prominent.config.armorsets.ValkyrieSetConfig.
[13:50:41] [main/INFO]: Config for elocindev.prominent.config.armorsets.ValkyrieSetConfig read successfully.
[13:50:41] [main/INFO]: File exists, reading config for elocindev.prominent.config.armorsets.WarriorSetConfig.
[13:50:41] [main/INFO]: Config for elocindev.prominent.config.armorsets.WarriorSetConfig read successfully.
[13:50:41] [main/INFO]: Registered Prominent Sounds
[13:50:41] [main/INFO]: Registered Prominent Items
[13:50:41] [main/INFO]: Loaded Prominent Config
[13:50:41] [main/INFO]: Registered Prominent Sounds
[13:50:41] [main/INFO]: Registered Prominent Items
[13:50:41] [main/INFO]: Prominent Settings initialized!
[13:50:41] [main/INFO]: File exists, reading config for elocindev.prominent_talents.config.Config.
[13:50:41] [main/INFO]: Config for elocindev.prominent_talents.config.Config read successfully.
[13:50:41] [main/INFO]: File exists, reading config for elocindev.prominent_talents.config.XpReductionsConfig.
[13:50:41] [main/INFO]: Config for elocindev.prominent_talents.config.XpReductionsConfig read successfully.
[13:50:41] [main/INFO]: Registered Prominent Talents Sounds
[13:50:41] [main/INFO]: Initializing Prominent Base
[13:50:41] [main/INFO]: Registering Serkonid styles
[13:50:41] [main/INFO]: Registering Dwarf styles
[13:50:41] [main/INFO]: Constructing common components for puzzleslib:main
[13:50:41] [main/INFO]: Steam 'n' Rails v1.7.3 initializing! Commit hash: e5947616ee54cabea325ea61ce2e9be107f61225 on Create version: 6.0.8.1 on platform: Fabric
[13:50:41] [main/INFO]: Registered bogey styles from railways
[13:50:41] [main/INFO]: Registering data fixers
[13:50:41] [main/INFO]: 0 Datafixer optimizations took 0 milliseconds
[13:50:41] [main/INFO]: Found existing entry for create:track_signal in minecraft:block_entity_type
[13:50:41] [main/INFO]: Registering callback for railways:track_signal_source in create:display_source
[13:50:41] [main/INFO]: Found existing entry for create:copycat in minecraft:block_entity_type
[13:50:41] [main/INFO]: Registering callback for railways:conductor_vent in minecraft:block
[13:50:41] [main/INFO]: Found existing entry for create:flywheel in minecraft:block_entity_type
[13:50:41] [main/INFO]: Registering callback for railways:locometal_flywheel in minecraft:block
[13:50:41] [main/INFO]: Found existing entry for create:sliding_door in minecraft:block_entity_type
[13:50:41] [main/INFO]: Registering callback for railways:sliding_locometal_door in minecraft:block
[13:50:41] [main/INFO]: Found existing entry for create:sliding_door in minecraft:block_entity_type
[13:50:41] [main/INFO]: Registering callback for railways:folding_locometal_door in minecraft:block
[13:50:41] [main/INFO]: Found existing entry for create:flywheel in minecraft:block_entity_type
[13:50:41] [main/INFO]: Registering callback for railways:brown_locometal_flywheel in minecraft:block
[13:50:41] [main/INFO]: Found existing entry for create:sliding_door in minecraft:block_entity_type
[13:50:41] [main/INFO]: Registering callback for railways:brown_sliding_locometal_door in minecraft:block
[13:50:41] [main/INFO]: Found existing entry for create:sliding_door in minecraft:block_entity_type
[13:50:41] [main/INFO]: Registering callback for railways:brown_folding_locometal_door in minecraft:block
[13:50:41] [main/INFO]: Found existing entry for create:flywheel in minecraft:block_entity_type
[13:50:41] [main/INFO]: Registering callback for railways:maroon_locometal_flywheel in minecraft:block
[13:50:41] [main/INFO]: Found existing entry for create:sliding_door in minecraft:block_entity_type
[13:50:41] [main/INFO]: Registering callback for railways:maroon_sliding_locometal_door in minecraft:block
[13:50:41] [main/INFO]: Found existing entry for create:sliding_door in minecraft:block_entity_type
[13:50:41] [main/INFO]: Registering callback for railways:maroon_folding_locometal_door in minecraft:block
[13:50:41] [main/INFO]: Found existing entry for create:flywheel in minecraft:block_entity_type
[13:50:41] [main/INFO]: Registering callback for railways:red_locometal_flywheel in minecraft:block
[13:50:41] [main/INFO]: Found existing entry for create:sliding_door in minecraft:block_entity_type
[13:50:41] [main/INFO]: Registering callback for railways:red_sliding_locometal_door in minecraft:block
[13:50:41] [main/INFO]: Found existing entry for create:sliding_door in minecraft:block_entity_type
[13:50:41] [main/INFO]: Registering callback for railways:red_folding_locometal_door in minecraft:block
[13:50:41] [main/INFO]: Found existing entry for create:flywheel in minecraft:block_entity_type
[13:50:41] [main/INFO]: Registering callback for railways:vermilion_locometal_flywheel in minecraft:block
[13:50:41] [main/INFO]: Found existing entry for create:sliding_door in minecraft:block_entity_type
[13:50:41] [main/INFO]: Registering callback for railways:vermilion_sliding_locometal_door in minecraft:block
[13:50:41] [main/INFO]: Found existing entry for create:sliding_door in minecraft:block_entity_type
[13:50:41] [main/INFO]: Registering callback for railways:vermilion_folding_locometal_door in minecraft:block
[13:50:41] [main/INFO]: Found existing entry for create:flywheel in minecraft:block_entity_type
[13:50:41] [main/INFO]: Registering callback for railways:orange_locometal_flywheel in minecraft:block
[13:50:41] [main/INFO]: Found existing entry for create:sliding_door in minecraft:block_entity_type
[13:50:41] [main/INFO]: Registering callback for railways:orange_sliding_locometal_door in minecraft:block
[13:50:41] [main/INFO]: Found existing entry for create:sliding_door in minecraft:block_entity_type
[13:50:41] [main/INFO]: Registering callback for railways:orange_folding_locometal_door in minecraft:block
[13:50:41] [main/INFO]: Found existing entry for create:flywheel in minecraft:block_entity_type
[13:50:41] [main/INFO]: Registering callback for railways:granite_locometal_flywheel in minecraft:block
[13:50:41] [main/INFO]: Found existing entry for create:sliding_door in minecraft:block_entity_type
[13:50:41] [main/INFO]: Registering callback for railways:granite_sliding_locometal_door in minecraft:block
[13:50:41] [main/INFO]: Found existing entry for create:sliding_door in minecraft:block_entity_type
[13:50:41] [main/INFO]: Registering callback for railways:granite_folding_locometal_door in minecraft:block
[13:50:41] [main/INFO]: Found existing entry for create:flywheel in minecraft:block_entity_type
[13:50:41] [main/INFO]: Registering callback for railways:dripstone_locometal_flywheel in minecraft:block
[13:50:41] [main/INFO]: Found existing entry for create:sliding_door in minecraft:block_entity_type
[13:50:41] [main/INFO]: Registering callback for railways:dripstone_sliding_locometal_door in minecraft:block
[13:50:41] [main/INFO]: Found existing entry for create:sliding_door in minecraft:block_entity_type
[13:50:41] [main/INFO]: Registering callback for railways:dripstone_folding_locometal_door in minecraft:block
[13:50:41] [main/INFO]: Found existing entry for create:flywheel in minecraft:block_entity_type
[13:50:41] [main/INFO]: Registering callback for railways:ochrum_locometal_flywheel in minecraft:block
[13:50:41] [main/INFO]: Found existing entry for create:sliding_door in minecraft:block_entity_type
[13:50:41] [main/INFO]: Registering callback for railways:ochrum_sliding_locometal_door in minecraft:block
[13:50:41] [main/INFO]: Found existing entry for create:sliding_door in minecraft:block_entity_type
[13:50:41] [main/INFO]: Registering callback for railways:ochrum_folding_locometal_door in minecraft:block
[13:50:41] [main/INFO]: Found existing entry for create:flywheel in minecraft:block_entity_type
[13:50:41] [main/INFO]: Registering callback for railways:yellow_locometal_flywheel in minecraft:block
[13:50:41] [main/INFO]: Found existing entry for create:sliding_door in minecraft:block_entity_type
[13:50:41] [main/INFO]: Registering callback for railways:yellow_sliding_locometal_door in minecraft:block
[13:50:41] [main/INFO]: Found existing entry for create:sliding_door in minecraft:block_entity_type
[13:50:41] [main/INFO]: Registering callback for railways:yellow_folding_locometal_door in minecraft:block
[13:50:41] [main/INFO]: Found existing entry for create:flywheel in minecraft:block_entity_type
[13:50:41] [main/INFO]: Registering callback for railways:chartreuse_locometal_flywheel in minecraft:block
[13:50:41] [main/INFO]: Found existing entry for create:sliding_door in minecraft:block_entity_type
[13:50:41] [main/INFO]: Registering callback for railways:chartreuse_sliding_locometal_door in minecraft:block
[13:50:41] [main/INFO]: Found existing entry for create:sliding_door in minecraft:block_entity_type
[13:50:41] [main/INFO]: Registering callback for railways:chartreuse_folding_locometal_door in minecraft:block
[13:50:41] [main/INFO]: Found existing entry for create:flywheel in minecraft:block_entity_type
[13:50:41] [main/INFO]: Registering callback for railways:olive_green_locometal_flywheel in minecraft:block
[13:50:41] [main/INFO]: Found existing entry for create:sliding_door in minecraft:block_entity_type
[13:50:41] [main/INFO]: Registering callback for railways:olive_green_sliding_locometal_door in minecraft:block
[13:50:41] [main/INFO]: Found existing entry for create:sliding_door in minecraft:block_entity_type
[13:50:41] [main/INFO]: Registering callback for railways:olive_green_folding_locometal_door in minecraft:block
[13:50:41] [main/INFO]: Found existing entry for create:flywheel in minecraft:block_entity_type
[13:50:41] [main/INFO]: Registering callback for railways:lime_locometal_flywheel in minecraft:block
[13:50:41] [main/INFO]: Found existing entry for create:sliding_door in minecraft:block_entity_type
[13:50:41] [main/INFO]: Registering callback for railways:lime_sliding_locometal_door in minecraft:block
[13:50:41] [main/INFO]: Found existing entry for create:sliding_door in minecraft:block_entity_type
[13:50:41] [main/INFO]: Registering callback for railways:lime_folding_locometal_door in minecraft:block
[13:50:41] [main/INFO]: Found existing entry for create:flywheel in minecraft:block_entity_type
[13:50:41] [main/INFO]: Registering callback for railways:green_locometal_flywheel in minecraft:block
[13:50:41] [main/INFO]: Found existing entry for create:sliding_door in minecraft:block_entity_type
[13:50:41] [main/INFO]: Registering callback for railways:green_sliding_locometal_door in minecraft:block
[13:50:41] [main/INFO]: Found existing entry for create:sliding_door in minecraft:block_entity_type
[13:50:41] [main/INFO]: Registering callback for railways:green_folding_locometal_door in minecraft:block
[13:50:41] [main/INFO]: Found existing entry for create:flywheel in minecraft:block_entity_type
[13:50:41] [main/INFO]: Registering callback for railways:pine_green_locometal_flywheel in minecraft:block
[13:50:41] [main/INFO]: Found existing entry for create:sliding_door in minecraft:block_entity_type
[13:50:41] [main/INFO]: Registering callback for railways:pine_green_sliding_locometal_door in minecraft:block
[13:50:41] [main/INFO]: Found existing entry for create:sliding_door in minecraft:block_entity_type
[13:50:41] [main/INFO]: Registering callback for railways:pine_green_folding_locometal_door in minecraft:block
[13:50:41] [main/INFO]: Found existing entry for create:flywheel in minecraft:block_entity_type
[13:50:41] [main/INFO]: Registering callback for railways:cyan_locometal_flywheel in minecraft:block
[13:50:41] [main/INFO]: Found existing entry for create:sliding_door in minecraft:block_entity_type
[13:50:41] [main/INFO]: Registering callback for railways:cyan_sliding_locometal_door in minecraft:block
[13:50:41] [main/INFO]: Found existing entry for create:sliding_door in minecraft:block_entity_type
[13:50:41] [main/INFO]: Registering callback for railways:cyan_folding_locometal_door in minecraft:block
[13:50:41] [main/INFO]: Found existing entry for create:flywheel in minecraft:block_entity_type
[13:50:41] [main/INFO]: Registering callback for railways:sea_green_locometal_flywheel in minecraft:block
[13:50:41] [main/INFO]: Found existing entry for create:sliding_door in minecraft:block_entity_type
[13:50:41] [main/INFO]: Registering callback for railways:sea_green_sliding_locometal_door in minecraft:block
[13:50:41] [main/INFO]: Found existing entry for create:sliding_door in minecraft:block_entity_type
[13:50:41] [main/INFO]: Registering callback for railways:sea_green_folding_locometal_door in minecraft:block
[13:50:41] [main/INFO]: Found existing entry for create:flywheel in minecraft:block_entity_type
[13:50:41] [main/INFO]: Registering callback for railways:turquoise_locometal_flywheel in minecraft:block
[13:50:41] [main/INFO]: Found existing entry for create:sliding_door in minecraft:block_entity_type
[13:50:41] [main/INFO]: Registering callback for railways:turquoise_sliding_locometal_door in minecraft:block
[13:50:41] [main/INFO]: Found existing entry for create:sliding_door in minecraft:block_entity_type
[13:50:41] [main/INFO]: Registering callback for railways:turquoise_folding_locometal_door in minecraft:block
[13:50:41] [main/INFO]: Found existing entry for create:flywheel in minecraft:block_entity_type
[13:50:41] [main/INFO]: Registering callback for railways:light_blue_locometal_flywheel in minecraft:block
[13:50:41] [main/INFO]: Found existing entry for create:sliding_door in minecraft:block_entity_type
[13:50:41] [main/INFO]: Registering callback for railways:light_blue_sliding_locometal_door in minecraft:block
[13:50:41] [main/INFO]: Found existing entry for create:sliding_door in minecraft:block_entity_type
[13:50:41] [main/INFO]: Registering callback for railways:light_blue_folding_locometal_door in minecraft:block
[13:50:41] [main/INFO]: Found existing entry for create:flywheel in minecraft:block_entity_type
[13:50:41] [main/INFO]: Registering callback for railways:blue_locometal_flywheel in minecraft:block
[13:50:41] [main/INFO]: Found existing entry for create:sliding_door in minecraft:block_entity_type
[13:50:41] [main/INFO]: Registering callback for railways:blue_sliding_locometal_door in minecraft:block
[13:50:41] [main/INFO]: Found existing entry for create:sliding_door in minecraft:block_entity_type
[13:50:41] [main/INFO]: Registering callback for railways:blue_folding_locometal_door in minecraft:block
[13:50:41] [main/INFO]: Found existing entry for create:flywheel in minecraft:block_entity_type
[13:50:41] [main/INFO]: Registering callback for railways:royal_blue_locometal_flywheel in minecraft:block
[13:50:41] [main/INFO]: Found existing entry for create:sliding_door in minecraft:block_entity_type
[13:50:41] [main/INFO]: Registering callback for railways:royal_blue_sliding_locometal_door in minecraft:block
[13:50:41] [main/INFO]: Found existing entry for create:sliding_door in minecraft:block_entity_type
[13:50:41] [main/INFO]: Registering callback for railways:royal_blue_folding_locometal_door in minecraft:block
[13:50:41] [main/INFO]: Found existing entry for create:flywheel in minecraft:block_entity_type
[13:50:41] [main/INFO]: Registering callback for railways:purple_locometal_flywheel in minecraft:block
[13:50:41] [main/INFO]: Found existing entry for create:sliding_door in minecraft:block_entity_type
[13:50:41] [main/INFO]: Registering callback for railways:purple_sliding_locometal_door in minecraft:block
[13:50:41] [main/INFO]: Found existing entry for create:sliding_door in minecraft:block_entity_type
[13:50:41] [main/INFO]: Registering callback for railways:purple_folding_locometal_door in minecraft:block
[13:50:41] [main/INFO]: Found existing entry for create:flywheel in minecraft:block_entity_type
[13:50:41] [main/INFO]: Registering callback for railways:magenta_locometal_flywheel in minecraft:block
[13:50:41] [main/INFO]: Found existing entry for create:sliding_door in minecraft:block_entity_type
[13:50:41] [main/INFO]: Registering callback for railways:magenta_sliding_locometal_door in minecraft:block
[13:50:41] [main/INFO]: Found existing entry for create:sliding_door in minecraft:block_entity_type
[13:50:41] [main/INFO]: Registering callback for railways:magenta_folding_locometal_door in minecraft:block
[13:50:41] [main/INFO]: Found existing entry for create:flywheel in minecraft:block_entity_type
[13:50:41] [main/INFO]: Registering callback for railways:pink_locometal_flywheel in minecraft:block
[13:50:41] [main/INFO]: Found existing entry for create:sliding_door in minecraft:block_entity_type
[13:50:41] [main/INFO]: Registering callback for railways:pink_sliding_locometal_door in minecraft:block
[13:50:41] [main/INFO]: Found existing entry for create:sliding_door in minecraft:block_entity_type
[13:50:41] [main/INFO]: Registering callback for railways:pink_folding_locometal_door in minecraft:block
[13:50:41] [main/INFO]: Found existing entry for create:flywheel in minecraft:block_entity_type
[13:50:41] [main/INFO]: Registering callback for railways:white_locometal_flywheel in minecraft:block
[13:50:41] [main/INFO]: Found existing entry for create:sliding_door in minecraft:block_entity_type
[13:50:41] [main/INFO]: Registering callback for railways:white_sliding_locometal_door in minecraft:block
[13:50:41] [main/INFO]: Found existing entry for create:sliding_door in minecraft:block_entity_type
[13:50:41] [main/INFO]: Registering callback for railways:white_folding_locometal_door in minecraft:block
[13:50:41] [main/INFO]: Found existing entry for create:flywheel in minecraft:block_entity_type
[13:50:41] [main/INFO]: Registering callback for railways:diorite_locometal_flywheel in minecraft:block
[13:50:41] [main/INFO]: Found existing entry for create:sliding_door in minecraft:block_entity_type
[13:50:41] [main/INFO]: Registering callback for railways:diorite_sliding_locometal_door in minecraft:block
[13:50:41] [main/INFO]: Found existing entry for create:sliding_door in minecraft:block_entity_type
[13:50:41] [main/INFO]: Registering callback for railways:diorite_folding_locometal_door in minecraft:block
[13:50:41] [main/INFO]: Found existing entry for create:flywheel in minecraft:block_entity_type
[13:50:41] [main/INFO]: Registering callback for railways:limestone_locometal_flywheel in minecraft:block
[13:50:41] [main/INFO]: Found existing entry for create:sliding_door in minecraft:block_entity_type
[13:50:41] [main/INFO]: Registering callback for railways:limestone_sliding_locometal_door in minecraft:block
[13:50:41] [main/INFO]: Found existing entry for create:sliding_door in minecraft:block_entity_type
[13:50:41] [main/INFO]: Registering callback for railways:limestone_folding_locometal_door in minecraft:block
[13:50:41] [main/INFO]: Found existing entry for create:flywheel in minecraft:block_entity_type
[13:50:41] [main/INFO]: Registering callback for railways:light_gray_locometal_flywheel in minecraft:block
[13:50:41] [main/INFO]: Found existing entry for create:sliding_door in minecraft:block_entity_type
[13:50:41] [main/INFO]: Registering callback for railways:light_gray_sliding_locometal_door in minecraft:block
[13:50:41] [main/INFO]: Found existing entry for create:sliding_door in minecraft:block_entity_type
[13:50:41] [main/INFO]: Registering callback for railways:light_gray_folding_locometal_door in minecraft:block
[13:50:41] [main/INFO]: Found existing entry for create:flywheel in minecraft:block_entity_type
[13:50:41] [main/INFO]: Registering callback for railways:tuff_locometal_flywheel in minecraft:block
[13:50:41] [main/INFO]: Found existing entry for create:sliding_door in minecraft:block_entity_type
[13:50:41] [main/INFO]: Registering callback for railways:tuff_sliding_locometal_door in minecraft:block
[13:50:41] [main/INFO]: Found existing entry for create:sliding_door in minecraft:block_entity_type
[13:50:41] [main/INFO]: Registering callback for railways:tuff_folding_locometal_door in minecraft:block
[13:50:41] [main/INFO]: Found existing entry for create:flywheel in minecraft:block_entity_type
[13:50:41] [main/INFO]: Registering callback for railways:gray_locometal_flywheel in minecraft:block
[13:50:41] [main/INFO]: Found existing entry for create:sliding_door in minecraft:block_entity_type
[13:50:41] [main/INFO]: Registering callback for railways:gray_sliding_locometal_door in minecraft:block
[13:50:41] [main/INFO]: Found existing entry for create:sliding_door in minecraft:block_entity_type
[13:50:41] [main/INFO]: Registering callback for railways:gray_folding_locometal_door in minecraft:block
[13:50:41] [main/INFO]: Found existing entry for create:flywheel in minecraft:block_entity_type
[13:50:41] [main/INFO]: Registering callback for railways:scorchia_locometal_flywheel in minecraft:block
[13:50:41] [main/INFO]: Found existing entry for create:sliding_door in minecraft:block_entity_type
[13:50:41] [main/INFO]: Registering callback for railways:scorchia_sliding_locometal_door in minecraft:block
[13:50:41] [main/INFO]: Found existing entry for create:sliding_door in minecraft:block_entity_type
[13:50:41] [main/INFO]: Registering callback for railways:scorchia_folding_locometal_door in minecraft:block
[13:50:41] [main/INFO]: Found existing entry for create:flywheel in minecraft:block_entity_type
[13:50:41] [main/INFO]: Registering callback for railways:black_locometal_flywheel in minecraft:block
[13:50:41] [main/INFO]: Found existing entry for create:sliding_door in minecraft:block_entity_type
[13:50:41] [main/INFO]: Registering callback for railways:black_sliding_locometal_door in minecraft:block
[13:50:41] [main/INFO]: Found existing entry for create:sliding_door in minecraft:block_entity_type
[13:50:41] [main/INFO]: Registering callback for railways:black_folding_locometal_door in minecraft:block
[13:50:41] [main/INFO]: Registering tracks for Hex Casting
[13:50:41] [main/INFO]: Registering tracks for Oh The Biomes You'll Go
[13:50:41] [main/INFO]: Registering tracks for Blue Skies
[13:50:41] [main/INFO]: Registering tracks for Twilight Forest
[13:50:41] [main/INFO]: Registering tracks for Biomes O' Plenty
[13:50:41] [main/INFO]: Registering tracks for Nature's Spirit
[13:50:41] [main/INFO]: Registering tracks for Dreams and Desires
[13:50:41] [main/INFO]: Registering tracks for Quark
[13:50:41] [main/INFO]: Registering tracks for TerraFirmaCraft
[13:50:41] [main/INFO]: Running callback for create:copycat and railways:conductor_vent
[13:50:41] [main/INFO]: Running callback for create:flywheel and railways:locometal_flywheel
[13:50:41] [main/INFO]: Running callback for create:sliding_door and railways:sliding_locometal_door
[13:50:41] [main/INFO]: Running callback for create:sliding_door and railways:folding_locometal_door
[13:50:41] [main/INFO]: Running callback for create:flywheel and railways:brown_locometal_flywheel
[13:50:41] [main/INFO]: Running callback for create:sliding_door and railways:brown_sliding_locometal_door
[13:50:41] [main/INFO]: Running callback for create:sliding_door and railways:brown_folding_locometal_door
[13:50:41] [main/INFO]: Running callback for create:flywheel and railways:maroon_locometal_flywheel
[13:50:41] [main/INFO]: Running callback for create:sliding_door and railways:maroon_sliding_locometal_door
[13:50:41] [main/INFO]: Running callback for create:sliding_door and railways:maroon_folding_locometal_door
[13:50:41] [main/INFO]: Running callback for create:flywheel and railways:red_locometal_flywheel
[13:50:41] [main/INFO]: Running callback for create:sliding_door and railways:red_sliding_locometal_door
[13:50:41] [main/INFO]: Running callback for create:sliding_door and railways:red_folding_locometal_door
[13:50:41] [main/INFO]: Running callback for create:flywheel and railways:vermilion_locometal_flywheel
[13:50:41] [main/INFO]: Running callback for create:sliding_door and railways:vermilion_sliding_locometal_door
[13:50:41] [main/INFO]: Running callback for create:sliding_door and railways:vermilion_folding_locometal_door
[13:50:41] [main/INFO]: Running callback for create:flywheel and railways:orange_locometal_flywheel
[13:50:41] [main/INFO]: Running callback for create:sliding_door and railways:orange_sliding_locometal_door
[13:50:41] [main/INFO]: Running callback for create:sliding_door and railways:orange_folding_locometal_door
[13:50:41] [main/INFO]: Running callback for create:flywheel and railways:granite_locometal_flywheel
[13:50:41] [main/INFO]: Running callback for create:sliding_door and railways:granite_sliding_locometal_door
[13:50:41] [main/INFO]: Running callback for create:sliding_door and railways:granite_folding_locometal_door
[13:50:41] [main/INFO]: Running callback for create:flywheel and railways:dripstone_locometal_flywheel
[13:50:41] [main/INFO]: Running callback for create:sliding_door and railways:dripstone_sliding_locometal_door
[13:50:41] [main/INFO]: Running callback for create:sliding_door and railways:dripstone_folding_locometal_door
[13:50:41] [main/INFO]: Running callback for create:flywheel and railways:ochrum_locometal_flywheel
[13:50:41] [main/INFO]: Running callback for create:sliding_door and railways:ochrum_sliding_locometal_door
[13:50:41] [main/INFO]: Running callback for create:sliding_door and railways:ochrum_folding_locometal_door
[13:50:41] [main/INFO]: Running callback for create:flywheel and railways:yellow_locometal_flywheel
[13:50:41] [main/INFO]: Running callback for create:sliding_door and railways:yellow_sliding_locometal_door
[13:50:41] [main/INFO]: Running callback for create:sliding_door and railways:yellow_folding_locometal_door
[13:50:41] [main/INFO]: Running callback for create:flywheel and railways:chartreuse_locometal_flywheel
[13:50:41] [main/INFO]: Running callback for create:sliding_door and railways:chartreuse_sliding_locometal_door
[13:50:41] [main/INFO]: Running callback for create:sliding_door and railways:chartreuse_folding_locometal_door
[13:50:41] [main/INFO]: Running callback for create:flywheel and railways:olive_green_locometal_flywheel
[13:50:41] [main/INFO]: Running callback for create:sliding_door and railways:olive_green_sliding_locometal_door
[13:50:41] [main/INFO]: Running callback for create:sliding_door and railways:olive_green_folding_locometal_door
[13:50:41] [main/INFO]: Running callback for create:flywheel and railways:lime_locometal_flywheel
[13:50:41] [main/INFO]: Running callback for create:sliding_door and railways:lime_sliding_locometal_door
[13:50:41] [main/INFO]: Running callback for create:sliding_door and railways:lime_folding_locometal_door
[13:50:41] [main/INFO]: Running callback for create:flywheel and railways:green_locometal_flywheel
[13:50:41] [main/INFO]: Running callback for create:sliding_door and railways:green_sliding_locometal_door
[13:50:41] [main/INFO]: Running callback for create:sliding_door and railways:green_folding_locometal_door
[13:50:41] [main/INFO]: Running callback for create:flywheel and railways:pine_green_locometal_flywheel
[13:50:41] [main/INFO]: Running callback for create:sliding_door and railways:pine_green_sliding_locometal_door
[13:50:41] [main/INFO]: Running callback for create:sliding_door and railways:pine_green_folding_locometal_door
[13:50:41] [main/INFO]: Running callback for create:flywheel and railways:cyan_locometal_flywheel
[13:50:41] [main/INFO]: Running callback for create:sliding_door and railways:cyan_sliding_locometal_door
[13:50:41] [main/INFO]: Running callback for create:sliding_door and railways:cyan_folding_locometal_door
[13:50:41] [main/INFO]: Running callback for create:flywheel and railways:sea_green_locometal_flywheel
[13:50:41] [main/INFO]: Running callback for create:sliding_door and railways:sea_green_sliding_locometal_door
[13:50:41] [main/INFO]: Running callback for create:sliding_door and railways:sea_green_folding_locometal_door
[13:50:41] [main/INFO]: Running callback for create:flywheel and railways:turquoise_locometal_flywheel
[13:50:41] [main/INFO]: Running callback for create:sliding_door and railways:turquoise_sliding_locometal_door
[13:50:41] [main/INFO]: Running callback for create:sliding_door and railways:turquoise_folding_locometal_door
[13:50:41] [main/INFO]: Running callback for create:flywheel and railways:light_blue_locometal_flywheel
[13:50:41] [main/INFO]: Running callback for create:sliding_door and railways:light_blue_sliding_locometal_door
[13:50:41] [main/INFO]: Running callback for create:sliding_door and railways:light_blue_folding_locometal_door
[13:50:41] [main/INFO]: Running callback for create:flywheel and railways:blue_locometal_flywheel
[13:50:41] [main/INFO]: Running callback for create:sliding_door and railways:blue_sliding_locometal_door
[13:50:41] [main/INFO]: Running callback for create:sliding_door and railways:blue_folding_locometal_door
[13:50:41] [main/INFO]: Running callback for create:flywheel and railways:royal_blue_locometal_flywheel
[13:50:41] [main/INFO]: Running callback for create:sliding_door and railways:royal_blue_sliding_locometal_door
[13:50:41] [main/INFO]: Running callback for create:sliding_door and railways:royal_blue_folding_locometal_door
[13:50:41] [main/INFO]: Running callback for create:flywheel and railways:purple_locometal_flywheel
[13:50:41] [main/INFO]: Running callback for create:sliding_door and railways:purple_sliding_locometal_door
[13:50:41] [main/INFO]: Running callback for create:sliding_door and railways:purple_folding_locometal_door
[13:50:41] [main/INFO]: Running callback for create:flywheel and railways:magenta_locometal_flywheel
[13:50:41] [main/INFO]: Running callback for create:sliding_door and railways:magenta_sliding_locometal_door
[13:50:41] [main/INFO]: Running callback for create:sliding_door and railways:magenta_folding_locometal_door
[13:50:41] [main/INFO]: Running callback for create:flywheel and railways:pink_locometal_flywheel
[13:50:41] [main/INFO]: Running callback for create:sliding_door and railways:pink_sliding_locometal_door
[13:50:41] [main/INFO]: Running callback for create:sliding_door and railways:pink_folding_locometal_door
[13:50:41] [main/INFO]: Running callback for create:flywheel and railways:white_locometal_flywheel
[13:50:41] [main/INFO]: Running callback for create:sliding_door and railways:white_sliding_locometal_door
[13:50:41] [main/INFO]: Running callback for create:sliding_door and railways:white_folding_locometal_door
[13:50:41] [main/INFO]: Running callback for create:flywheel and railways:diorite_locometal_flywheel
[13:50:41] [main/INFO]: Running callback for create:sliding_door and railways:diorite_sliding_locometal_door
[13:50:41] [main/INFO]: Running callback for create:sliding_door and railways:diorite_folding_locometal_door
[13:50:41] [main/INFO]: Running callback for create:flywheel and railways:limestone_locometal_flywheel
[13:50:41] [main/INFO]: Running callback for create:sliding_door and railways:limestone_sliding_locometal_door
[13:50:41] [main/INFO]: Running callback for create:sliding_door and railways:limestone_folding_locometal_door
[13:50:41] [main/INFO]: Running callback for create:flywheel and railways:light_gray_locometal_flywheel
[13:50:41] [main/INFO]: Running callback for create:sliding_door and railways:light_gray_sliding_locometal_door
[13:50:41] [main/INFO]: Running callback for create:sliding_door and railways:light_gray_folding_locometal_door
[13:50:41] [main/INFO]: Running callback for create:flywheel and railways:tuff_locometal_flywheel
[13:50:41] [main/INFO]: Running callback for create:sliding_door and railways:tuff_sliding_locometal_door
[13:50:41] [main/INFO]: Running callback for create:sliding_door and railways:tuff_folding_locometal_door
[13:50:41] [main/INFO]: Running callback for create:flywheel and railways:gray_locometal_flywheel
[13:50:41] [main/INFO]: Running callback for create:sliding_door and railways:gray_sliding_locometal_door
[13:50:41] [main/INFO]: Running callback for create:sliding_door and railways:gray_folding_locometal_door
[13:50:41] [main/INFO]: Running callback for create:flywheel and railways:scorchia_locometal_flywheel
[13:50:41] [main/INFO]: Running callback for create:sliding_door and railways:scorchia_sliding_locometal_door
[13:50:41] [main/INFO]: Running callback for create:sliding_door and railways:scorchia_folding_locometal_door
[13:50:41] [main/INFO]: Running callback for create:flywheel and railways:black_locometal_flywheel
[13:50:41] [main/INFO]: Running callback for create:sliding_door and railways:black_sliding_locometal_door
[13:50:41] [main/INFO]: Running callback for create:sliding_door and railways:black_folding_locometal_door
[13:50:41] [main/INFO]: Running callback for create:track_signal and railways:track_signal_source
[13:50:42] [main/INFO]: Running finalizers
[13:50:42] [main/INFO]: File exists, reading config for elocindev.rebalance.config.ReBalanceConfig.
[13:50:42] [main/INFO]: Config for elocindev.rebalance.config.ReBalanceConfig read successfully.
[13:50:42] [main/INFO]: [STDOUT]: Starting recipe splitter
[13:50:42] [main/INFO]: [Regions Unexplored] generating and loading config
[13:50:42] [main/INFO]: File exists, reading config for elocindev.resistance_balancer.config.ResistanceBalancerConfig.
[13:50:42] [main/INFO]: Config for elocindev.resistance_balancer.config.ResistanceBalancerConfig read successfully.
[13:50:42] [main/INFO]: Hello Fabric world!
[13:50:42] [main/INFO]: S-Lib loaded successfully
[13:50:42] [main/INFO]: Hello Fabric world!
[13:50:42] [main/INFO]: Shield API initialized!
[13:50:42] [main/INFO]: File exists, reading config for elocin.shield_overhaul.config.server.ShieldConfig.
[13:50:42] [main/INFO]: Config for elocin.shield_overhaul.config.server.ShieldConfig read successfully.
[13:50:42] [main/INFO]: Shield Overhaul's Config Loaded!
[13:50:42] [main/INFO]: Simply Swords Tweaks initialized successfully!
[13:50:42] [main/INFO]: Loaded config simplybows:config in 151ms
[13:50:42] [main/INFO]: Simply Bows config loaded: simplybows:config
[13:50:42] [main/INFO]: [STDOUT]: [SimplyCompat] Patched net.sweenus.simplyskills.effects.LeapSlamEffect
[13:50:42] [main/INFO]: Registering Items for simplyskills
[13:50:42] [main/INFO]: Registering Entities for simplyskills
[13:50:42] [main/INFO]: Loaded config simplyswords:general in 25ms
[13:50:42] [main/INFO]: Loaded config simplyswords:gui in 4ms
[13:50:42] [main/INFO]: [STDOUT]: [SimplyCompat] Patched net.sweenus.simplyswords.registry.GemPowerRegistry
[13:50:42] [main/INFO]: [STDOUT]: [SimplyCompat] Patched net.sweenus.simplyswords.power.powers.StoneskinPower
[13:50:42] [main/INFO]: [STDOUT]: [SimplyCompat] Patched net.sweenus.simplyswords.power.powers.SwiftnessPower
[13:50:42] [main/INFO]: [STDOUT]: [SimplyCompat] Patched net.sweenus.simplyswords.power.powers.TrailblazePower
[13:50:42] [main/INFO]: [STDOUT]: [SimplyCompat] Patched net.sweenus.simplyswords.power.powers.WeakenPower
[13:50:42] [main/INFO]: [STDOUT]: [SimplyCompat] Patched net.sweenus.simplyswords.power.powers.ZephyrPower
[13:50:42] [main/INFO]: [STDOUT]: [SimplyCompat] Patched net.sweenus.simplyswords.power.powers.ImbuedPower
[13:50:42] [main/INFO]: [STDOUT]: [SimplyCompat] Patched net.sweenus.simplyswords.power.powers.PincushionPower
[13:50:42] [main/INFO]: [STDOUT]: [SimplyCompat] Patched net.sweenus.simplyswords.power.powers.MomentumPower
[13:50:42] [main/INFO]: [STDOUT]: [SimplyCompat] Patched net.sweenus.simplyswords.power.powers.FloatPower
[13:50:42] [main/INFO]: [STDOUT]: [SimplyCompat] Patched net.sweenus.simplyswords.power.powers.ShieldingPower
[13:50:42] [main/INFO]: [STDOUT]: [SimplyCompat] Patched net.sweenus.simplyswords.power.powers.SlowPower
[13:50:42] [main/INFO]: [STDOUT]: [SimplyCompat] Patched net.sweenus.simplyswords.power.powers.ActiveDefencePower
[13:50:42] [main/INFO]: [STDOUT]: [SimplyCompat] Patched net.sweenus.simplyswords.power.powers.FreezePower
[13:50:42] [main/INFO]: [STDOUT]: [SimplyCompat] Patched net.sweenus.simplyswords.power.powers.FrostWardPower
[13:50:42] [main/INFO]: [STDOUT]: [SimplyCompat] Patched net.sweenus.simplyswords.power.powers.WildfirePower
[13:50:42] [main/INFO]: [STDOUT]: [SimplyCompat] Patched net.sweenus.simplyswords.power.powers.UnstablePower
[13:50:42] [main/INFO]: [STDOUT]: [SimplyCompat] Patched net.sweenus.simplyswords.power.powers.StormlashPower
[13:50:42] [main/INFO]: [STDOUT]: [SimplyCompat] Patched net.sweenus.simplyswords.power.powers.DancingBladesPower
[13:50:42] [main/INFO]: [STDOUT]: [SimplyCompat] Patched net.sweenus.simplyswords.power.powers.FaultlinePower
[13:50:42] [main/INFO]: [STDOUT]: [SimplyCompat] Patched net.sweenus.simplyswords.power.powers.RunicSlashPower
[13:50:42] [main/INFO]: [STDOUT]: [SimplyCompat] Patched net.sweenus.simplyswords.power.powers.EvocationPower
[13:50:42] [main/INFO]: [STDOUT]: [SimplyCompat] Patched net.sweenus.simplyswords.power.powers.SnifferSlamPower
[13:50:42] [main/INFO]: [STDOUT]: [SimplyCompat] Patched net.sweenus.simplyswords.power.powers.WardPower
[13:50:42] [main/INFO]: [STDOUT]: [SimplyCompat] Patched net.sweenus.simplyswords.power.powers.ImmolationPower
[13:50:42] [main/INFO]: [STDOUT]: [SimplyCompat] Patched net.sweenus.simplyswords.power.powers.ThrowingPower
[13:50:42] [main/INFO]: [STDOUT]: [SimplyCompat] Patched net.sweenus.simplyswords.power.powers.EchoPower
[13:50:42] [main/INFO]: [STDOUT]: [SimplyCompat] Patched net.sweenus.simplyswords.power.powers.BerserkPower
[13:50:42] [main/INFO]: [STDOUT]: [SimplyCompat] Patched net.sweenus.simplyswords.power.powers.RadiancePower
[13:50:42] [main/INFO]: [STDOUT]: [SimplyCompat] Patched net.sweenus.simplyswords.power.powers.OnslaughtPower
[13:50:42] [main/INFO]: [STDOUT]: [SimplyCompat] Patched net.sweenus.simplyswords.power.powers.NullificationPower
[13:50:42] [main/INFO]: [STDOUT]: [SimplyCompat] Patched net.sweenus.simplyswords.power.powers.VerdantTrailPower
[13:50:42] [main/INFO]: [STDOUT]: [SimplyCompat] Patched net.sweenus.simplyswords.power.powers.NecromanticArsenalPower
[13:50:42] [main/INFO]: [STDOUT]: [SimplyCompat] Patched net.sweenus.simplyswords.power.powers.WolfPackPower
[13:50:42] [main/INFO]: [STDOUT]: [SimplyCompat] Patched net.sweenus.simplyswords.power.powers.GoatStampedePower
[13:50:42] [main/INFO]: [STDOUT]: [SimplyCompat] Patched net.sweenus.simplyswords.power.powers.BaneheadSwarmPower
[13:50:42] [main/INFO]: [STDOUT]: [SimplyCompat] Patched net.sweenus.simplyswords.power.powers.WingBuffetPower
[13:50:42] [main/INFO]: [STDOUT]: [SimplyCompat] Patched net.sweenus.simplyswords.power.powers.DragonMawPower
[13:50:42] [main/INFO]: Loaded config simplyswords:gem_powers in 150ms
[13:50:42] [main/INFO]: Loaded config simplyswords:status_effects in 2ms
[13:50:43] [main/INFO]: Loaded config simplyswords:weapon_attributes in 26ms
[13:50:43] [main/INFO]: Loaded config simplyswords:unique_effects in 146ms
[13:50:43] [main/INFO]: Loaded config simplyswords:compatibility in 18ms
[13:50:43] [main/INFO]: [STDOUT]: [SimplyCompat] Patched net.sweenus.simplyswords.entity.SimplySwordsSkeletonMinionEntity
[13:50:43] [main/INFO]: [STDOUT]: [SimplyCompat] Patched net.sweenus.simplyswords.entity.SimplySwordsWolfMinionEntity
[13:50:43] [main/INFO]: [STDOUT]: [SimplyCompat] Patched net.sweenus.simplyswords.item.component.StackComponentKey
[13:50:43] [main/INFO]: Registering C2S receiver with id simplyswords:use_weapon_ability
[13:50:43] [main/INFO]: Registering C2S receiver with id simplyswords:weapon_ability_keybind_state
[13:50:43] [main/INFO]: Registering C2S receiver with id simplyswords:player_movement_intent
[13:50:43] [main/INFO]: [STDOUT]: Copied from /data/simplyswords/safeload_recipes/eldritch_end/dreadtide.json to /data/simplyswords/recipes/eldritch_end/dreadtide.json
[13:50:43] [main/INFO]: [STDOUT]: /home/ubuntu/minecraft-prominence-2-hasturian-era/config
[13:50:43] [main/INFO]: Loaded config simplytooltips:config in 5ms
[13:50:43] [main/INFO]: SimplyTooltips config loaded: simplytooltips:config
[13:50:43] [main/INFO]: Hello Fabric world!
[13:50:43] [main/INFO]: [SolLib] Loaded net.lcc.sollib.platform.FabricPlatformHelper@544c2e54 for service interface net.lcc.sollib.platform.services.IPlatformHelper
[13:50:43] [main/INFO]: [SolLib] Loaded net.lcc.sollib.platform.FabricAccessoryHelper@5df7cc9a for service interface net.lcc.sollib.platform.services.IAccessoryHelper
[13:50:43] [main/INFO]: Soulmaster initialized!
[13:50:43] [main/INFO]: Config initialized!
[13:50:43] [main/INFO]: Successfully initialized Geckolib!
[13:50:43] [main/INFO]: Successfully registered SoulsWeapons content!
[13:50:43] [main/INFO]: Successfully registered built-in 2D model resourcepack!
[13:50:43] [main/INFO]: Successfully registered built-in Legacy 2D Models resourcepack!
[13:50:43] [main/INFO]: Successfully registered built-in Legacy 3D Models resourcepack!
[13:50:43] [main/INFO]: Successfully registered built-in Fresh Animations Compat. resourcepack!
[13:50:43] [main/INFO]: Successfully registered built-in Szombie's Enhanced 3D GOW Weapons resourcepack!
[13:50:43] [main/INFO]: Initializing done, time taken: 230ms
[13:50:43] [main/INFO]: Spell Engine x Open Parties and Claims
[13:50:43] [main/INFO]: Hello Fabric world!
[13:50:43] [main/INFO]: Creating asynchronous mapping cache executor...
[13:50:43] [Mappings Cache Thread #1/INFO]: Verifying cache of yarn mappings...
[13:50:43] [Mappings Cache Thread #1/INFO]: Latest build for yarn is already cached (24 hour(s) ago, refresh in 24 hour(s))
[13:50:43] [Mappings Cache Thread #1/INFO]: Mappings for yarn build 1.20.1+build.10 are already downloaded
[13:50:43] [Mappings Cache Thread #1/INFO]: Verified cache of yarn mappings (took 1ms)
[13:50:43] [Mappings Cache Thread #1/INFO]: Parsing yarn mappings...
[13:50:43] [main/INFO]: Constructing common components for stoneworks:main
[13:50:43] [main/INFO]: Loading common config for stoneworks
[13:50:43] [Thread-11/INFO]: Reloading common config for stoneworks
[13:50:43] [Thread-11/INFO]: Reloading common config for stoneworks
[13:50:43] [main/INFO]: structureessentials mod initialized
[13:50:44] [Mappings Cache Thread #1/INFO]: Parsed yarn mappings (took 136ms)
[13:50:44] [Mappings Cache Thread #1/INFO]: Caching yarn mappings...
[13:50:44] [main/INFO]: Loaded config supplementaries-common.json
[13:50:44] [Mappings Cache Thread #1/INFO]: Cached yarn mappings (took 41ms)
[13:50:44] [Mappings Cache Thread #1/INFO]: Cached mappings have been built (took 181ms)
[13:50:44] [Mappings Cache Thread #1/INFO]:   Classes: 6741
[13:50:44] [Mappings Cache Thread #1/INFO]:   Methods: 24982
[13:50:44] [Mappings Cache Thread #1/INFO]:   Fields: 28829
[13:50:44] [ForkJoinPool.commonPool-worker-1/INFO]: Shutting down asynchronous mapping cache executor...
[13:50:44] [ForkJoinPool.commonPool-worker-1/INFO]: Injecting into root logger...
[13:50:44] [main/INFO]: TechReborn setup done!
[13:50:44] [main/INFO]: Registered region minecraft:overworld to index 0 for type OVERWORLD
[13:50:44] [main/INFO]: Registered region minecraft:nether to index 0 for type NETHER
[13:50:44] [main/INFO]: Registered region derelict:derelict to index 1 for type OVERWORLD
[13:50:44] [main/INFO]: Registered region regions_unexplored:primary to index 2 for type OVERWORLD
[13:50:44] [main/INFO]: Registered region regions_unexplored:secondary to index 3 for type OVERWORLD
[13:50:44] [main/INFO]: Registered region regions_unexplored:nether to index 1 for type NETHER
[13:50:44] [main/INFO]: Registered region riverredux:overworld to index 4 for type OVERWORLD
[13:50:44] [main/INFO]: Testosterone Tweaks initialized successfully!
[13:50:45] [main/INFO]: Creating environment manager EnvironmentManager{controller=com.github.thedeathlycow.thermoo.api.temperature.EmptyEnvironmentController}
[13:50:45] [main/INFO]: Thermoo initialized
[13:50:45] [main/INFO]: File exists, reading config for elocindev.tierify.config.CommonConfig.
[13:50:45] [main/INFO]: Config for elocindev.tierify.config.CommonConfig read successfully.
[13:50:45] [main/INFO]: Constructing common components for tinyskeletons:main
[13:50:45] [main/INFO]: Constructing common components for tradingpost:main
[13:50:45] [main/INFO]: Registered the FluidEffect with Unique ID of minecraft:water for Water (Fluid Amount Required: 81000) with the ID 0
[13:50:45] [main/INFO]: Registered the FluidEffect with Unique ID of minecraft:lava for Lava (Fluid Amount Required: 81000) with the ID 1
[13:50:45] [main/INFO]: Registered the FluidEffect with Unique ID of travelersbackpack:potion for block.travelersbackpack.potion_still (Fluid Amount Required: 27000) with the ID 2
[13:50:45] [main/INFO]: Registered the FluidEffect with Unique ID of milk:still_milk for Milk (Fluid Amount Required: 81000) with the ID 3
[13:50:45] [main/INFO]: [STDOUT]: TxniLib onInitialize!
[13:50:45] [main/INFO]: [Collective] JSON file 'entity_names.json' generation requested by mod 'villagernames'.
[13:50:45] [main/INFO]: Registered JSON trade offer adapter.
[13:50:45] [Collective Update Checker/WARN]: [Update] Villager Names has an update available: 8.2 -> 8.7
[13:50:45] [main/INFO]: [STDOUT]: Config updated!
[13:50:45] [main/INFO]: [STDOUT]: Config loaded!
[13:50:45] [main/INFO]: Has opac!! true
[13:50:45] [main/INFO]: Has ftbchunks!! false
[13:50:45] [main/INFO]: Has flan!! false
[13:50:45] [main/INFO]: Has goml!! false
[13:50:45] [main/INFO]: Registering C2S receiver with id wands:global_settings_packet
[13:50:45] [main/INFO]: Registering C2S receiver with id wands:key_packet
[13:50:45] [main/INFO]: Registering C2S receiver with id wands:palette_packet
[13:50:45] [main/INFO]: Registering C2S receiver with id wands:wand_packet
[13:50:45] [main/INFO]: Registering C2S receiver with id wands:sync_rock_packet
[13:50:45] [main/INFO]: Registering C2S receiver with id wands:pos_packet
[13:50:45] [main/INFO]: File exists, reading config for elocindev.ysns.config.DisabledEntities.
[13:50:45] [main/INFO]: Config for elocindev.ysns.config.DisabledEntities read successfully.
[13:50:45] [main/INFO]: File exists, reading config for elocindev.ysns.config.PerDimensionEntities.
[13:50:45] [main/INFO]: Config for elocindev.ysns.config.PerDimensionEntities read successfully.
[13:50:45] [main/INFO]: You Shall Not Spawn's Config initialized
[13:50:45] [main/INFO]: Reflections took 2 ms to scan 1 urls, producing 1 keys and 4 values
[13:50:45] [main/INFO]: Reflections took 1 ms to scan 1 urls, producing 1 keys and 4 values
[13:50:45] [main/INFO]: Reflections took 1 ms to scan 1 urls, producing 1 keys and 2 values
[13:50:45] [main/INFO]: Reflections took 1 ms to scan 1 urls, producing 1 keys and 2 values
[13:50:46] [main/INFO]: Registering content
[13:50:46] [main/INFO]: Registered extendedae config for auto-sync function
[13:50:46] [main/INFO]: Initialised items.
[13:50:46] [main/INFO]: Initialised blocks.
[13:50:46] [main/INFO]: Initialised block entities.
[13:50:46] [main/INFO]: Initialised Applied Botanics integration.
[13:50:46] [main/INFO]: Initialised AE2WT integration.
[13:50:46] [main/INFO]: Chose [Entity Tags] as the active game stages implementation
[13:50:46] [main/INFO]: Chose [FALLBACK] as the active permissions implementation
[13:50:46] [main/INFO]: [FTB Quests] recipe helper provider is [NO-OP]
[13:50:46] [main/INFO]: [FTB Quests] Enabled Item Filters integration
[13:50:46] [main/INFO]: Loaded config simplyswords:loot in 3ms
[13:50:46] [main/INFO]: [STDOUT]: [Modpack Update Checker] Registered commands
[13:50:47] [main/INFO]: Initialized block sets in 51ms
[13:50:47] [main/INFO]: Loaded config fastpaintings-common.json
[13:50:47] [main/INFO]: Loaded config amendments-client.json
[13:50:47] [main/INFO]: Initialized color sets in 101ms
[13:50:47] [main/INFO]: Finished mod setup in: [0, 0, 0, 0, 0, 0, 11, 1] ms
[13:50:47] [main/INFO]: Loading Open Parties and Claims!
[13:50:47] [main/INFO]: File exists, reading config for elocindev.prominent.config.ServerConfig.
[13:50:47] [main/INFO]: Config for elocindev.prominent.config.ServerConfig read successfully.
[13:50:47] [main/INFO]: Registering common data for channel xaerolib:main!
[13:50:47] [main/INFO]: Loading primary common config for channel xaerolib:main!
[13:50:47] [main/INFO]: Loading server config profiles for channel xaerolib:main!
[13:50:47] [main/INFO]: Loading XaeroLib common 1/2!
[13:50:47] [main/INFO]: Loading XaeroLib server 1/2!
[13:50:47] [main/INFO]: Registering common data for channel xaerominimap:main!
[13:50:47] [main/INFO]: Loading primary common config for channel xaerominimap:main!
[13:50:47] [main/INFO]: Loading server config profiles for channel xaerominimap:main!
[13:50:47] [main/INFO]: Loading Xaero's Minimap - Stage 1/2 (Server)
[13:50:47] [main/INFO]: Registering common data for channel xaeroworldmap:main!
[13:50:47] [main/INFO]: Loading primary common config for channel xaeroworldmap:main!
[13:50:47] [main/INFO]: Loading server config profiles for channel xaeroworldmap:main!
[13:50:47] [main/INFO]: Loading Xaero's World Map - Stage 1/2 (Server)
[13:50:47] [main/INFO]: Environment: authHost='https://authserver.mojang.com', accountsHost='https://api.mojang.com', sessionHost='https://sessionserver.mojang.com', servicesHost='https://api.minecraftservices.com', name='PROD'
[13:50:47] [main/INFO]: [DataFixerAPI] World Patches are disabled
[13:50:48] [main/INFO]: Created 861 recipes which will be injected into the game
[13:50:48] [main/INFO]: Created 47 tags which will be injected into the game
[13:50:48] [main/INFO]: [Sol/Config] Loaded 2 configs
[13:50:48] [main/INFO]: Starting runtime resource generation for pack type SERVER_DATA with generators from mods [supplementaries]: [net.mehvahdjukaar.supplementaries.dynamicpack.ServerDynamicResourcesGenerator@2a224ff9]
[13:50:48] [main/INFO]: Generating runtime assets for pack Supplementaries Generated Pack (supplementaries)
[13:50:48] [main/INFO]: Generated runtime SERVER_DATA for pack Supplementaries Generated Pack (supplementaries) in: 27 ms (multithreaded)
[13:50:48] [main/INFO]: Finished runtime resources generation for 1 packs in a total of 29 ms
[13:50:48] [main/INFO]: [bclib] Did not manage biome betterend:empty_aurora_cave
[13:50:48] [main/INFO]: [bclib] Did not manage biome betterend:empty_end_cave
[13:50:48] [main/INFO]: [bclib] Did not manage biome betterend:empty_smaragdant_cave
[13:50:48] [main/INFO]: [bclib] Did not manage biome betterend:jade_cave
[13:50:48] [main/INFO]: [bclib] Did not manage biome betterend:lush_aurora_cave
[13:50:48] [main/INFO]: [bclib] Did not manage biome betterend:lush_smaragdant_cave
[13:50:48] [main/INFO]: [bclib] Did not manage biome betterend:megalake_grove
[13:50:48] [main/INFO]: [bclib] Did not manage biome betterend:neon_oasis
[13:50:48] [main/INFO]: [bclib] Did not manage biome betterend:painted_mountains
[13:50:49] [main/INFO]: [bclib] Updating Pickers for BCLib - The End  BiomeSource (38b980de)
[13:50:49] [main/INFO]: [bclib] Unable to build Biome List yet
[13:50:49] [main/INFO]: [bclib] No Void Biomes found. Disabling by using barrens
[13:50:49] [main/INFO]: [bclib] No Barrens Biomes found. Disabling by using land Biomes
[13:50:49] [main/WARN]: [bclib] No Center Island Biomes found. Forcing use of vanilla center.
[13:50:49] [main/INFO]: [bclib] Make sure features are loaded from terrablender:org.betterx.bclib.api.v2.generator.BCLibEndBiomeSource
[13:50:49] [main/INFO]: [bclib] Updating Pickers for BCLib - Nether BiomeSource (2b87180e)
[13:50:49] [main/INFO]: [bclib] Unable to build Biome List yet
[13:50:49] [main/INFO]: [bclib] Make sure features are loaded from terrablender:org.betterx.bclib.api.v2.generator.BCLibNetherBiomeSource
[13:50:49] [main/INFO]: [bclib] Updating Pickers for BCLib - The End  BiomeSource (726871cf)
[13:50:49] [main/INFO]: [bclib] Unable to build Biome List yet
[13:50:49] [main/INFO]: [bclib] No Void Biomes found. Disabling by using barrens
[13:50:49] [main/INFO]: [bclib] No Barrens Biomes found. Disabling by using land Biomes
[13:50:49] [main/WARN]: [bclib] No Center Island Biomes found. Forcing use of vanilla center.
[13:50:49] [main/INFO]: [bclib] Make sure features are loaded from terrablender:org.betterx.bclib.api.v2.generator.BCLibEndBiomeSource
[13:50:49] [main/INFO]: [bclib] Updating Pickers for BCLib - Nether BiomeSource (290d27c4)
[13:50:49] [main/INFO]: [bclib] Unable to build Biome List yet
[13:50:49] [main/INFO]: [bclib] Make sure features are loaded from terrablender:org.betterx.bclib.api.v2.generator.BCLibNetherBiomeSource
[13:50:49] [main/INFO]: [bclib] Updating Pickers for BCLib - The End  BiomeSource (6b4e004)
[13:50:49] [main/INFO]: [bclib] Unable to build Biome List yet
[13:50:49] [main/INFO]: [bclib] No Void Biomes found. Disabling by using barrens
[13:50:49] [main/INFO]: [bclib] No Barrens Biomes found. Disabling by using land Biomes
[13:50:49] [main/WARN]: [bclib] No Center Island Biomes found. Forcing use of vanilla center.
[13:50:49] [main/INFO]: [bclib] Make sure features are loaded from terrablender:org.betterx.bclib.api.v2.generator.BCLibEndBiomeSource
[13:50:49] [main/INFO]: [bclib] Updating Pickers for BCLib - Nether BiomeSource (38b8ccb5)
[13:50:49] [main/INFO]: [bclib] Unable to build Biome List yet
[13:50:49] [main/INFO]: [bclib] Make sure features are loaded from terrablender:org.betterx.bclib.api.v2.generator.BCLibNetherBiomeSource
[13:50:49] [main/INFO]: [bclib] Updating Pickers for BCLib - The End  BiomeSource (657f37ad)
[13:50:49] [main/INFO]: [bclib] Unable to build Biome List yet
[13:50:49] [main/INFO]: [bclib] No Void Biomes found. Disabling by using barrens
[13:50:49] [main/INFO]: [bclib] No Barrens Biomes found. Disabling by using land Biomes
[13:50:49] [main/WARN]: [bclib] No Center Island Biomes found. Forcing use of vanilla center.
[13:50:49] [main/INFO]: [bclib] Make sure features are loaded from terrablender:org.betterx.bclib.api.v2.generator.BCLibEndBiomeSource
[13:50:49] [main/INFO]: [bclib] Updating Pickers for BCLib - Nether BiomeSource (1b156308)
[13:50:49] [main/INFO]: [bclib] Unable to build Biome List yet
[13:50:49] [main/INFO]: [bclib] Make sure features are loaded from terrablender:org.betterx.bclib.api.v2.generator.BCLibNetherBiomeSource
[13:50:50] [main/INFO]: [betternether] Freeze Registry[ResourceKey[minecraft:root / worlds_together:worldgen/betterx/surface_rules] (Stable)]
[13:50:50] [main/INFO]: [betternether] Freeze Registry[ResourceKey[minecraft:root / worlds_together:worldgen/betterx/surface_rules] (Stable)]
[13:50:50] [main/INFO]: [betternether] Freeze Registry[ResourceKey[minecraft:root / worlds_together:worldgen/betterx/surface_rules] (Stable)]
[13:50:50] [main/INFO]: [betternether] Freeze Registry[ResourceKey[minecraft:root / worlds_together:worldgen/betterx/surface_rules] (Stable)]
[13:50:50] [main/WARN]: [bclib] No valid BCLBiome Registry available!
[13:50:50] [main/WARN]: [bclib] No valid Biome Registry available!
[13:50:51] [main/WARN]: Adding spell_power:fire to saved/remote registry.
[13:50:51] [main/WARN]: Adding spell_power:arcane to saved/remote registry.
[13:50:51] [main/WARN]: Adding aquamirae:fury_of_the_depths to saved/remote registry.
[13:50:51] [main/WARN]: Adding adventurez:blackstoned_heart to saved/remote registry.
[13:50:51] [main/WARN]: Adding spell_power:frost to saved/remote registry.
[13:50:51] [main/INFO]: [fabric-registry-sync] Loaded registry data [file 1/4]
[13:50:51] [main/INFO]: [bclib] Updating Pickers for BCLib - The End  BiomeSource (1ac472)
[13:50:51] [main/INFO]: [bclib] Unable to build Biome List yet
[13:50:51] [main/INFO]: [bclib] No Void Biomes found. Disabling by using barrens
[13:50:51] [main/INFO]: [bclib] No Barrens Biomes found. Disabling by using land Biomes
[13:50:51] [main/WARN]: [bclib] No Center Island Biomes found. Forcing use of vanilla center.
[13:50:51] [main/INFO]: [bclib] Make sure features are loaded from terrablender:org.betterx.bclib.api.v2.generator.BCLibEndBiomeSource
[13:50:51] [main/INFO]: [bclib] Updating Pickers for BCLib - Nether BiomeSource (348fb31d)
[13:50:51] [main/INFO]: [bclib] Unable to build Biome List yet
[13:50:51] [main/INFO]: [bclib] Make sure features are loaded from terrablender:org.betterx.bclib.api.v2.generator.BCLibNetherBiomeSource
[13:50:51] [main/INFO]: [betternether] Freeze Registry[ResourceKey[minecraft:root / worlds_together:worldgen/betterx/surface_rules] (Stable)]
[13:50:51] [main/INFO]: [betternether] Freeze Registry[ResourceKey[minecraft:root / worlds_together:worldgen/betterx/surface_rules] (Stable)]
[13:50:51] [main/INFO]: Registered /wine command
[13:50:52] [Worker-Main-3/INFO]: [Load My F***ing Tags]: Loaded Config File!
[13:50:52] [Worker-Main-3/WARN]: [Load My F***ing Tags]: Couldn't load certain entries within the tag minecraft:village: integrated_villages:swamp_village (from fabric)
[13:50:52] [Worker-Main-4/WARN]: [Load My F***ing Tags]: Couldn't load certain entries within the tag undergarden:undergarden_entities: undergarden:rotling (from fabric), undergarden:rotwalker (from fabric), undergarden:rotbeast (from fabric), undergarden:dweller (from fabric), undergarden:gwibling (from fabric), undergarden:brute (from fabric), undergarden:scintling (from fabric), undergarden:gloomper (from fabric), undergarden:stoneborn (from fabric), undergarden:nargoyle (from fabric), undergarden:muncher (from fabric), undergarden:sploogie (from fabric), undergarden:gwib (from fabric), undergarden:mog (from fabric), undergarden:smog_mog (from fabric), undergarden:forgotten (from fabric)
[13:50:52] [Worker-Main-6/WARN]: [Load My F***ing Tags]: Couldn't load certain entries within the tag explorations:has_feature/scarecrow/acacia: minecraft: (from Scarecrow_Obliterator.zip)
[13:50:52] [Worker-Main-6/WARN]: [Load My F***ing Tags]: Couldn't load certain entries within the tag explorations:has_feature/scarecrow/birch: minecraft: (from Scarecrow_Obliterator.zip)
[13:50:52] [Worker-Main-6/WARN]: [Load My F***ing Tags]: Couldn't load certain entries within the tag explorations:has_feature/scarecrow/spruce: minecraft: (from Scarecrow_Obliterator.zip)
[13:50:52] [Worker-Main-6/WARN]: [Load My F***ing Tags]: Couldn't load certain entries within the tag explorations:has_feature/scarecrow/jungle: minecraft: (from Scarecrow_Obliterator.zip)
[13:50:52] [Worker-Main-6/WARN]: [Load My F***ing Tags]: Couldn't load certain entries within the tag explorations:has_feature/scarecrow/dark_oak: minecraft: (from Scarecrow_Obliterator.zip)
[13:50:52] [Worker-Main-6/WARN]: [Load My F***ing Tags]: Couldn't load certain entries within the tag explorations:has_feature/scarecrow/oak: minecraft: (from Scarecrow_Obliterator.zip)
[13:50:52] [Worker-Main-6/WARN]: [Load My F***ing Tags]: Couldn't load certain entries within the tag explorations:has_feature/scarecrow/mangrove: minecraft: (from Scarecrow_Obliterator.zip)
[13:50:52] [Worker-Main-2/INFO]: [Sol/Data/Runtime] Applying configured data: minecraft:advancements/adventure/voluntary_exile.json
[13:50:52] [Worker-Main-2/INFO]: [Sol/Data/Runtime] Applying configured data: minecraft:advancements/story/enchant_item.json
[13:50:53] [Worker-Main-7/INFO]: [Sol/Data/Runtime] Applying configured data: sortilege:tags/items/staffs.json
[13:50:53] [Worker-Main-3/ERROR]: Couldn't parse element loot_tables:rpg-minibosses:blocks/poster_rogue
com.google.gson.JsonSyntaxException: Expected name to be an item, was unknown string 'rpg-minibosses:poster_rogue'
	at net.minecraft.util.JsonHelper.method_17995(JsonHelper.java:145) ~[server-intermediary.jar:?]
	at java.util.Optional.orElseThrow(Optional.java:403) ~[?:?]
	at net.minecraft.util.JsonHelper.asItem(JsonHelper.java:145) ~[server-intermediary.jar:?]
	at net.minecraft.util.JsonHelper.getItem(JsonHelper.java:153) ~[server-intermediary.jar:?]
	at net.minecraft.loot.entry.ItemEntry$Serializer.fromJson(ItemEntry.java:55) ~[server-intermediary.jar:?]
	at net.minecraft.loot.entry.ItemEntry$Serializer.fromJson(ItemEntry.java:40) ~[server-intermediary.jar:?]
	at net.minecraft.loot.entry.LeafEntry$Serializer.fromJson(LeafEntry.java:151) ~[server-intermediary.jar:?]
	at net.minecraft.loot.entry.LeafEntry$Serializer.fromJson(LeafEntry.java:129) ~[server-intermediary.jar:?]
	at net.minecraft.loot.entry.LootPoolEntry$Serializer.fromJson(LootPoolEntry.java:86) ~[server-intermediary.jar:?]
	at net.minecraft.loot.entry.LootPoolEntry$Serializer.fromJson(LootPoolEntry.java:74) ~[server-intermediary.jar:?]
	at net.minecraft.util.JsonSerializing$GsonSerializer.deserialize(JsonSerializing.java:102) ~[server-intermediary.jar:?]
	at com.google.gson.internal.bind.TreeTypeAdapter.read(TreeTypeAdapter.java:76) ~[gson-2.10.jar:?]
	at com.google.gson.internal.bind.TypeAdapterRuntimeTypeWrapper.read(TypeAdapterRuntimeTypeWrapper.java:40) ~[gson-2.10.jar:?]
	at com.google.gson.internal.bind.ArrayTypeAdapter.read(ArrayTypeAdapter.java:72) ~[gson-2.10.jar:?]
	at com.google.gson.Gson.fromJson(Gson.java:1214) ~[gson-2.10.jar:?]
	at com.google.gson.Gson.fromJson(Gson.java:1319) ~[gson-2.10.jar:?]
	at com.google.gson.Gson.fromJson(Gson.java:1290) ~[gson-2.10.jar:?]
	at com.google.gson.internal.bind.TreeTypeAdapter$GsonContextImpl.deserialize(TreeTypeAdapter.java:179) ~[gson-2.10.jar:?]
	at net.minecraft.util.JsonHelper.deserialize(JsonHelper.java:463) ~[server-intermediary.jar:?]
	at net.minecraft.util.JsonHelper.deserialize(JsonHelper.java:471) ~[server-intermediary.jar:?]
	at net.minecraft.loot.LootPool$Serializer.deserialize(LootPool.java:173) ~[server-intermediary.jar:?]
	at net.minecraft.loot.LootPool$Serializer.deserialize(LootPool.java:169) ~[server-intermediary.jar:?]
	at com.google.gson.internal.bind.TreeTypeAdapter.read(TreeTypeAdapter.java:76) ~[gson-2.10.jar:?]
	at com.google.gson.internal.bind.TypeAdapterRuntimeTypeWrapper.read(TypeAdapterRuntimeTypeWrapper.java:40) ~[gson-2.10.jar:?]
	at com.google.gson.internal.bind.ArrayTypeAdapter.read(ArrayTypeAdapter.java:72) ~[gson-2.10.jar:?]
	at com.google.gson.Gson.fromJson(Gson.java:1214) ~[gson-2.10.jar:?]
	at com.google.gson.Gson.fromJson(Gson.java:1319) ~[gson-2.10.jar:?]
	at com.google.gson.Gson.fromJson(Gson.java:1290) ~[gson-2.10.jar:?]
	at com.google.gson.internal.bind.TreeTypeAdapter$GsonContextImpl.deserialize(TreeTypeAdapter.java:179) ~[gson-2.10.jar:?]
	at net.minecraft.util.JsonHelper.deserialize(JsonHelper.java:463) ~[server-intermediary.jar:?]
	at net.minecraft.util.JsonHelper.deserialize(JsonHelper.java:481) ~[server-intermediary.jar:?]
	at net.minecraft.loot.LootTable$Serializer.deserialize(LootTable.java:250) ~[server-intermediary.jar:?]
	at net.minecraft.loot.LootTable$Serializer.deserialize(LootTable.java:246) ~[server-intermediary.jar:?]
	at com.google.gson.internal.bind.TreeTypeAdapter.read(TreeTypeAdapter.java:76) ~[gson-2.10.jar:?]
	at com.google.gson.Gson.fromJson(Gson.java:1214) ~[gson-2.10.jar:?]
	at com.google.gson.Gson.fromJson(Gson.java:1319) ~[gson-2.10.jar:?]
	at com.google.gson.Gson.fromJson(Gson.java:1261) ~[gson-2.10.jar:?]
	at net.minecraft.loot.LootDataType.method_51205(LootDataType.java:64) ~[server-intermediary.jar:?]
	at net.minecraft.loot.LootDataType.parse(LootDataType.java:48) ~[server-intermediary.jar:?]
	at net.minecraft.loot.LootManager.method_51195(LootManager.java:55) ~[server-intermediary.jar:?]
	at java.util.HashMap.forEach(HashMap.java:1421) ~[?:?]
	at net.minecraft.loot.LootManager.method_51189(LootManager.java:55) ~[server-intermediary.jar:?]
	at java.util.concurrent.CompletableFuture$AsyncRun.run(CompletableFuture.java:1804) ~[?:?]
	at java.util.concurrent.CompletableFuture$AsyncRun.exec(CompletableFuture.java:1796) ~[?:?]
	at java.util.concurrent.ForkJoinTask.doExec(ForkJoinTask.java:373) ~[?:?]
	at java.util.concurrent.ForkJoinPool$WorkQueue.topLevelExec(ForkJoinPool.java:1182) ~[?:?]
	at java.util.concurrent.ForkJoinPool.scan(ForkJoinPool.java:1655) ~[?:?]
	at java.util.concurrent.ForkJoinPool.runWorker(ForkJoinPool.java:1622) ~[?:?]
	at java.util.concurrent.ForkJoinWorkerThread.run(ForkJoinWorkerThread.java:165) ~[?:?]
[13:50:53] [Worker-Main-7/WARN]: [Load My F***ing Tags]: Couldn't load certain entries within the tag archon:soul_tomes: archon:hound_pack_soul_tome (from fabric), archon:silver_swarm_soul_tome (from fabric), archon:archer_soul_tome (from fabric), archon:twin_knights_soul_tome (from fabric), archon:titan_soul_tome (from fabric)
[13:50:53] [Worker-Main-7/WARN]: [Load My F***ing Tags]: Couldn't load certain entries within the tag darkutils:tomes: darkutils:tome_runelic (from fabric), darkutils:tome_pigpen (from fabric)
[13:50:53] [Worker-Main-7/WARN]: [Load My F***ing Tags]: Couldn't load certain entries within the tag spell_power:enchant_spell_power_soulfrost: spellbladenext:runefrosted_armor_head (from spell_enchants_for_all_armor_edition_1.20.1-1.4.0.zip), spellbladenext:runefrosted_armor_chest (from spell_enchants_for_all_armor_edition_1.20.1-1.4.0.zip), spellbladenext:runefrosted_armor_legs (from spell_enchants_for_all_armor_edition_1.20.1-1.4.0.zip), spellbladenext:runefrosted_armor_feet (from spell_enchants_for_all_armor_edition_1.20.1-1.4.0.zip)
[13:50:53] [Worker-Main-3/ERROR]: Couldn't parse element loot_tables:rpg-minibosses:blocks/poster_templar
com.google.gson.JsonSyntaxException: Expected name to be an item, was unknown string 'rpg-minibosses:poster_templar'
	at net.minecraft.util.JsonHelper.method_17995(JsonHelper.java:145) ~[server-intermediary.jar:?]
	at java.util.Optional.orElseThrow(Optional.java:403) ~[?:?]
	at net.minecraft.util.JsonHelper.asItem(JsonHelper.java:145) ~[server-intermediary.jar:?]
	at net.minecraft.util.JsonHelper.getItem(JsonHelper.java:153) ~[server-intermediary.jar:?]
	at net.minecraft.loot.entry.ItemEntry$Serializer.fromJson(ItemEntry.java:55) ~[server-intermediary.jar:?]
	at net.minecraft.loot.entry.ItemEntry$Serializer.fromJson(ItemEntry.java:40) ~[server-intermediary.jar:?]
	at net.minecraft.loot.entry.LeafEntry$Serializer.fromJson(LeafEntry.java:151) ~[server-intermediary.jar:?]
	at net.minecraft.loot.entry.LeafEntry$Serializer.fromJson(LeafEntry.java:129) ~[server-intermediary.jar:?]
	at net.minecraft.loot.entry.LootPoolEntry$Serializer.fromJson(LootPoolEntry.java:86) ~[server-intermediary.jar:?]
	at net.minecraft.loot.entry.LootPoolEntry$Serializer.fromJson(LootPoolEntry.java:74) ~[server-intermediary.jar:?]
	at net.minecraft.util.JsonSerializing$GsonSerializer.deserialize(JsonSerializing.java:102) ~[server-intermediary.jar:?]
	at com.google.gson.internal.bind.TreeTypeAdapter.read(TreeTypeAdapter.java:76) ~[gson-2.10.jar:?]
	at com.google.gson.internal.bind.TypeAdapterRuntimeTypeWrapper.read(TypeAdapterRuntimeTypeWrapper.java:40) ~[gson-2.10.jar:?]
	at com.google.gson.internal.bind.ArrayTypeAdapter.read(ArrayTypeAdapter.java:72) ~[gson-2.10.jar:?]
	at com.google.gson.Gson.fromJson(Gson.java:1214) ~[gson-2.10.jar:?]
	at com.google.gson.Gson.fromJson(Gson.java:1319) ~[gson-2.10.jar:?]
	at com.google.gson.Gson.fromJson(Gson.java:1290) ~[gson-2.10.jar:?]
	at com.google.gson.internal.bind.TreeTypeAdapter$GsonContextImpl.deserialize(TreeTypeAdapter.java:179) ~[gson-2.10.jar:?]
	at net.minecraft.util.JsonHelper.deserialize(JsonHelper.java:463) ~[server-intermediary.jar:?]
	at net.minecraft.util.JsonHelper.deserialize(JsonHelper.java:471) ~[server-intermediary.jar:?]
	at net.minecraft.loot.LootPool$Serializer.deserialize(LootPool.java:173) ~[server-intermediary.jar:?]
	at net.minecraft.loot.LootPool$Serializer.deserialize(LootPool.java:169) ~[server-intermediary.jar:?]
	at com.google.gson.internal.bind.TreeTypeAdapter.read(TreeTypeAdapter.java:76) ~[gson-2.10.jar:?]
	at com.google.gson.internal.bind.TypeAdapterRuntimeTypeWrapper.read(TypeAdapterRuntimeTypeWrapper.java:40) ~[gson-2.10.jar:?]
	at com.google.gson.internal.bind.ArrayTypeAdapter.read(ArrayTypeAdapter.java:72) ~[gson-2.10.jar:?]
	at com.google.gson.Gson.fromJson(Gson.java:1214) ~[gson-2.10.jar:?]
	at com.google.gson.Gson.fromJson(Gson.java:1319) ~[gson-2.10.jar:?]
	at com.google.gson.Gson.fromJson(Gson.java:1290) ~[gson-2.10.jar:?]
	at com.google.gson.internal.bind.TreeTypeAdapter$GsonContextImpl.deserialize(TreeTypeAdapter.java:179) ~[gson-2.10.jar:?]
	at net.minecraft.util.JsonHelper.deserialize(JsonHelper.java:463) ~[server-intermediary.jar:?]
	at net.minecraft.util.JsonHelper.deserialize(JsonHelper.java:481) ~[server-intermediary.jar:?]
	at net.minecraft.loot.LootTable$Serializer.deserialize(LootTable.java:250) ~[server-intermediary.jar:?]
	at net.minecraft.loot.LootTable$Serializer.deserialize(LootTable.java:246) ~[server-intermediary.jar:?]
	at com.google.gson.internal.bind.TreeTypeAdapter.read(TreeTypeAdapter.java:76) ~[gson-2.10.jar:?]
	at com.google.gson.Gson.fromJson(Gson.java:1214) ~[gson-2.10.jar:?]
	at com.google.gson.Gson.fromJson(Gson.java:1319) ~[gson-2.10.jar:?]
	at com.google.gson.Gson.fromJson(Gson.java:1261) ~[gson-2.10.jar:?]
	at net.minecraft.loot.LootDataType.method_51205(LootDataType.java:64) ~[server-intermediary.jar:?]
	at net.minecraft.loot.LootDataType.parse(LootDataType.java:48) ~[server-intermediary.jar:?]
	at net.minecraft.loot.LootManager.method_51195(LootManager.java:55) ~[server-intermediary.jar:?]
	at java.util.HashMap.forEach(HashMap.java:1421) ~[?:?]
	at net.minecraft.loot.LootManager.method_51189(LootManager.java:55) ~[server-intermediary.jar:?]
	at java.util.concurrent.CompletableFuture$AsyncRun.run(CompletableFuture.java:1804) ~[?:?]
	at java.util.concurrent.CompletableFuture$AsyncRun.exec(CompletableFuture.java:1796) ~[?:?]
	at java.util.concurrent.ForkJoinTask.doExec(ForkJoinTask.java:373) ~[?:?]
	at java.util.concurrent.ForkJoinPool$WorkQueue.topLevelExec(ForkJoinPool.java:1182) ~[?:?]
	at java.util.concurrent.ForkJoinPool.scan(ForkJoinPool.java:1655) ~[?:?]
	at java.util.concurrent.ForkJoinPool.runWorker(ForkJoinPool.java:1622) ~[?:?]
	at java.util.concurrent.ForkJoinWorkerThread.run(ForkJoinWorkerThread.java:165) ~[?:?]
[13:50:53] [Worker-Main-7/WARN]: [Load My F***ing Tags]: Couldn't load certain entries within the tag supplementaries:cookies: endersdelight:uncanny_cookies (from Supplementaries Compat 1.2.zip), twilightdelight:torchberry_cookie (from Supplementaries Compat 1.2.zip), rainbowreef:basslet_cookie (from Supplementaries Compat 1.2.zip), aether:gingerbread_man (from Supplementaries Compat 1.2.zip), aether:candy_cane (from Supplementaries Compat 1.2.zip), aetherdelight:oat_cookie (from Supplementaries Compat 1.2.zip), miners_delight:bat_cookie (from Supplementaries Compat 1.2.zip), abnormals_delight:maple_cookie (from Supplementaries Compat 1.2.zip), abnormals_delight:cherry_cookie (from Supplementaries Compat 1.2.zip)
[13:50:53] [Worker-Main-7/WARN]: [Load My F***ing Tags]: Couldn't load certain entries within the tag supplementaries:hourglass_dusts: illagerinvasion:unusual_dust (from Supplementaries Compat 1.2.zip), illagerinvasion:illusionary_dust (from Supplementaries Compat 1.2.zip), alexscaves:sulfur_dust (from Supplementaries Compat 1.2.zip), alexscaves:moth_dust (from Supplementaries Compat 1.2.zip), tfmg:nitrate_dust (from Supplementaries Compat 1.2.zip), tfmg:sulfur_dust (from Supplementaries Compat 1.2.zip), tfmg:coal_coke_dust (from Supplementaries Compat 1.2.zip), tfmg:thermite_powder (from Supplementaries Compat 1.2.zip), tfmg:limesand (from Supplementaries Compat 1.2.zip), better_end:ender_dust (from Supplementaries Compat 1.2.zip)
[13:50:53] [Worker-Main-3/ERROR]: Couldn't parse element loot_tables:sbprom:entities/scarecrow_mythic
com.google.gson.JsonSyntaxException: Expected name to be an item, was unknown string 'prominent:scarred_night'
	at net.minecraft.util.JsonHelper.method_17995(JsonHelper.java:145) ~[server-intermediary.jar:?]
	at java.util.Optional.orElseThrow(Optional.java:403) ~[?:?]
	at net.minecraft.util.JsonHelper.asItem(JsonHelper.java:145) ~[server-intermediary.jar:?]
	at net.minecraft.util.JsonHelper.getItem(JsonHelper.java:153) ~[server-intermediary.jar:?]
	at net.minecraft.loot.entry.ItemEntry$Serializer.fromJson(ItemEntry.java:55) ~[server-intermediary.jar:?]
	at net.minecraft.loot.entry.ItemEntry$Serializer.fromJson(ItemEntry.java:40) ~[server-intermediary.jar:?]
	at net.minecraft.loot.entry.LeafEntry$Serializer.fromJson(LeafEntry.java:151) ~[server-intermediary.jar:?]
	at net.minecraft.loot.entry.LeafEntry$Serializer.fromJson(LeafEntry.java:129) ~[server-intermediary.jar:?]
	at net.minecraft.loot.entry.LootPoolEntry$Serializer.fromJson(LootPoolEntry.java:86) ~[server-intermediary.jar:?]
	at net.minecraft.loot.entry.LootPoolEntry$Serializer.fromJson(LootPoolEntry.java:74) ~[server-intermediary.jar:?]
	at net.minecraft.util.JsonSerializing$GsonSerializer.deserialize(JsonSerializing.java:102) ~[server-intermediary.jar:?]
	at com.google.gson.internal.bind.TreeTypeAdapter.read(TreeTypeAdapter.java:76) ~[gson-2.10.jar:?]
	at com.google.gson.internal.bind.TypeAdapterRuntimeTypeWrapper.read(TypeAdapterRuntimeTypeWrapper.java:40) ~[gson-2.10.jar:?]
	at com.google.gson.internal.bind.ArrayTypeAdapter.read(ArrayTypeAdapter.java:72) ~[gson-2.10.jar:?]
	at com.google.gson.Gson.fromJson(Gson.java:1214) ~[gson-2.10.jar:?]
	at com.google.gson.Gson.fromJson(Gson.java:1319) ~[gson-2.10.jar:?]
	at com.google.gson.Gson.fromJson(Gson.java:1290) ~[gson-2.10.jar:?]
	at com.google.gson.internal.bind.TreeTypeAdapter$GsonContextImpl.deserialize(TreeTypeAdapter.java:179) ~[gson-2.10.jar:?]
	at net.minecraft.util.JsonHelper.deserialize(JsonHelper.java:463) ~[server-intermediary.jar:?]
	at net.minecraft.util.JsonHelper.deserialize(JsonHelper.java:471) ~[server-intermediary.jar:?]
	at net.minecraft.loot.LootPool$Serializer.deserialize(LootPool.java:173) ~[server-intermediary.jar:?]
	at net.minecraft.loot.LootPool$Serializer.deserialize(LootPool.java:169) ~[server-intermediary.jar:?]
	at com.google.gson.internal.bind.TreeTypeAdapter.read(TreeTypeAdapter.java:76) ~[gson-2.10.jar:?]
	at com.google.gson.internal.bind.TypeAdapterRuntimeTypeWrapper.read(TypeAdapterRuntimeTypeWrapper.java:40) ~[gson-2.10.jar:?]
	at com.google.gson.internal.bind.ArrayTypeAdapter.read(ArrayTypeAdapter.java:72) ~[gson-2.10.jar:?]
	at com.google.gson.Gson.fromJson(Gson.java:1214) ~[gson-2.10.jar:?]
	at com.google.gson.Gson.fromJson(Gson.java:1319) ~[gson-2.10.jar:?]
	at com.google.gson.Gson.fromJson(Gson.java:1290) ~[gson-2.10.jar:?]
	at com.google.gson.internal.bind.TreeTypeAdapter$GsonContextImpl.deserialize(TreeTypeAdapter.java:179) ~[gson-2.10.jar:?]
	at net.minecraft.util.JsonHelper.deserialize(JsonHelper.java:463) ~[server-intermediary.jar:?]
	at net.minecraft.util.JsonHelper.deserialize(JsonHelper.java:481) ~[server-intermediary.jar:?]
	at net.minecraft.loot.LootTable$Serializer.deserialize(LootTable.java:250) ~[server-intermediary.jar:?]
	at net.minecraft.loot.LootTable$Serializer.deserialize(LootTable.java:246) ~[server-intermediary.jar:?]
	at com.google.gson.internal.bind.TreeTypeAdapter.read(TreeTypeAdapter.java:76) ~[gson-2.10.jar:?]
	at com.google.gson.Gson.fromJson(Gson.java:1214) ~[gson-2.10.jar:?]
	at com.google.gson.Gson.fromJson(Gson.java:1319) ~[gson-2.10.jar:?]
	at com.google.gson.Gson.fromJson(Gson.java:1261) ~[gson-2.10.jar:?]
	at net.minecraft.loot.LootDataType.method_51205(LootDataType.java:64) ~[server-intermediary.jar:?]
	at net.minecraft.loot.LootDataType.parse(LootDataType.java:48) ~[server-intermediary.jar:?]
	at net.minecraft.loot.LootManager.method_51195(LootManager.java:55) ~[server-intermediary.jar:?]
	at java.util.HashMap.forEach(HashMap.java:1421) ~[?:?]
	at net.minecraft.loot.LootManager.method_51189(LootManager.java:55) ~[server-intermediary.jar:?]
	at java.util.concurrent.CompletableFuture$AsyncRun.run(CompletableFuture.java:1804) ~[?:?]
	at java.util.concurrent.CompletableFuture$AsyncRun.exec(CompletableFuture.java:1796) ~[?:?]
	at java.util.concurrent.ForkJoinTask.doExec(ForkJoinTask.java:373) ~[?:?]
	at java.util.concurrent.ForkJoinPool$WorkQueue.topLevelExec(ForkJoinPool.java:1182) ~[?:?]
	at java.util.concurrent.ForkJoinPool.scan(ForkJoinPool.java:1655) ~[?:?]
	at java.util.concurrent.ForkJoinPool.runWorker(ForkJoinPool.java:1622) ~[?:?]
	at java.util.concurrent.ForkJoinWorkerThread.run(ForkJoinWorkerThread.java:165) ~[?:?]
[13:50:53] [Worker-Main-6/ERROR]: Couldn't parse data file tiered:limestone_create from tiered:recipes/limestone_create.json
com.google.gson.JsonParseException: com.google.gson.stream.MalformedJsonException: Unterminated object at line 9 column 40 path $.key.#.item
	at net.minecraft.util.JsonHelper.deserializeNullable(JsonHelper.java:526) ~[server-intermediary.jar:?]
	at net.minecraft.util.JsonHelper.deserialize(JsonHelper.java:531) ~[server-intermediary.jar:?]
	at net.minecraft.util.JsonHelper.deserialize(JsonHelper.java:581) ~[server-intermediary.jar:?]
	at net.minecraft.resource.JsonDataLoader.load(JsonDataLoader.java:44) ~[server-intermediary.jar:?]
	at net.minecraft.resource.JsonDataLoader.prepare(JsonDataLoader.java:32) ~[server-intermediary.jar:?]
	at com.recipeessentials.recipecache.RecipeManager.prepare(RecipeManager.java:22) ~[recipeessentials-fabric-1.20.1-4.7.jar:?]
	at net.minecraft.resource.SinglePreparationResourceReloader.method_18791(SinglePreparationResourceReloader.java:11) ~[server-intermediary.jar:?]
	at java.util.concurrent.CompletableFuture$AsyncSupply.run(CompletableFuture.java:1768) ~[?:?]
	at java.util.concurrent.CompletableFuture$AsyncSupply.exec(CompletableFuture.java:1760) ~[?:?]
	at java.util.concurrent.ForkJoinTask.doExec(ForkJoinTask.java:373) ~[?:?]
	at java.util.concurrent.ForkJoinPool$WorkQueue.topLevelExec(ForkJoinPool.java:1182) ~[?:?]
	at java.util.concurrent.ForkJoinPool.scan(ForkJoinPool.java:1655) ~[?:?]
	at java.util.concurrent.ForkJoinPool.runWorker(ForkJoinPool.java:1622) ~[?:?]
	at java.util.concurrent.ForkJoinWorkerThread.run(ForkJoinWorkerThread.java:165) ~[?:?]
Caused by: com.google.gson.stream.MalformedJsonException: Unterminated object at line 9 column 40 path $.key.#.item
	at com.google.gson.stream.JsonReader.syntaxError(JsonReader.java:1657) ~[gson-2.10.jar:?]
	at com.google.gson.stream.JsonReader.doPeek(JsonReader.java:500) ~[gson-2.10.jar:?]
	at com.google.gson.stream.JsonReader.hasNext(JsonReader.java:422) ~[gson-2.10.jar:?]
	at com.google.gson.internal.bind.TypeAdapters$28.read(TypeAdapters.java:779) ~[gson-2.10.jar:?]
	at com.google.gson.internal.bind.TypeAdapters$28.read(TypeAdapters.java:725) ~[gson-2.10.jar:?]
	at com.google.gson.internal.bind.TypeAdapters$34$1.read(TypeAdapters.java:1007) ~[gson-2.10.jar:?]
	at net.minecraft.util.JsonHelper.deserializeNullable(JsonHelper.java:524) ~[server-intermediary.jar:?]
	... 13 more
[13:50:53] [Worker-Main-7/WARN]: The following tags are invalid and will be ignored: [c:amber_ingots, c:chrome_storage_blocks, c:cinnabar_raw_materials, c:sulfur_rods, c:chrome_rods, c:elementium_ingots, c:raw_steel_ores, c:potassium_nitrate_ingots, c:mithril_wires, c:raw_zinc_storage_blocks, c:graphite_dusts, c:lapis_gears, c:chrome_wires, c:ruby_nuggets, c:chrome_ingots, c:zinc_gears, c:netherite_rods, c:bitumen_raw_materials, c:netherite_storage_blocks, c:raw_signalum_blocks, c:sapphire_wires, c:raw_charcoal_storage_blocks, c:raw_steel_blocks, c:sulfur_wires, c:raw_obsidian_ores, c:graphite_gems, c:electrum_raw_materials, c:raw_diamond_ores, c:raw_lumium_ores, c:amber_plates, c:potassium_nitrate_raw_materials, c:sapphire_storage_blocks, c:cinnabar_nuggets, c:elementium_ores, c:enderium_raw_materials, c:raw_graphite_blocks, c:obsidian_rods, c:cobalt_wires, c:netherite_dusts, c:signalum_rods, c:sapphire_raw_materials, c:silver_rods, c:apatite_blocks, c:raw_cobalt_storage_blocks, c:fluorite_ingots, c:fluorite_wires, c:brass_storage_blocks, c:raw_amber_ores, c:amber_dusts, c:fluorite_plates, c:constantan_ores, c:raw_osmium_ores, c:osmium_gears, c:tungsten_gears, c:osmium_ores, c:mithril_nuggets, c:raw_invar_ores, c:gold_wires, c:raw_lumium_storage_blocks, c:signalum_nuggets, c:tin_storage_blocks, c:copper_gems, c:apatite_nuggets, c:raw_ruby_storage_blocks, c:uranium_raw_materials, c:graphite_rods, c:amber_raw_materials, c:lead_raw_materials, c:raw_emerald_ores, c:lumium_ores, c:raw_aeternium_storage_blocks, c:raw_cinnabar_blocks, c:netherite_gems, c:apatite_ores, c:coal_coke_dusts, c:raw_chrome_blocks, c:ruby_rods, c:brass_wires, c:bronze_wires, c:invar_storage_blocks, c:raw_platinum_storage_blocks, c:graphite_nuggets, c:nickel_storage_blocks, c:charcoal_ores, c:nickel_raw_materials, c:graphite_wires, c:mithril_dusts, c:netherite_gears, c:chrome_plates, c:invar_raw_materials, c:raw_signalum_ores, c:raw_mithril_blocks, c:amber_ores, c:diamond_ingots, c:raw_coal_coke_ores, c:elementium_plates, c:raw_netherite_blocks, c:apatite_wires, c:coal_nuggets, c:silver_gems, c:cobalt_dusts, c:coal_rods, c:peridot_wires, c:charcoal_gears, c:aeternium_raw_materials, c:peridot_rods, c:aluminum_ores, c:platinum_wires, c:tin_wires, c:charcoal_ingots, c:iron_wires, c:raw_elementium_blocks, c:amber_wires, c:raw_chrome_storage_blocks, c:diamond_gears, c:raw_invar_storage_blocks, c:osmium_nuggets, c:signalum_raw_materials, c:raw_bitumen_ores, c:aeternium_rods, c:cinnabar_rods, c:constantan_raw_materials, c:cobalt_ores, c:zinc_wires, c:lapis_storage_blocks, c:platinum_rods, c:raw_potassium_nitrate_blocks, c:lead_storage_blocks, c:lapis_wires, c:obsidian_gears, c:raw_elementium_ores, c:constantan_storage_blocks, c:coal_coke_rods, c:zinc_gems, c:lead_gems, c:cobalt_gems, c:lead_gears, c:aeternium_gears, c:sapphire_gears, c:lapis_rods, c:aeternium_ingots, c:lumium_blocks, c:constantan_wires, c:raw_enderium_storage_blocks, c:lapis_raw_materials, c:raw_lapis_ores, c:emerald_ingots, c:raw_constantan_blocks, c:ruby_gems, c:raw_osmium_storage_blocks, c:electrum_ores, c:tungsten_wires, c:emerald_wires, c:diamond_wires, c:raw_cinnabar_ores, c:osmium_dusts, c:silver_storage_blocks, c:iridium_rods, c:gold_gems, c:diamond_raw_materials, c:coal_coke_blocks, c:constantan_gems, c:silver_raw_materials, c:aeternium_plates, c:chrome_raw_materials, c:raw_potassium_nitrate_ores, c:lumium_storage_blocks, c:graphite_gears, c:raw_aluminum_ores, c:lumium_nuggets, c:iridium_raw_materials, c:raw_charcoal_blocks, c:lumium_gears, c:raw_iron_storage_blocks, c:brass_gears, c:steel_wires, c:fluorite_ores, c:sulfur_gems, c:raw_lead_storage_blocks, c:lapis_gems, c:coal_coke_raw_materials, c:osmium_blocks, c:cinnabar_wires, c:charcoal_storage_blocks, c:raw_amber_blocks, c:raw_invar_blocks, c:lead_rods, c:bitumen_ores, c:charcoal_blocks, c:steel_storage_blocks, c:nickel_wires, c:cobalt_nuggets, c:raw_coal_storage_blocks, c:potassium_nitrate_ores, c:raw_aeternium_blocks, c:peridot_raw_materials, c:mithril_ingots, c:peridot_storage_blocks, c:tungsten_storage_blocks, c:raw_mithril_storage_blocks, c:bitumen_blocks, c:aluminum_wires, c:mithril_plates, c:amber_storage_blocks, c:obsidian_storage_blocks, c:enderium_dusts, c:enderium_ores, c:bitumen_nuggets, c:coal_gems, c:bronze_gems, c:graphite_blocks, c:potassium_nitrate_gears, c:cinnabar_blocks, c:potassium_nitrate_plates, c:iridium_gems, c:copper_storage_blocks, c:osmium_raw_materials, c:charcoal_wires, c:platinum_storage_blocks, c:raw_brass_ores, c:amber_nuggets, c:sulfur_storage_blocks, c:raw_signalum_storage_blocks, c:constantan_gears, c:raw_emerald_blocks, c:raw_mithril_ores, c:platinum_gears, c:elementium_gears, c:aluminum_storage_blocks, c:iron_storage_blocks, c:obsidian_gems, c:constantan_blocks, c:netherite_plates, c:sapphire_nuggets, c:brass_gems, c:raw_peridot_storage_blocks, c:invar_wires, c:raw_sulfur_ores, c:raw_ruby_blocks, c:signalum_gems, c:elementium_nuggets, c:raw_diamond_blocks, c:raw_cobalt_ores, c:obsidian_wires, c:electrum_gems, c:osmium_ingots, c:raw_aeternium_ores, c:raw_peridot_ores, c:graphite_ingots, c:charcoal_raw_materials, c:raw_bronze_ores, c:raw_tin_storage_blocks, c:ruby_storage_blocks, c:raw_cobalt_blocks, c:raw_tungsten_storage_blocks, c:elementium_raw_materials, c:raw_fluorite_blocks, c:enderium_gears, c:bitumen_wires, c:signalum_plates, c:elementium_rods, c:lumium_dusts, c:amber_gems, c:iridium_gears, c:bronze_storage_blocks, c:aluminum_raw_materials, c:coal_storage_blocks, c:raw_copper_storage_blocks, c:emerald_gems, c:elementium_storage_blocks, c:raw_chrome_ores, c:emerald_raw_materials, c:brass_ores, c:chrome_nuggets, c:sulfur_ingots, c:aluminum_gems, c:raw_brass_blocks, c:coal_coke_plates, c:constantan_rods, c:coal_raw_materials, c:osmium_rods, c:raw_apatite_storage_blocks, c:sulfur_plates, c:raw_coal_blocks, c:raw_steel_storage_blocks, c:raw_apatite_ores, c:graphite_storage_blocks, c:osmium_plates, c:signalum_ingots, c:aeternium_dusts, c:graphite_plates, c:fluorite_rods, c:invar_gems, c:elementium_wires, c:ruby_gears, c:signalum_dusts, c:electrum_gears, c:diamond_gems, c:zinc_raw_materials, c:electrum_storage_blocks, c:fluorite_storage_blocks, c:raw_coal_coke_storage_blocks, c:lumium_gems, c:nickel_rods, c:lead_wires, c:peridot_gears, c:netherite_ores, c:mithril_storage_blocks, c:graphite_raw_materials, c:emerald_gears, c:apatite_storage_blocks, c:raw_cinnabar_storage_blocks, c:raw_brass_storage_blocks, c:mithril_gems, c:fluorite_nuggets, c:elementium_blocks, c:sulfur_nuggets, c:lumium_wires, c:raw_constantan_storage_blocks, c:steel_raw_materials, c:nickel_gears, c:tin_raw_materials, c:obsidian_nuggets, c:raw_bronze_storage_blocks, c:enderium_blocks, c:elementium_gems, c:amber_rods, c:raw_osmium_blocks, c:platinum_raw_materials, c:osmium_gems, c:potassium_nitrate_nuggets, c:charcoal_nuggets, c:zinc_rods, c:signalum_ores, c:raw_lapis_storage_blocks, c:constantan_dusts, c:apatite_ingots, c:raw_sulfur_blocks, c:bitumen_dusts, c:coal_gears, c:potassium_nitrate_dusts, c:chrome_blocks, c:cobalt_rods, c:aeternium_nuggets, c:silver_wires, c:chrome_ores, c:uranium_storage_blocks, c:aeternium_ores, c:obsidian_ingots, c:cobalt_ingots, c:fluorite_raw_materials, c:sapphire_gems, c:signalum_wires, c:enderium_gems, c:raw_peridot_blocks, c:lumium_raw_materials, c:uranium_wires, c:raw_gold_storage_blocks, c:sulfur_raw_materials, c:bronze_ores, c:graphite_ores, c:raw_netherite_ores, c:gold_storage_blocks, c:raw_aluminum_blocks, c:potassium_nitrate_wires, c:fluorite_gems, c:osmium_wires, c:steel_gems, c:nickel_gems, c:fluorite_blocks, c:obsidian_ores, c:raw_charcoal_ores, c:iron_gems, c:chrome_gears, c:apatite_plates, c:cinnabar_storage_blocks, c:coal_coke_ingots, c:mithril_rods, c:lumium_rods, c:apatite_rods, c:sulfur_ores, c:aeternium_wires, c:diamond_rods, c:elementium_dusts, c:raw_bronze_blocks, c:cinnabar_gears, c:apatite_raw_materials, c:enderium_ingots, c:raw_amber_storage_blocks, c:amber_gears, c:fluorite_gears, c:raw_bitumen_blocks, c:potassium_nitrate_storage_blocks, c:mithril_raw_materials, c:raw_iridium_storage_blocks, c:raw_obsidian_blocks, c:raw_potassium_nitrate_storage_blocks, c:mithril_gears, c:uranium_gems, c:charcoal_plates, c:sapphire_rods, c:raw_obsidian_storage_blocks, c:mithril_blocks, c:aeternium_storage_blocks, c:bitumen_ingots, c:raw_bitumen_storage_blocks, c:ruby_wires, c:bitumen_storage_blocks, c:constantan_plates, c:mithril_ores, c:iridium_wires, c:uranium_plates, c:raw_nickel_storage_blocks, c:cobalt_gears, c:bitumen_gears, c:raw_silver_storage_blocks, c:enderium_plates, c:raw_graphite_ores, c:cobalt_storage_blocks, c:enderium_rods, c:raw_uranium_storage_blocks, c:cinnabar_ingots, c:coal_coke_ores, c:raw_constantan_ores, c:cobalt_raw_materials, c:iridium_storage_blocks, c:raw_enderium_blocks, c:apatite_dusts, c:coal_ingots, c:enderium_wires, c:signalum_storage_blocks, c:bitumen_gems, c:coal_coke_wires, c:raw_lumium_blocks, c:bitumen_plates, c:copper_wires, c:cobalt_plates, c:constantan_ingots, c:raw_elementium_storage_blocks, c:platinum_gems, c:potassium_nitrate_gems, c:enderium_nuggets, c:charcoal_rods, c:sapphire_ingots, c:peridot_nuggets, c:aeternium_gems, c:sulfur_gears, c:ruby_ingots, c:coal_coke_gems, c:raw_aluminum_storage_blocks, c:chrome_dusts, c:raw_enderium_ores, c:raw_diamond_storage_blocks, c:chrome_gems, c:cinnabar_gems, c:obsidian_raw_materials, c:amber_blocks, c:emerald_storage_blocks, c:cinnabar_plates, c:coal_wires, c:apatite_gems, c:zinc_storage_blocks, c:brass_raw_materials, c:invar_ores, c:raw_sapphire_blocks, c:emerald_rods, c:lumium_plates, c:aeternium_blocks, c:lumium_ingots, c:signalum_gears, c:coal_coke_storage_blocks, c:osmium_storage_blocks, c:fluorite_dusts, c:tungsten_gems, c:raw_fluorite_ores, c:lapis_nuggets, c:bronze_raw_materials, c:raw_electrum_blocks, c:raw_netherite_storage_blocks, c:tungsten_raw_materials, c:uranium_gears, c:coal_coke_gears, c:steel_ores, c:enderium_storage_blocks, c:apatite_gears, c:potassium_nitrate_blocks, c:diamond_storage_blocks, c:lapis_ingots, c:signalum_blocks, c:raw_electrum_ores, c:raw_emerald_storage_blocks, c:coal_coke_nuggets, c:obsidian_blocks, c:bitumen_rods, c:netherite_wires, c:raw_lapis_blocks, c:constantan_nuggets, c:raw_apatite_blocks, c:peridot_ingots, c:raw_fluorite_storage_blocks, c:charcoal_gems, c:raw_coal_ores, c:raw_ruby_ores, c:raw_sulfur_storage_blocks, c:silver_gears, c:potassium_nitrate_rods, c:raw_sapphire_storage_blocks, c:raw_coal_coke_blocks, c:netherite_raw_materials, c:tin_gems, c:raw_sapphire_ores, c:raw_graphite_storage_blocks, c:ruby_raw_materials, c:raw_electrum_storage_blocks]
[13:50:53] [Worker-Main-3/ERROR]: Couldn't parse element loot_tables:rpg-minibosses:blocks/poster_jugg
com.google.gson.JsonSyntaxException: Expected name to be an item, was unknown string 'rpg-minibosses:poster_jugg'
	at net.minecraft.util.JsonHelper.method_17995(JsonHelper.java:145) ~[server-intermediary.jar:?]
	at java.util.Optional.orElseThrow(Optional.java:403) ~[?:?]
	at net.minecraft.util.JsonHelper.asItem(JsonHelper.java:145) ~[server-intermediary.jar:?]
	at net.minecraft.util.JsonHelper.getItem(JsonHelper.java:153) ~[server-intermediary.jar:?]
	at net.minecraft.loot.entry.ItemEntry$Serializer.fromJson(ItemEntry.java:55) ~[server-intermediary.jar:?]
	at net.minecraft.loot.entry.ItemEntry$Serializer.fromJson(ItemEntry.java:40) ~[server-intermediary.jar:?]
	at net.minecraft.loot.entry.LeafEntry$Serializer.fromJson(LeafEntry.java:151) ~[server-intermediary.jar:?]
	at net.minecraft.loot.entry.LeafEntry$Serializer.fromJson(LeafEntry.java:129) ~[server-intermediary.jar:?]
	at net.minecraft.loot.entry.LootPoolEntry$Serializer.fromJson(LootPoolEntry.java:86) ~[server-intermediary.jar:?]
	at net.minecraft.loot.entry.LootPoolEntry$Serializer.fromJson(LootPoolEntry.java:74) ~[server-intermediary.jar:?]
	at net.minecraft.util.JsonSerializing$GsonSerializer.deserialize(JsonSerializing.java:102) ~[server-intermediary.jar:?]
	at com.google.gson.internal.bind.TreeTypeAdapter.read(TreeTypeAdapter.java:76) ~[gson-2.10.jar:?]
	at com.google.gson.internal.bind.TypeAdapterRuntimeTypeWrapper.read(TypeAdapterRuntimeTypeWrapper.java:40) ~[gson-2.10.jar:?]
	at com.google.gson.internal.bind.ArrayTypeAdapter.read(ArrayTypeAdapter.java:72) ~[gson-2.10.jar:?]
	at com.google.gson.Gson.fromJson(Gson.java:1214) ~[gson-2.10.jar:?]
	at com.google.gson.Gson.fromJson(Gson.java:1319) ~[gson-2.10.jar:?]
	at com.google.gson.Gson.fromJson(Gson.java:1290) ~[gson-2.10.jar:?]
	at com.google.gson.internal.bind.TreeTypeAdapter$GsonContextImpl.deserialize(TreeTypeAdapter.java:179) ~[gson-2.10.jar:?]
	at net.minecraft.util.JsonHelper.deserialize(JsonHelper.java:463) ~[server-intermediary.jar:?]
	at net.minecraft.util.JsonHelper.deserialize(JsonHelper.java:471) ~[server-intermediary.jar:?]
	at net.minecraft.loot.LootPool$Serializer.deserialize(LootPool.java:173) ~[server-intermediary.jar:?]
	at net.minecraft.loot.LootPool$Serializer.deserialize(LootPool.java:169) ~[server-intermediary.jar:?]
	at com.google.gson.internal.bind.TreeTypeAdapter.read(TreeTypeAdapter.java:76) ~[gson-2.10.jar:?]
	at com.google.gson.internal.bind.TypeAdapterRuntimeTypeWrapper.read(TypeAdapterRuntimeTypeWrapper.java:40) ~[gson-2.10.jar:?]
	at com.google.gson.internal.bind.ArrayTypeAdapter.read(ArrayTypeAdapter.java:72) ~[gson-2.10.jar:?]
	at com.google.gson.Gson.fromJson(Gson.java:1214) ~[gson-2.10.jar:?]
	at com.google.gson.Gson.fromJson(Gson.java:1319) ~[gson-2.10.jar:?]
	at com.google.gson.Gson.fromJson(Gson.java:1290) ~[gson-2.10.jar:?]
	at com.google.gson.internal.bind.TreeTypeAdapter$GsonContextImpl.deserialize(TreeTypeAdapter.java:179) ~[gson-2.10.jar:?]
	at net.minecraft.util.JsonHelper.deserialize(JsonHelper.java:463) ~[server-intermediary.jar:?]
	at net.minecraft.util.JsonHelper.deserialize(JsonHelper.java:481) ~[server-intermediary.jar:?]
	at net.minecraft.loot.LootTable$Serializer.deserialize(LootTable.java:250) ~[server-intermediary.jar:?]
	at net.minecraft.loot.LootTable$Serializer.deserialize(LootTable.java:246) ~[server-intermediary.jar:?]
	at com.google.gson.internal.bind.TreeTypeAdapter.read(TreeTypeAdapter.java:76) ~[gson-2.10.jar:?]
	at com.google.gson.Gson.fromJson(Gson.java:1214) ~[gson-2.10.jar:?]
	at com.google.gson.Gson.fromJson(Gson.java:1319) ~[gson-2.10.jar:?]
	at com.google.gson.Gson.fromJson(Gson.java:1261) ~[gson-2.10.jar:?]
	at net.minecraft.loot.LootDataType.method_51205(LootDataType.java:64) ~[server-intermediary.jar:?]
	at net.minecraft.loot.LootDataType.parse(LootDataType.java:48) ~[server-intermediary.jar:?]
	at net.minecraft.loot.LootManager.method_51195(LootManager.java:55) ~[server-intermediary.jar:?]
	at java.util.HashMap.forEach(HashMap.java:1421) ~[?:?]
	at net.minecraft.loot.LootManager.method_51189(LootManager.java:55) ~[server-intermediary.jar:?]
	at java.util.concurrent.CompletableFuture$AsyncRun.run(CompletableFuture.java:1804) ~[?:?]
	at java.util.concurrent.CompletableFuture$AsyncRun.exec(CompletableFuture.java:1796) ~[?:?]
	at java.util.concurrent.ForkJoinTask.doExec(ForkJoinTask.java:373) ~[?:?]
	at java.util.concurrent.ForkJoinPool$WorkQueue.topLevelExec(ForkJoinPool.java:1182) ~[?:?]
	at java.util.concurrent.ForkJoinPool.scan(ForkJoinPool.java:1655) ~[?:?]
	at java.util.concurrent.ForkJoinPool.runWorker(ForkJoinPool.java:1622) ~[?:?]
	at java.util.concurrent.ForkJoinWorkerThread.run(ForkJoinWorkerThread.java:165) ~[?:?]
[13:50:53] [Worker-Main-3/ERROR]: Couldn't parse element loot_tables:rpg-minibosses:blocks/poster_mage
com.google.gson.JsonSyntaxException: Expected name to be an item, was unknown string 'rpg-minibosses:poster_mage'
	at net.minecraft.util.JsonHelper.method_17995(JsonHelper.java:145) ~[server-intermediary.jar:?]
	at java.util.Optional.orElseThrow(Optional.java:403) ~[?:?]
	at net.minecraft.util.JsonHelper.asItem(JsonHelper.java:145) ~[server-intermediary.jar:?]
	at net.minecraft.util.JsonHelper.getItem(JsonHelper.java:153) ~[server-intermediary.jar:?]
	at net.minecraft.loot.entry.ItemEntry$Serializer.fromJson(ItemEntry.java:55) ~[server-intermediary.jar:?]
	at net.minecraft.loot.entry.ItemEntry$Serializer.fromJson(ItemEntry.java:40) ~[server-intermediary.jar:?]
	at net.minecraft.loot.entry.LeafEntry$Serializer.fromJson(LeafEntry.java:151) ~[server-intermediary.jar:?]
	at net.minecraft.loot.entry.LeafEntry$Serializer.fromJson(LeafEntry.java:129) ~[server-intermediary.jar:?]
	at net.minecraft.loot.entry.LootPoolEntry$Serializer.fromJson(LootPoolEntry.java:86) ~[server-intermediary.jar:?]
	at net.minecraft.loot.entry.LootPoolEntry$Serializer.fromJson(LootPoolEntry.java:74) ~[server-intermediary.jar:?]
	at net.minecraft.util.JsonSerializing$GsonSerializer.deserialize(JsonSerializing.java:102) ~[server-intermediary.jar:?]
	at com.google.gson.internal.bind.TreeTypeAdapter.read(TreeTypeAdapter.java:76) ~[gson-2.10.jar:?]
	at com.google.gson.internal.bind.TypeAdapterRuntimeTypeWrapper.read(TypeAdapterRuntimeTypeWrapper.java:40) ~[gson-2.10.jar:?]
	at com.google.gson.internal.bind.ArrayTypeAdapter.read(ArrayTypeAdapter.java:72) ~[gson-2.10.jar:?]
	at com.google.gson.Gson.fromJson(Gson.java:1214) ~[gson-2.10.jar:?]
	at com.google.gson.Gson.fromJson(Gson.java:1319) ~[gson-2.10.jar:?]
	at com.google.gson.Gson.fromJson(Gson.java:1290) ~[gson-2.10.jar:?]
	at com.google.gson.internal.bind.TreeTypeAdapter$GsonContextImpl.deserialize(TreeTypeAdapter.java:179) ~[gson-2.10.jar:?]
	at net.minecraft.util.JsonHelper.deserialize(JsonHelper.java:463) ~[server-intermediary.jar:?]
	at net.minecraft.util.JsonHelper.deserialize(JsonHelper.java:471) ~[server-intermediary.jar:?]
	at net.minecraft.loot.LootPool$Serializer.deserialize(LootPool.java:173) ~[server-intermediary.jar:?]
	at net.minecraft.loot.LootPool$Serializer.deserialize(LootPool.java:169) ~[server-intermediary.jar:?]
	at com.google.gson.internal.bind.TreeTypeAdapter.read(TreeTypeAdapter.java:76) ~[gson-2.10.jar:?]
	at com.google.gson.internal.bind.TypeAdapterRuntimeTypeWrapper.read(TypeAdapterRuntimeTypeWrapper.java:40) ~[gson-2.10.jar:?]
	at com.google.gson.internal.bind.ArrayTypeAdapter.read(ArrayTypeAdapter.java:72) ~[gson-2.10.jar:?]
	at com.google.gson.Gson.fromJson(Gson.java:1214) ~[gson-2.10.jar:?]
	at com.google.gson.Gson.fromJson(Gson.java:1319) ~[gson-2.10.jar:?]
	at com.google.gson.Gson.fromJson(Gson.java:1290) ~[gson-2.10.jar:?]
	at com.google.gson.internal.bind.TreeTypeAdapter$GsonContextImpl.deserialize(TreeTypeAdapter.java:179) ~[gson-2.10.jar:?]
	at net.minecraft.util.JsonHelper.deserialize(JsonHelper.java:463) ~[server-intermediary.jar:?]
	at net.minecraft.util.JsonHelper.deserialize(JsonHelper.java:481) ~[server-intermediary.jar:?]
	at net.minecraft.loot.LootTable$Serializer.deserialize(LootTable.java:250) ~[server-intermediary.jar:?]
	at net.minecraft.loot.LootTable$Serializer.deserialize(LootTable.java:246) ~[server-intermediary.jar:?]
	at com.google.gson.internal.bind.TreeTypeAdapter.read(TreeTypeAdapter.java:76) ~[gson-2.10.jar:?]
	at com.google.gson.Gson.fromJson(Gson.java:1214) ~[gson-2.10.jar:?]
	at com.google.gson.Gson.fromJson(Gson.java:1319) ~[gson-2.10.jar:?]
	at com.google.gson.Gson.fromJson(Gson.java:1261) ~[gson-2.10.jar:?]
	at net.minecraft.loot.LootDataType.method_51205(LootDataType.java:64) ~[server-intermediary.jar:?]
	at net.minecraft.loot.LootDataType.parse(LootDataType.java:48) ~[server-intermediary.jar:?]
	at net.minecraft.loot.LootManager.method_51195(LootManager.java:55) ~[server-intermediary.jar:?]
	at java.util.HashMap.forEach(HashMap.java:1421) ~[?:?]
	at net.minecraft.loot.LootManager.method_51189(LootManager.java:55) ~[server-intermediary.jar:?]
	at java.util.concurrent.CompletableFuture$AsyncRun.run(CompletableFuture.java:1804) ~[?:?]
	at java.util.concurrent.CompletableFuture$AsyncRun.exec(CompletableFuture.java:1796) ~[?:?]
	at java.util.concurrent.ForkJoinTask.doExec(ForkJoinTask.java:373) ~[?:?]
	at java.util.concurrent.ForkJoinPool$WorkQueue.topLevelExec(ForkJoinPool.java:1182) ~[?:?]
	at java.util.concurrent.ForkJoinPool.scan(ForkJoinPool.java:1655) ~[?:?]
	at java.util.concurrent.ForkJoinPool.runWorker(ForkJoinPool.java:1622) ~[?:?]
	at java.util.concurrent.ForkJoinWorkerThread.run(ForkJoinWorkerThread.java:165) ~[?:?]
[13:50:53] [Worker-Main-3/ERROR]: Couldn't parse element loot_tables:rpg-minibosses:blocks/poster_merc
com.google.gson.JsonSyntaxException: Expected name to be an item, was unknown string 'rpg-minibosses:poster_merc'
	at net.minecraft.util.JsonHelper.method_17995(JsonHelper.java:145) ~[server-intermediary.jar:?]
	at java.util.Optional.orElseThrow(Optional.java:403) ~[?:?]
	at net.minecraft.util.JsonHelper.asItem(JsonHelper.java:145) ~[server-intermediary.jar:?]
	at net.minecraft.util.JsonHelper.getItem(JsonHelper.java:153) ~[server-intermediary.jar:?]
	at net.minecraft.loot.entry.ItemEntry$Serializer.fromJson(ItemEntry.java:55) ~[server-intermediary.jar:?]
	at net.minecraft.loot.entry.ItemEntry$Serializer.fromJson(ItemEntry.java:40) ~[server-intermediary.jar:?]
	at net.minecraft.loot.entry.LeafEntry$Serializer.fromJson(LeafEntry.java:151) ~[server-intermediary.jar:?]
	at net.minecraft.loot.entry.LeafEntry$Serializer.fromJson(LeafEntry.java:129) ~[server-intermediary.jar:?]
	at net.minecraft.loot.entry.LootPoolEntry$Serializer.fromJson(LootPoolEntry.java:86) ~[server-intermediary.jar:?]
	at net.minecraft.loot.entry.LootPoolEntry$Serializer.fromJson(LootPoolEntry.java:74) ~[server-intermediary.jar:?]
	at net.minecraft.util.JsonSerializing$GsonSerializer.deserialize(JsonSerializing.java:102) ~[server-intermediary.jar:?]
	at com.google.gson.internal.bind.TreeTypeAdapter.read(TreeTypeAdapter.java:76) ~[gson-2.10.jar:?]
	at com.google.gson.internal.bind.TypeAdapterRuntimeTypeWrapper.read(TypeAdapterRuntimeTypeWrapper.java:40) ~[gson-2.10.jar:?]
	at com.google.gson.internal.bind.ArrayTypeAdapter.read(ArrayTypeAdapter.java:72) ~[gson-2.10.jar:?]
	at com.google.gson.Gson.fromJson(Gson.java:1214) ~[gson-2.10.jar:?]
	at com.google.gson.Gson.fromJson(Gson.java:1319) ~[gson-2.10.jar:?]
	at com.google.gson.Gson.fromJson(Gson.java:1290) ~[gson-2.10.jar:?]
	at com.google.gson.internal.bind.TreeTypeAdapter$GsonContextImpl.deserialize(TreeTypeAdapter.java:179) ~[gson-2.10.jar:?]
	at net.minecraft.util.JsonHelper.deserialize(JsonHelper.java:463) ~[server-intermediary.jar:?]
	at net.minecraft.util.JsonHelper.deserialize(JsonHelper.java:471) ~[server-intermediary.jar:?]
	at net.minecraft.loot.LootPool$Serializer.deserialize(LootPool.java:173) ~[server-intermediary.jar:?]
	at net.minecraft.loot.LootPool$Serializer.deserialize(LootPool.java:169) ~[server-intermediary.jar:?]
	at com.google.gson.internal.bind.TreeTypeAdapter.read(TreeTypeAdapter.java:76) ~[gson-2.10.jar:?]
	at com.google.gson.internal.bind.TypeAdapterRuntimeTypeWrapper.read(TypeAdapterRuntimeTypeWrapper.java:40) ~[gson-2.10.jar:?]
	at com.google.gson.internal.bind.ArrayTypeAdapter.read(ArrayTypeAdapter.java:72) ~[gson-2.10.jar:?]
	at com.google.gson.Gson.fromJson(Gson.java:1214) ~[gson-2.10.jar:?]
	at com.google.gson.Gson.fromJson(Gson.java:1319) ~[gson-2.10.jar:?]
	at com.google.gson.Gson.fromJson(Gson.java:1290) ~[gson-2.10.jar:?]
	at com.google.gson.internal.bind.TreeTypeAdapter$GsonContextImpl.deserialize(TreeTypeAdapter.java:179) ~[gson-2.10.jar:?]
	at net.minecraft.util.JsonHelper.deserialize(JsonHelper.java:463) ~[server-intermediary.jar:?]
	at net.minecraft.util.JsonHelper.deserialize(JsonHelper.java:481) ~[server-intermediary.jar:?]
	at net.minecraft.loot.LootTable$Serializer.deserialize(LootTable.java:250) ~[server-intermediary.jar:?]
	at net.minecraft.loot.LootTable$Serializer.deserialize(LootTable.java:246) ~[server-intermediary.jar:?]
	at com.google.gson.internal.bind.TreeTypeAdapter.read(TreeTypeAdapter.java:76) ~[gson-2.10.jar:?]
	at com.google.gson.Gson.fromJson(Gson.java:1214) ~[gson-2.10.jar:?]
	at com.google.gson.Gson.fromJson(Gson.java:1319) ~[gson-2.10.jar:?]
	at com.google.gson.Gson.fromJson(Gson.java:1261) ~[gson-2.10.jar:?]
	at net.minecraft.loot.LootDataType.method_51205(LootDataType.java:64) ~[server-intermediary.jar:?]
	at net.minecraft.loot.LootDataType.parse(LootDataType.java:48) ~[server-intermediary.jar:?]
	at net.minecraft.loot.LootManager.method_51195(LootManager.java:55) ~[server-intermediary.jar:?]
	at java.util.HashMap.forEach(HashMap.java:1421) ~[?:?]
	at net.minecraft.loot.LootManager.method_51189(LootManager.java:55) ~[server-intermediary.jar:?]
	at java.util.concurrent.CompletableFuture$AsyncRun.run(CompletableFuture.java:1804) ~[?:?]
	at java.util.concurrent.CompletableFuture$AsyncRun.exec(CompletableFuture.java:1796) ~[?:?]
	at java.util.concurrent.ForkJoinTask.doExec(ForkJoinTask.java:373) ~[?:?]
	at java.util.concurrent.ForkJoinPool$WorkQueue.topLevelExec(ForkJoinPool.java:1182) ~[?:?]
	at java.util.concurrent.ForkJoinPool.scan(ForkJoinPool.java:1655) ~[?:?]
	at java.util.concurrent.ForkJoinPool.runWorker(ForkJoinPool.java:1622) ~[?:?]
	at java.util.concurrent.ForkJoinWorkerThread.run(ForkJoinWorkerThread.java:165) ~[?:?]
[13:50:55] [main/INFO]: parsing loot tables
[13:50:55] [main/ERROR]: Failed to parse LootFunction of type net.minecraft.class_5339@6871faa2 for stack translation{key='block.minecraft.air', args=[]} in table minecraft:entities/ender_dragon
[13:50:55] [main/ERROR]: Thrown Error:
java.lang.ClassCastException: class net.sweenus.simplyswords.util.ModLootTableModifiers$DormantAwakeningLootFunction cannot be cast to class fzzyhmstrs.emi_loot.mixins.SetNbtLootFunctionAccessor (net.sweenus.simplyswords.util.ModLootTableModifiers$DormantAwakeningLootFunction and fzzyhmstrs.emi_loot.mixins.SetNbtLootFunctionAccessor are in unnamed module of loader 'knot' @2a5ca609)
	at fzzyhmstrs.emi_loot.parser.function.SetNbtFunctionParser.parseFunction(SetNbtFunctionParser.java:16) ~[emi_loot-0.7.9+1.20.1+fabric.jar:?]
	at fzzyhmstrs.emi_loot.parser.registry.LootParserRegistry.parseFunction(LootParserRegistry.java:86) ~[emi_loot-0.7.9+1.20.1+fabric.jar:?]
	at fzzyhmstrs.emi_loot.parser.LootTableParser.parseLootFunction(LootTableParser.java:674) ~[emi_loot-0.7.9+1.20.1+fabric.jar:?]
	at fzzyhmstrs.emi_loot.parser.LootTableParser.parseLootFunction(LootTableParser.java:654) ~[emi_loot-0.7.9+1.20.1+fabric.jar:?]
	at fzzyhmstrs.emi_loot.parser.LootTableParser.parseMobLootTableInternal(LootTableParser.java:380) ~[emi_loot-0.7.9+1.20.1+fabric.jar:?]
	at fzzyhmstrs.emi_loot.parser.LootTableParser.parseMobLootTable(LootTableParser.java:352) ~[emi_loot-0.7.9+1.20.1+fabric.jar:?]
	at fzzyhmstrs.emi_loot.parser.LootTableParser.parseEntityType(LootTableParser.java:257) ~[emi_loot-0.7.9+1.20.1+fabric.jar:?]
	at fzzyhmstrs.emi_loot.parser.LootTableParser.lambda$parseLootTables$6(LootTableParser.java:159) ~[emi_loot-0.7.9+1.20.1+fabric.jar:?]
	at java.lang.Iterable.forEach(Iterable.java:75) ~[?:?]
	at fzzyhmstrs.emi_loot.parser.LootTableParser.parseLootTables(LootTableParser.java:153) ~[emi_loot-0.7.9+1.20.1+fabric.jar:?]
	at net.minecraft.resource.SimpleResourceReload.md819359$emi_loot$lambda$emi_loot_readTablesAfterFabricForRealSimple$0$0(SimpleResourceReload.java:523) ~[server-intermediary.jar:?]
	at java.util.concurrent.CompletableFuture$UniRun.tryFire(CompletableFuture.java:787) ~[?:?]
	at java.util.concurrent.CompletableFuture.postComplete(CompletableFuture.java:510) ~[?:?]
	at java.util.concurrent.CompletableFuture.postFire(CompletableFuture.java:614) ~[?:?]
	at java.util.concurrent.CompletableFuture$UniAccept.tryFire(CompletableFuture.java:726) ~[?:?]
	at java.util.concurrent.CompletableFuture$Completion.run(CompletableFuture.java:482) ~[?:?]
	at net.minecraft.resource.SimpleResourceReload.method_18365(SimpleResourceReload.java:69) ~[server-intermediary.jar:?]
	at net.minecraft.util.Util.waitAndApply(Util.java:950) ~[server-intermediary.jar:?]
	at net.minecraft.util.Util.waitAndApply(Util.java:938) ~[server-intermediary.jar:?]
	at net.minecraft.server.Main.main(Main.java:160) ~[server-intermediary.jar:?]
	at net.fabricmc.loader.impl.game.minecraft.MinecraftGameProvider.launch(MinecraftGameProvider.java:514) ~[fabric-loader-0.19.3.jar:?]
	at net.fabricmc.loader.impl.launch.knot.Knot.launch(Knot.java:72) ~[fabric-loader-0.19.3.jar:?]
	at net.fabricmc.loader.impl.launch.knot.KnotServer.main(KnotServer.java:23) ~[fabric-loader-0.19.3.jar:?]
	at net.fabricmc.loader.impl.launch.server.FabricServerLauncher.main(FabricServerLauncher.java:69) ~[fabric-loader-0.19.3.jar:?]
	at net.fabricmc.installer.ServerLauncher.main(ServerLauncher.java:69) ~[fabric-server-launcher.jar:1.1.2]
[13:50:55] [main/ERROR]: Failed to parse LootFunction of type net.minecraft.class_5339@6871faa2 for stack translation{key='block.minecraft.air', args=[]} in table archon:entities/null
[13:50:55] [main/ERROR]: Thrown Error:
java.lang.ClassCastException: class net.sweenus.simplyswords.util.ModLootTableModifiers$DormantAwakeningLootFunction cannot be cast to class fzzyhmstrs.emi_loot.mixins.SetNbtLootFunctionAccessor (net.sweenus.simplyswords.util.ModLootTableModifiers$DormantAwakeningLootFunction and fzzyhmstrs.emi_loot.mixins.SetNbtLootFunctionAccessor are in unnamed module of loader 'knot' @2a5ca609)
	at fzzyhmstrs.emi_loot.parser.function.SetNbtFunctionParser.parseFunction(SetNbtFunctionParser.java:16) ~[emi_loot-0.7.9+1.20.1+fabric.jar:?]
	at fzzyhmstrs.emi_loot.parser.registry.LootParserRegistry.parseFunction(LootParserRegistry.java:86) ~[emi_loot-0.7.9+1.20.1+fabric.jar:?]
	at fzzyhmstrs.emi_loot.parser.LootTableParser.parseLootFunction(LootTableParser.java:674) ~[emi_loot-0.7.9+1.20.1+fabric.jar:?]
	at fzzyhmstrs.emi_loot.parser.LootTableParser.parseLootFunction(LootTableParser.java:654) ~[emi_loot-0.7.9+1.20.1+fabric.jar:?]
	at fzzyhmstrs.emi_loot.parser.LootTableParser.parseMobLootTableInternal(LootTableParser.java:380) ~[emi_loot-0.7.9+1.20.1+fabric.jar:?]
	at fzzyhmstrs.emi_loot.parser.LootTableParser.parseMobLootTable(LootTableParser.java:352) ~[emi_loot-0.7.9+1.20.1+fabric.jar:?]
	at fzzyhmstrs.emi_loot.parser.LootTableParser.parseEntityType(LootTableParser.java:257) ~[emi_loot-0.7.9+1.20.1+fabric.jar:?]
	at fzzyhmstrs.emi_loot.parser.LootTableParser.lambda$parseLootTables$6(LootTableParser.java:159) ~[emi_loot-0.7.9+1.20.1+fabric.jar:?]
	at java.lang.Iterable.forEach(Iterable.java:75) ~[?:?]
	at fzzyhmstrs.emi_loot.parser.LootTableParser.parseLootTables(LootTableParser.java:153) ~[emi_loot-0.7.9+1.20.1+fabric.jar:?]
	at net.minecraft.resource.SimpleResourceReload.md819359$emi_loot$lambda$emi_loot_readTablesAfterFabricForRealSimple$0$0(SimpleResourceReload.java:523) ~[server-intermediary.jar:?]
	at java.util.concurrent.CompletableFuture$UniRun.tryFire(CompletableFuture.java:787) ~[?:?]
	at java.util.concurrent.CompletableFuture.postComplete(CompletableFuture.java:510) ~[?:?]
	at java.util.concurrent.CompletableFuture.postFire(CompletableFuture.java:614) ~[?:?]
	at java.util.concurrent.CompletableFuture$UniAccept.tryFire(CompletableFuture.java:726) ~[?:?]
	at java.util.concurrent.CompletableFuture$Completion.run(CompletableFuture.java:482) ~[?:?]
	at net.minecraft.resource.SimpleResourceReload.method_18365(SimpleResourceReload.java:69) ~[server-intermediary.jar:?]
	at net.minecraft.util.Util.waitAndApply(Util.java:950) ~[server-intermediary.jar:?]
	at net.minecraft.util.Util.waitAndApply(Util.java:938) ~[server-intermediary.jar:?]
	at net.minecraft.server.Main.main(Main.java:160) ~[server-intermediary.jar:?]
	at net.fabricmc.loader.impl.game.minecraft.MinecraftGameProvider.launch(MinecraftGameProvider.java:514) ~[fabric-loader-0.19.3.jar:?]
	at net.fabricmc.loader.impl.launch.knot.Knot.launch(Knot.java:72) ~[fabric-loader-0.19.3.jar:?]
	at net.fabricmc.loader.impl.launch.knot.KnotServer.main(KnotServer.java:23) ~[fabric-loader-0.19.3.jar:?]
	at net.fabricmc.loader.impl.launch.server.FabricServerLauncher.main(FabricServerLauncher.java:69) ~[fabric-loader-0.19.3.jar:?]
	at net.fabricmc.installer.ServerLauncher.main(ServerLauncher.java:69) ~[fabric-server-launcher.jar:1.1.2]
[13:50:55] [main/ERROR]: Failed to parse LootFunction of type net.minecraft.class_5339@6871faa2 for stack translation{key='block.minecraft.air', args=[]} in table bosses_of_mass_destruction:entities/lich
[13:50:55] [main/ERROR]: Thrown Error:
java.lang.ClassCastException: class net.sweenus.simplyswords.util.ModLootTableModifiers$DormantAwakeningLootFunction cannot be cast to class fzzyhmstrs.emi_loot.mixins.SetNbtLootFunctionAccessor (net.sweenus.simplyswords.util.ModLootTableModifiers$DormantAwakeningLootFunction and fzzyhmstrs.emi_loot.mixins.SetNbtLootFunctionAccessor are in unnamed module of loader 'knot' @2a5ca609)
	at fzzyhmstrs.emi_loot.parser.function.SetNbtFunctionParser.parseFunction(SetNbtFunctionParser.java:16) ~[emi_loot-0.7.9+1.20.1+fabric.jar:?]
	at fzzyhmstrs.emi_loot.parser.registry.LootParserRegistry.parseFunction(LootParserRegistry.java:86) ~[emi_loot-0.7.9+1.20.1+fabric.jar:?]
	at fzzyhmstrs.emi_loot.parser.LootTableParser.parseLootFunction(LootTableParser.java:674) ~[emi_loot-0.7.9+1.20.1+fabric.jar:?]
	at fzzyhmstrs.emi_loot.parser.LootTableParser.parseLootFunction(LootTableParser.java:654) ~[emi_loot-0.7.9+1.20.1+fabric.jar:?]
	at fzzyhmstrs.emi_loot.parser.LootTableParser.parseMobLootTableInternal(LootTableParser.java:380) ~[emi_loot-0.7.9+1.20.1+fabric.jar:?]
	at fzzyhmstrs.emi_loot.parser.LootTableParser.parseMobLootTable(LootTableParser.java:352) ~[emi_loot-0.7.9+1.20.1+fabric.jar:?]
	at fzzyhmstrs.emi_loot.parser.LootTableParser.parseEntityType(LootTableParser.java:257) ~[emi_loot-0.7.9+1.20.1+fabric.jar:?]
	at fzzyhmstrs.emi_loot.parser.LootTableParser.lambda$parseLootTables$6(LootTableParser.java:159) ~[emi_loot-0.7.9+1.20.1+fabric.jar:?]
	at java.lang.Iterable.forEach(Iterable.java:75) ~[?:?]
	at fzzyhmstrs.emi_loot.parser.LootTableParser.parseLootTables(LootTableParser.java:153) ~[emi_loot-0.7.9+1.20.1+fabric.jar:?]
	at net.minecraft.resource.SimpleResourceReload.md819359$emi_loot$lambda$emi_loot_readTablesAfterFabricForRealSimple$0$0(SimpleResourceReload.java:523) ~[server-intermediary.jar:?]
	at java.util.concurrent.CompletableFuture$UniRun.tryFire(CompletableFuture.java:787) ~[?:?]
	at java.util.concurrent.CompletableFuture.postComplete(CompletableFuture.java:510) ~[?:?]
	at java.util.concurrent.CompletableFuture.postFire(CompletableFuture.java:614) ~[?:?]
	at java.util.concurrent.CompletableFuture$UniAccept.tryFire(CompletableFuture.java:726) ~[?:?]
	at java.util.concurrent.CompletableFuture$Completion.run(CompletableFuture.java:482) ~[?:?]
	at net.minecraft.resource.SimpleResourceReload.method_18365(SimpleResourceReload.java:69) ~[server-intermediary.jar:?]
	at net.minecraft.util.Util.waitAndApply(Util.java:950) ~[server-intermediary.jar:?]
	at net.minecraft.util.Util.waitAndApply(Util.java:938) ~[server-intermediary.jar:?]
	at net.minecraft.server.Main.main(Main.java:160) ~[server-intermediary.jar:?]
	at net.fabricmc.loader.impl.game.minecraft.MinecraftGameProvider.launch(MinecraftGameProvider.java:514) ~[fabric-loader-0.19.3.jar:?]
	at net.fabricmc.loader.impl.launch.knot.Knot.launch(Knot.java:72) ~[fabric-loader-0.19.3.jar:?]
	at net.fabricmc.loader.impl.launch.knot.KnotServer.main(KnotServer.java:23) ~[fabric-loader-0.19.3.jar:?]
	at net.fabricmc.loader.impl.launch.server.FabricServerLauncher.main(FabricServerLauncher.java:69) ~[fabric-loader-0.19.3.jar:?]
	at net.fabricmc.installer.ServerLauncher.main(ServerLauncher.java:69) ~[fabric-server-launcher.jar:1.1.2]
[13:50:55] [main/ERROR]: Failed to parse LootFunction of type net.minecraft.class_5339@6871faa2 for stack translation{key='block.minecraft.air', args=[]} in table derelict:entities/arachne
[13:50:55] [main/ERROR]: Thrown Error:
java.lang.ClassCastException: class net.sweenus.simplyswords.util.ModLootTableModifiers$DormantAwakeningLootFunction cannot be cast to class fzzyhmstrs.emi_loot.mixins.SetNbtLootFunctionAccessor (net.sweenus.simplyswords.util.ModLootTableModifiers$DormantAwakeningLootFunction and fzzyhmstrs.emi_loot.mixins.SetNbtLootFunctionAccessor are in unnamed module of loader 'knot' @2a5ca609)
	at fzzyhmstrs.emi_loot.parser.function.SetNbtFunctionParser.parseFunction(SetNbtFunctionParser.java:16) ~[emi_loot-0.7.9+1.20.1+fabric.jar:?]
	at fzzyhmstrs.emi_loot.parser.registry.LootParserRegistry.parseFunction(LootParserRegistry.java:86) ~[emi_loot-0.7.9+1.20.1+fabric.jar:?]
	at fzzyhmstrs.emi_loot.parser.LootTableParser.parseLootFunction(LootTableParser.java:674) ~[emi_loot-0.7.9+1.20.1+fabric.jar:?]
	at fzzyhmstrs.emi_loot.parser.LootTableParser.parseLootFunction(LootTableParser.java:654) ~[emi_loot-0.7.9+1.20.1+fabric.jar:?]
	at fzzyhmstrs.emi_loot.parser.LootTableParser.parseMobLootTableInternal(LootTableParser.java:380) ~[emi_loot-0.7.9+1.20.1+fabric.jar:?]
	at fzzyhmstrs.emi_loot.parser.LootTableParser.parseMobLootTable(LootTableParser.java:352) ~[emi_loot-0.7.9+1.20.1+fabric.jar:?]
	at fzzyhmstrs.emi_loot.parser.LootTableParser.parseEntityType(LootTableParser.java:257) ~[emi_loot-0.7.9+1.20.1+fabric.jar:?]
	at fzzyhmstrs.emi_loot.parser.LootTableParser.lambda$parseLootTables$6(LootTableParser.java:159) ~[emi_loot-0.7.9+1.20.1+fabric.jar:?]
	at java.lang.Iterable.forEach(Iterable.java:75) ~[?:?]
	at fzzyhmstrs.emi_loot.parser.LootTableParser.parseLootTables(LootTableParser.java:153) ~[emi_loot-0.7.9+1.20.1+fabric.jar:?]
	at net.minecraft.resource.SimpleResourceReload.md819359$emi_loot$lambda$emi_loot_readTablesAfterFabricForRealSimple$0$0(SimpleResourceReload.java:523) ~[server-intermediary.jar:?]
	at java.util.concurrent.CompletableFuture$UniRun.tryFire(CompletableFuture.java:787) ~[?:?]
	at java.util.concurrent.CompletableFuture.postComplete(CompletableFuture.java:510) ~[?:?]
	at java.util.concurrent.CompletableFuture.postFire(CompletableFuture.java:614) ~[?:?]
	at java.util.concurrent.CompletableFuture$UniAccept.tryFire(CompletableFuture.java:726) ~[?:?]
	at java.util.concurrent.CompletableFuture$Completion.run(CompletableFuture.java:482) ~[?:?]
	at net.minecraft.resource.SimpleResourceReload.method_18365(SimpleResourceReload.java:69) ~[server-intermediary.jar:?]
	at net.minecraft.util.Util.waitAndApply(Util.java:950) ~[server-intermediary.jar:?]
	at net.minecraft.util.Util.waitAndApply(Util.java:938) ~[server-intermediary.jar:?]
	at net.minecraft.server.Main.main(Main.java:160) ~[server-intermediary.jar:?]
	at net.fabricmc.loader.impl.game.minecraft.MinecraftGameProvider.launch(MinecraftGameProvider.java:514) ~[fabric-loader-0.19.3.jar:?]
	at net.fabricmc.loader.impl.launch.knot.Knot.launch(Knot.java:72) ~[fabric-loader-0.19.3.jar:?]
	at net.fabricmc.loader.impl.launch.knot.KnotServer.main(KnotServer.java:23) ~[fabric-loader-0.19.3.jar:?]
	at net.fabricmc.loader.impl.launch.server.FabricServerLauncher.main(FabricServerLauncher.java:69) ~[fabric-loader-0.19.3.jar:?]
	at net.fabricmc.installer.ServerLauncher.main(ServerLauncher.java:69) ~[fabric-server-launcher.jar:1.1.2]
[13:50:55] [main/ERROR]: Failed to parse LootFunction of type net.minecraft.class_5339@6871faa2 for stack translation{key='block.minecraft.air', args=[]} in table minecells:entities/conjunctivius
[13:50:55] [main/ERROR]: Thrown Error:
java.lang.ClassCastException: class net.sweenus.simplyswords.util.ModLootTableModifiers$DormantAwakeningLootFunction cannot be cast to class fzzyhmstrs.emi_loot.mixins.SetNbtLootFunctionAccessor (net.sweenus.simplyswords.util.ModLootTableModifiers$DormantAwakeningLootFunction and fzzyhmstrs.emi_loot.mixins.SetNbtLootFunctionAccessor are in unnamed module of loader 'knot' @2a5ca609)
	at fzzyhmstrs.emi_loot.parser.function.SetNbtFunctionParser.parseFunction(SetNbtFunctionParser.java:16) ~[emi_loot-0.7.9+1.20.1+fabric.jar:?]
	at fzzyhmstrs.emi_loot.parser.registry.LootParserRegistry.parseFunction(LootParserRegistry.java:86) ~[emi_loot-0.7.9+1.20.1+fabric.jar:?]
	at fzzyhmstrs.emi_loot.parser.LootTableParser.parseLootFunction(LootTableParser.java:674) ~[emi_loot-0.7.9+1.20.1+fabric.jar:?]
	at fzzyhmstrs.emi_loot.parser.LootTableParser.parseLootFunction(LootTableParser.java:654) ~[emi_loot-0.7.9+1.20.1+fabric.jar:?]
	at fzzyhmstrs.emi_loot.parser.LootTableParser.parseMobLootTableInternal(LootTableParser.java:380) ~[emi_loot-0.7.9+1.20.1+fabric.jar:?]
	at fzzyhmstrs.emi_loot.parser.LootTableParser.parseMobLootTable(LootTableParser.java:352) ~[emi_loot-0.7.9+1.20.1+fabric.jar:?]
	at fzzyhmstrs.emi_loot.parser.LootTableParser.parseEntityType(LootTableParser.java:257) ~[emi_loot-0.7.9+1.20.1+fabric.jar:?]
	at fzzyhmstrs.emi_loot.parser.LootTableParser.lambda$parseLootTables$6(LootTableParser.java:159) ~[emi_loot-0.7.9+1.20.1+fabric.jar:?]
	at java.lang.Iterable.forEach(Iterable.java:75) ~[?:?]
	at fzzyhmstrs.emi_loot.parser.LootTableParser.parseLootTables(LootTableParser.java:153) ~[emi_loot-0.7.9+1.20.1+fabric.jar:?]
	at net.minecraft.resource.SimpleResourceReload.md819359$emi_loot$lambda$emi_loot_readTablesAfterFabricForRealSimple$0$0(SimpleResourceReload.java:523) ~[server-intermediary.jar:?]
	at java.util.concurrent.CompletableFuture$UniRun.tryFire(CompletableFuture.java:787) ~[?:?]
	at java.util.concurrent.CompletableFuture.postComplete(CompletableFuture.java:510) ~[?:?]
	at java.util.concurrent.CompletableFuture.postFire(CompletableFuture.java:614) ~[?:?]
	at java.util.concurrent.CompletableFuture$UniAccept.tryFire(CompletableFuture.java:726) ~[?:?]
	at java.util.concurrent.CompletableFuture$Completion.run(CompletableFuture.java:482) ~[?:?]
	at net.minecraft.resource.SimpleResourceReload.method_18365(SimpleResourceReload.java:69) ~[server-intermediary.jar:?]
	at net.minecraft.util.Util.waitAndApply(Util.java:950) ~[server-intermediary.jar:?]
	at net.minecraft.util.Util.waitAndApply(Util.java:938) ~[server-intermediary.jar:?]
	at net.minecraft.server.Main.main(Main.java:160) ~[server-intermediary.jar:?]
	at net.fabricmc.loader.impl.game.minecraft.MinecraftGameProvider.launch(MinecraftGameProvider.java:514) ~[fabric-loader-0.19.3.jar:?]
	at net.fabricmc.loader.impl.launch.knot.Knot.launch(Knot.java:72) ~[fabric-loader-0.19.3.jar:?]
	at net.fabricmc.loader.impl.launch.knot.KnotServer.main(KnotServer.java:23) ~[fabric-loader-0.19.3.jar:?]
	at net.fabricmc.loader.impl.launch.server.FabricServerLauncher.main(FabricServerLauncher.java:69) ~[fabric-loader-0.19.3.jar:?]
	at net.fabricmc.installer.ServerLauncher.main(ServerLauncher.java:69) ~[fabric-server-launcher.jar:1.1.2]
[13:50:55] [main/ERROR]: Failed to parse LootFunction of type net.minecraft.class_5339@6871faa2 for stack translation{key='block.minecraft.air', args=[]} in table soulsweapons:entities/accursed_lord_boss
[13:50:55] [main/ERROR]: Thrown Error:
java.lang.ClassCastException: class net.sweenus.simplyswords.util.ModLootTableModifiers$DormantAwakeningLootFunction cannot be cast to class fzzyhmstrs.emi_loot.mixins.SetNbtLootFunctionAccessor (net.sweenus.simplyswords.util.ModLootTableModifiers$DormantAwakeningLootFunction and fzzyhmstrs.emi_loot.mixins.SetNbtLootFunctionAccessor are in unnamed module of loader 'knot' @2a5ca609)
	at fzzyhmstrs.emi_loot.parser.function.SetNbtFunctionParser.parseFunction(SetNbtFunctionParser.java:16) ~[emi_loot-0.7.9+1.20.1+fabric.jar:?]
	at fzzyhmstrs.emi_loot.parser.registry.LootParserRegistry.parseFunction(LootParserRegistry.java:86) ~[emi_loot-0.7.9+1.20.1+fabric.jar:?]
	at fzzyhmstrs.emi_loot.parser.LootTableParser.parseLootFunction(LootTableParser.java:674) ~[emi_loot-0.7.9+1.20.1+fabric.jar:?]
	at fzzyhmstrs.emi_loot.parser.LootTableParser.parseLootFunction(LootTableParser.java:654) ~[emi_loot-0.7.9+1.20.1+fabric.jar:?]
	at fzzyhmstrs.emi_loot.parser.LootTableParser.parseMobLootTableInternal(LootTableParser.java:380) ~[emi_loot-0.7.9+1.20.1+fabric.jar:?]
	at fzzyhmstrs.emi_loot.parser.LootTableParser.parseMobLootTable(LootTableParser.java:352) ~[emi_loot-0.7.9+1.20.1+fabric.jar:?]
	at fzzyhmstrs.emi_loot.parser.LootTableParser.parseEntityType(LootTableParser.java:257) ~[emi_loot-0.7.9+1.20.1+fabric.jar:?]
	at fzzyhmstrs.emi_loot.parser.LootTableParser.lambda$parseLootTables$6(LootTableParser.java:159) ~[emi_loot-0.7.9+1.20.1+fabric.jar:?]
	at java.lang.Iterable.forEach(Iterable.java:75) ~[?:?]
	at fzzyhmstrs.emi_loot.parser.LootTableParser.parseLootTables(LootTableParser.java:153) ~[emi_loot-0.7.9+1.20.1+fabric.jar:?]
	at net.minecraft.resource.SimpleResourceReload.md819359$emi_loot$lambda$emi_loot_readTablesAfterFabricForRealSimple$0$0(SimpleResourceReload.java:523) ~[server-intermediary.jar:?]
	at java.util.concurrent.CompletableFuture$UniRun.tryFire(CompletableFuture.java:787) ~[?:?]
	at java.util.concurrent.CompletableFuture.postComplete(CompletableFuture.java:510) ~[?:?]
	at java.util.concurrent.CompletableFuture.postFire(CompletableFuture.java:614) ~[?:?]
	at java.util.concurrent.CompletableFuture$UniAccept.tryFire(CompletableFuture.java:726) ~[?:?]
	at java.util.concurrent.CompletableFuture$Completion.run(CompletableFuture.java:482) ~[?:?]
	at net.minecraft.resource.SimpleResourceReload.method_18365(SimpleResourceReload.java:69) ~[server-intermediary.jar:?]
	at net.minecraft.util.Util.waitAndApply(Util.java:950) ~[server-intermediary.jar:?]
	at net.minecraft.util.Util.waitAndApply(Util.java:938) ~[server-intermediary.jar:?]
	at net.minecraft.server.Main.main(Main.java:160) ~[server-intermediary.jar:?]
	at net.fabricmc.loader.impl.game.minecraft.MinecraftGameProvider.launch(MinecraftGameProvider.java:514) ~[fabric-loader-0.19.3.jar:?]
	at net.fabricmc.loader.impl.launch.knot.Knot.launch(Knot.java:72) ~[fabric-loader-0.19.3.jar:?]
	at net.fabricmc.loader.impl.launch.knot.KnotServer.main(KnotServer.java:23) ~[fabric-loader-0.19.3.jar:?]
	at net.fabricmc.loader.impl.launch.server.FabricServerLauncher.main(FabricServerLauncher.java:69) ~[fabric-loader-0.19.3.jar:?]
	at net.fabricmc.installer.ServerLauncher.main(ServerLauncher.java:69) ~[fabric-server-launcher.jar:1.1.2]
[13:50:55] [main/ERROR]: Failed to parse LootFunction of type net.minecraft.class_5339@6871faa2 for stack translation{key='block.minecraft.air', args=[]} in table spellbladenext:entities/magus
[13:50:55] [main/ERROR]: Thrown Error:
java.lang.ClassCastException: class net.sweenus.simplyswords.util.ModLootTableModifiers$DormantAwakeningLootFunction cannot be cast to class fzzyhmstrs.emi_loot.mixins.SetNbtLootFunctionAccessor (net.sweenus.simplyswords.util.ModLootTableModifiers$DormantAwakeningLootFunction and fzzyhmstrs.emi_loot.mixins.SetNbtLootFunctionAccessor are in unnamed module of loader 'knot' @2a5ca609)
	at fzzyhmstrs.emi_loot.parser.function.SetNbtFunctionParser.parseFunction(SetNbtFunctionParser.java:16) ~[emi_loot-0.7.9+1.20.1+fabric.jar:?]
	at fzzyhmstrs.emi_loot.parser.registry.LootParserRegistry.parseFunction(LootParserRegistry.java:86) ~[emi_loot-0.7.9+1.20.1+fabric.jar:?]
	at fzzyhmstrs.emi_loot.parser.LootTableParser.parseLootFunction(LootTableParser.java:674) ~[emi_loot-0.7.9+1.20.1+fabric.jar:?]
	at fzzyhmstrs.emi_loot.parser.LootTableParser.parseLootFunction(LootTableParser.java:654) ~[emi_loot-0.7.9+1.20.1+fabric.jar:?]
	at fzzyhmstrs.emi_loot.parser.LootTableParser.parseMobLootTableInternal(LootTableParser.java:380) ~[emi_loot-0.7.9+1.20.1+fabric.jar:?]
	at fzzyhmstrs.emi_loot.parser.LootTableParser.parseMobLootTable(LootTableParser.java:352) ~[emi_loot-0.7.9+1.20.1+fabric.jar:?]
	at fzzyhmstrs.emi_loot.parser.LootTableParser.parseEntityType(LootTableParser.java:257) ~[emi_loot-0.7.9+1.20.1+fabric.jar:?]
	at fzzyhmstrs.emi_loot.parser.LootTableParser.lambda$parseLootTables$6(LootTableParser.java:159) ~[emi_loot-0.7.9+1.20.1+fabric.jar:?]
	at java.lang.Iterable.forEach(Iterable.java:75) ~[?:?]
	at fzzyhmstrs.emi_loot.parser.LootTableParser.parseLootTables(LootTableParser.java:153) ~[emi_loot-0.7.9+1.20.1+fabric.jar:?]
	at net.minecraft.resource.SimpleResourceReload.md819359$emi_loot$lambda$emi_loot_readTablesAfterFabricForRealSimple$0$0(SimpleResourceReload.java:523) ~[server-intermediary.jar:?]
	at java.util.concurrent.CompletableFuture$UniRun.tryFire(CompletableFuture.java:787) ~[?:?]
	at java.util.concurrent.CompletableFuture.postComplete(CompletableFuture.java:510) ~[?:?]
	at java.util.concurrent.CompletableFuture.postFire(CompletableFuture.java:614) ~[?:?]
	at java.util.concurrent.CompletableFuture$UniAccept.tryFire(CompletableFuture.java:726) ~[?:?]
	at java.util.concurrent.CompletableFuture$Completion.run(CompletableFuture.java:482) ~[?:?]
	at net.minecraft.resource.SimpleResourceReload.method_18365(SimpleResourceReload.java:69) ~[server-intermediary.jar:?]
	at net.minecraft.util.Util.waitAndApply(Util.java:950) ~[server-intermediary.jar:?]
	at net.minecraft.util.Util.waitAndApply(Util.java:938) ~[server-intermediary.jar:?]
	at net.minecraft.server.Main.main(Main.java:160) ~[server-intermediary.jar:?]
	at net.fabricmc.loader.impl.game.minecraft.MinecraftGameProvider.launch(MinecraftGameProvider.java:514) ~[fabric-loader-0.19.3.jar:?]
	at net.fabricmc.loader.impl.launch.knot.Knot.launch(Knot.java:72) ~[fabric-loader-0.19.3.jar:?]
	at net.fabricmc.loader.impl.launch.knot.KnotServer.main(KnotServer.java:23) ~[fabric-loader-0.19.3.jar:?]
	at net.fabricmc.loader.impl.launch.server.FabricServerLauncher.main(FabricServerLauncher.java:69) ~[fabric-loader-0.19.3.jar:?]
	at net.fabricmc.installer.ServerLauncher.main(ServerLauncher.java:69) ~[fabric-server-launcher.jar:1.1.2]
[13:50:55] [main/INFO]: finished parsing loot tables in 399
[13:50:55] [main/INFO]: [bclib] Disabling Recipe: bclib:test_star
[13:50:55] [main/WARN]: Recipe count: 31896
[13:50:55] [main/WARN]: Item 'minecraft:raw_gold' has multiple preferred tags '[c:gold_raw_materials, c:raw_gold_ores]' for recipe replacement. This needs to be manually fixed by the user.
[13:50:55] [main/WARN]: Item 'minecraft:raw_iron' has multiple preferred tags '[c:raw_iron_ores, c:iron_raw_materials]' for recipe replacement. This needs to be manually fixed by the user.
[13:50:55] [main/WARN]: Item 'minecraft:raw_copper' has multiple preferred tags '[c:copper_raw_materials, c:raw_copper_ores]' for recipe replacement. This needs to be manually fixed by the user.
[13:50:56] [main/WARN]: Recipe count afterwards: 31802 (done in 1.138 s)
[13:50:56] [main/ERROR]: Parsing error loading recipe mcda:upgrade_royal_guard_boots Unknown item 'mcda:royal_guard_armor_boots'
[13:50:56] [main/ERROR]: Parsing error loading recipe mcda:upgrade_shadow_walker_boots Unknown item 'mcda:shadow_walker_armor_boots'
[13:50:57] [main/ERROR]: Parsing error loading recipe sortilege:staff/neptunium_staff Unknown item 'sortilege:neptunium_staff'
[13:50:57] [main/ERROR]: Parsing error loading recipe farmersknives:manasteel_knife Unknown item 'farmersknives:manasteel_knife'
[13:50:57] [main/ERROR]: Parsing error loading recipe sortilege:staff/dark_staff Unknown item 'goety:dark_ingot'
[13:50:57] [main/ERROR]: Parsing error loading recipe archon:scripting/spike_tome Unknown item 'archon:spike_tome'
[13:50:57] [main/ERROR]: Parsing error loading recipe forcemaster_rpg:forcemaster_spell_book Missing type, expected to find a string
[13:50:57] [main/ERROR]: Parsing error loading recipe mcdw:scythe_jailors_scythe Unknown item 'mcdw:scythe_jailors_scythe'
[13:50:57] [main/ERROR]: Parsing error loading recipe mcda:upgrade_gilded_glory_chestplate Unknown item 'mcda:gilded_glory_chestplate'
[13:50:57] [main/WARN]: Your custom createaddition:rolling/brass_ingot recipe (createaddition:rolling/brass_ingot) specified a duration. Durations have no impact on this type of recipe.
[13:50:57] [main/ERROR]: Parsing error loading recipe sortilege:staff/wooden_staff Unknown item 'sortilege:wooden_staff'
[13:50:57] [main/ERROR]: Parsing error loading recipe emi_letsdo_compat:cake_cut/pudding_cake_cut Invalid or unsupported recipe type 'emi_letsdo_compat:cake_cut'
[13:50:57] [main/ERROR]: Parsing error loading recipe sortilege:staff/forgotten_staff Unknown item 'undergarden:forgotten_upgrade_smithing_template'
[13:50:57] [main/ERROR]: Parsing error loading recipe sortilege:staff/heart_rhodonite_staff Invalid or unsupported recipe type 'miningmaster:forging_recipe'
[13:50:57] [main/ERROR]: Parsing error loading recipe archon:scripting/incombustible_tome Unknown item 'archon:incombustible_tome'
[13:50:57] [main/ERROR]: Parsing error loading recipe sortilege:staff/electrum_staff Unknown item 'oreganized:electrum_upgrade_smithing_template'
[13:50:57] [main/ERROR]: Parsing error loading recipe archon:scripting/shadow_tome Unknown item 'archon:shadow_tome'
[13:50:57] [main/ERROR]: Parsing error loading recipe endrem:apotheosis_cryptic_eye Invalid or unsupported recipe type 'apotheosis:enchanting'
[13:50:57] [main/ERROR]: Parsing error loading recipe sortilege:staff/netherite_staff Unknown item 'sortilege:diamond_staff'
[13:50:57] [main/ERROR]: Parsing error loading recipe sortilege:staff/enderite_staff Unknown item 'enderitemod:enderite_upgrade_smithing_template'
[13:50:57] [main/WARN]: Your custom createaddition:charging/weathered_copper recipe (createaddition:charging/weathered_copper) specified a duration. Durations have no impact on this type of recipe.
[13:50:57] [main/ERROR]: Parsing error loading recipe sortilege:staff/diamond_staff Unknown item 'sortilege:diamond_staff'
[13:50:57] [main/ERROR]: Parsing error loading recipe sortilege:staff/crystalline_staff Unknown item 'phantasm:void_crystal_block'
[13:50:57] [main/ERROR]: Parsing error loading recipe sortilege:staff/gripcrystal_staff Unknown item 'unseen_world:gripcrystal'
[13:50:57] [main/ERROR]: Parsing error loading recipe sortilege:staff/oxidized_copper_staff Unknown item 'sortilege:oxidized_copper_staff'
[13:50:57] [main/ERROR]: Parsing error loading recipe sortilege:staff/froststeel_staff Unknown item 'sortilege:froststeel_staff'
[13:50:57] [main/WARN]: Your custom createaddition:charging/cut_copper_slab recipe (createaddition:charging/cut_copper_slab) specified a duration. Durations have no impact on this type of recipe.
[13:50:57] [main/ERROR]: Parsing error loading recipe mcdw:glaive_glaive Unknown item 'mcdw:sword_iron_sword_var'
[13:50:57] [main/ERROR]: Parsing error loading recipe sortilege:staff/divine_beryl_staff Invalid or unsupported recipe type 'miningmaster:forging_recipe'
[13:50:57] [main/ERROR]: Parsing error loading recipe sortilege:staff/pearlescent_staff Unknown item 'unusualend:pearlescent_upgrade_smithing_template'
[13:50:57] [main/ERROR]: Parsing error loading recipe spellbladenext:finalstrikeoil Unknown item 'spellbladenext:spelloil'
[13:50:57] [main/ERROR]: Parsing error loading recipe sortilege:staff/elementium_staff Unknown item 'sortilege:elementium_staff'
[13:50:57] [main/ERROR]: Parsing error loading recipe emi_letsdo_compat:cake_cut/chocolate_gateau_cake_cut Invalid or unsupported recipe type 'emi_letsdo_compat:cake_cut'
[13:50:57] [main/ERROR]: Parsing error loading recipe mcda:upgrade_troubadour_armor_chestplate Unknown item 'mcda:troubadour_armor_chestplate'
[13:50:57] [main/ERROR]: Parsing error loading recipe mcda:upgrade_nimble_turtle_helmet Unknown item 'mcda:nimble_turtle_armor_helmet'
[13:50:57] [main/ERROR]: Parsing error loading recipe mcda:upgrade_gilded_glory_boots Unknown item 'mcda:gilded_glory_boots'
[13:50:57] [main/WARN]: Your custom createaddition:charging/exposed_cut_copper recipe (createaddition:charging/exposed_cut_copper) specified a duration. Durations have no impact on this type of recipe.
[13:50:57] [main/ERROR]: Parsing error loading recipe sortilege:staff/terrasteel_staff Unknown item 'sortilege:terrasteel_staff'
[13:50:57] [main/WARN]: Your custom createaddition:rolling/electrum_ingot recipe (createaddition:rolling/electrum_ingot) specified a duration. Durations have no impact on this type of recipe.
[13:50:57] [main/WARN]: Your custom createaddition:charging/exposed_cut_copper_slab recipe (createaddition:charging/exposed_cut_copper_slab) specified a duration. Durations have no impact on this type of recipe.
[13:50:57] [main/ERROR]: Parsing error loading recipe emi_letsdo_compat:bread_to_cheese_stick Invalid or unsupported recipe type 'emi_letsdo_compat:fondue_use'
[13:50:57] [main/WARN]: Your custom createaddition:charging/weathered_copper_shingle_stairs recipe (createaddition:charging/weathered_copper_shingle_stairs) specified a duration. Durations have no impact on this type of recipe.
[13:50:57] [main/ERROR]: Parsing error loading recipe simplyswords:eldritch_end/dreadtide Unknown item 'simplyswords:dreadtide'
[13:50:57] [main/ERROR]: Parsing error loading recipe farmersknives:terra_knife Unknown item 'farmersknives:terra_knife'
[13:50:57] [main/ERROR]: Parsing error loading recipe mcda:upgrade_shadow_walker_chestplate Unknown item 'mcda:shadow_walker_armor_chestplate'
[13:50:57] [main/ERROR]: Parsing error loading recipe simplyskills:malevolent_manuscript Unknown item 'simplyskills:malevolent_manuscript'
[13:50:57] [main/ERROR]: Parsing error loading recipe sortilege:staff/spawner_staff Unknown item 'dungeonnowloading:spawner_blade'
[13:50:57] [main/ERROR]: Parsing error loading recipe spellbladenext:tabula Unknown item 'spellbladenext:tabula_rasa'
[13:50:57] [main/WARN]: Your custom createaddition:charging/copper_block recipe (createaddition:charging/copper_block) specified a duration. Durations have no impact on this type of recipe.
[13:50:57] [main/ERROR]: Parsing error loading recipe emi_letsdo_compat:cake_cut/chocolate_cake_cake_cut Invalid or unsupported recipe type 'emi_letsdo_compat:cake_cut'
[13:50:57] [main/WARN]: Your custom createaddition:rolling/straw recipe (createaddition:rolling/straw) specified a duration. Durations have no impact on this type of recipe.
[13:50:57] [main/ERROR]: Parsing error loading recipe archon:scripting/scorch_tome Unknown item 'archon:scorch_tome'
[13:50:57] [main/ERROR]: Parsing error loading recipe mcda:upgrade_troubadour_armor_helmet Unknown item 'mcda:troubadour_armor_helmet'
[13:50:57] [main/ERROR]: Parsing error loading recipe mcda:upgrade_royal_guard_helmet Unknown item 'mcda:royal_guard_armor_helmet'
[13:50:57] [main/WARN]: Your custom createaddition:charging/exposed_copper_shingle_stairs recipe (createaddition:charging/exposed_copper_shingle_stairs) specified a duration. Durations have no impact on this type of recipe.
[13:50:57] [main/WARN]: Your custom createaddition:charging/cut_copper_block recipe (createaddition:charging/cut_copper_block) specified a duration. Durations have no impact on this type of recipe.
[13:50:57] [main/ERROR]: Parsing error loading recipe archon:scripting/thunder_strike_tome Unknown item 'archon:thunder_strike_tome'
[13:50:57] [main/ERROR]: Parsing error loading recipe mcda:upgrade_shadow_walker_helmet Unknown item 'mcda:shadow_walker_armor_helmet'
[13:50:57] [main/ERROR]: Parsing error loading recipe emi_letsdo_compat:cake_cut/sweetberry_cake_cake_cut Invalid or unsupported recipe type 'emi_letsdo_compat:cake_cut'
[13:50:57] [main/WARN]: Your custom createaddition:charging/weathered_cut_copper_stairs recipe (createaddition:charging/weathered_cut_copper_stairs) specified a duration. Durations have no impact on this type of recipe.
[13:50:57] [main/ERROR]: Parsing error loading recipe archon:scripting/hellbeam_tome Unknown item 'archon:hellbeam_tome'
[13:50:57] [main/ERROR]: Parsing error loading recipe archon:scripting/swap_tome Unknown item 'archon:swap_tome'
[13:50:57] [main/WARN]: Your custom createaddition:compat/ae2/charged_certus_quartz recipe (createaddition:compat/ae2/charged_certus_quartz) specified a duration. Durations have no impact on this type of recipe.
[13:50:57] [main/ERROR]: Parsing error loading recipe mcdw:sword_freezing_foil Unknown item 'mcdw:sword_freezing_foil'
[13:50:57] [main/ERROR]: Parsing error loading recipe sortilege:staff/golden_staff Unknown item 'sortilege:golden_staff'
[13:50:57] [main/ERROR]: Parsing error loading recipe mcda:upgrade_gilded_glory_leggings Unknown item 'mcda:gilded_glory_leggings'
[13:50:57] [main/WARN]: Your custom createaddition:charging/weathered_cut_copper_slab recipe (createaddition:charging/weathered_cut_copper_slab) specified a duration. Durations have no impact on this type of recipe.
[13:50:57] [main/WARN]: Your custom createaddition:charging/weathered_copper_shingle_slab recipe (createaddition:charging/weathered_copper_shingle_slab) specified a duration. Durations have no impact on this type of recipe.
[13:50:57] [main/ERROR]: Parsing error loading recipe zenith:sigil_of_enhancement Unknown item 'zenith:gem_dust'
[13:50:57] [main/ERROR]: Parsing error loading recipe mcda:upgrade_troubadour_armor_leggings Unknown item 'mcda:troubadour_armor_leggings'
[13:50:57] [main/ERROR]: Parsing error loading recipe emi_letsdo_compat:cheese_fondue_fill Invalid or unsupported recipe type 'emi_letsdo_compat:fondue_fill'
[13:50:57] [main/ERROR]: Parsing error loading recipe sortilege:staff/waxed_weathered_copper_staff Unknown item 'sortilege:waxed_weathered_copper_staff'
[13:50:57] [main/ERROR]: Parsing error loading recipe invoke:null_rune Unknown item 'invoke:null_rune'
[13:50:57] [main/ERROR]: Parsing error loading recipe sortilege:staff/copper_staff Unknown item 'sortilege:copper_staff'
[13:50:57] [main/WARN]: Your custom createaddition:charging/weathered_copper_shingles recipe (createaddition:charging/weathered_copper_shingles) specified a duration. Durations have no impact on this type of recipe.
[13:50:57] [main/ERROR]: Parsing error loading recipe mcdw:sickle_nightmares_bite Unknown item 'mcdw:sickle_nightmares_bite'
[13:50:57] [main/ERROR]: Parsing error loading recipe archon:scripting/warp_tome Unknown item 'archon:warp_tome'
[13:50:57] [main/WARN]: Your custom createaddition:charging/exposed_copper recipe (createaddition:charging/exposed_copper) specified a duration. Durations have no impact on this type of recipe.
[13:50:57] [main/ERROR]: Parsing error loading recipe emi_letsdo_compat:cake_cut/glowberry_tart_cake_cut Invalid or unsupported recipe type 'emi_letsdo_compat:cake_cut'
[13:50:57] [main/ERROR]: Parsing error loading recipe emi_letsdo_compat:cake_cut/linzer_tart_cake_cut Invalid or unsupported recipe type 'emi_letsdo_compat:cake_cut'
[13:50:57] [main/WARN]: Your custom createaddition:charging/copper_shingle_stairs recipe (createaddition:charging/copper_shingle_stairs) specified a duration. Durations have no impact on this type of recipe.
[13:50:57] [main/ERROR]: Parsing error loading recipe emi_letsdo_compat:cake_cut/strawberry_cake_cake_cut Invalid or unsupported recipe type 'emi_letsdo_compat:cake_cut'
[13:50:57] [main/ERROR]: Parsing error loading recipe mcda:upgrade_shadow_walker_leggings Unknown item 'mcda:shadow_walker_armor_leggings'
[13:50:57] [main/WARN]: Your custom createaddition:rolling/copper_ingot recipe (createaddition:rolling/copper_ingot) specified a duration. Durations have no impact on this type of recipe.
[13:50:57] [main/WARN]: Your custom createaddition:rolling/etrium_ingot recipe (createaddition:rolling/etrium_ingot) specified a duration. Durations have no impact on this type of recipe.
[13:50:57] [main/ERROR]: Parsing error loading recipe mcda:upgrade_nimble_turtle_leggings Unknown item 'mcda:nimble_turtle_armor_leggings'
[13:50:57] [main/ERROR]: Parsing error loading recipe mcda:upgrade_cauldron_helmet Unknown item 'mcda:cauldron_armor_helmet'
[13:50:57] [main/ERROR]: Parsing error loading recipe sortilege:staff/exposed_copper_staff Unknown item 'sortilege:exposed_copper_staff'
[13:50:57] [main/ERROR]: Parsing error loading recipe sortilege:staff/utherium_staff Unknown item 'sortilege:utherium_staff'
[13:50:57] [main/ERROR]: Parsing error loading recipe mcda:upgrade_troubadour_armor_boots Unknown item 'mcda:troubadour_armor_boots'
[13:50:57] [main/ERROR]: Parsing error loading recipe sortilege:staff/manasteel_staff Unknown item 'sortilege:manasteel_staff'
[13:50:57] [main/ERROR]: Parsing error loading recipe sortilege:staff/stone_staff Unknown item 'sortilege:stone_staff'
[13:50:57] [main/ERROR]: Parsing error loading recipe mcda:upgrade_gilded_glory_helmet Unknown item 'mcda:gilded_glory_helmet'
[13:50:57] [main/ERROR]: Parsing error loading recipe mcda:upgrade_royal_guard_leggings Unknown item 'mcda:royal_guard_armor_leggings'
[13:50:57] [main/ERROR]: Parsing error loading recipe farmersknives:elementium_knife Unknown item 'farmersknives:elementium_knife'
[13:50:57] [main/ERROR]: Parsing error loading recipe spellbladenext:eviscerateoil Unknown item 'spellbladenext:spelloil'
[13:50:57] [main/ERROR]: Parsing error loading recipe sortilege:staff/weathered_copper_staff Unknown item 'sortilege:weathered_copper_staff'
[13:50:57] [main/WARN]: Your custom createaddition:charging/exposed_cut_copper_stairs recipe (createaddition:charging/exposed_cut_copper_stairs) specified a duration. Durations have no impact on this type of recipe.
[13:50:57] [main/WARN]: Your custom createaddition:rolling/electrum_plate recipe (createaddition:rolling/electrum_plate) specified a duration. Durations have no impact on this type of recipe.
[13:50:57] [main/ERROR]: Parsing error loading recipe sortilege:staff/ultima_staff_2 Invalid or unsupported recipe type 'miningmaster:forging_recipe'
[13:50:57] [main/ERROR]: Parsing error loading recipe sortilege:staff/ultima_staff_1 Invalid or unsupported recipe type 'miningmaster:forging_recipe'
[13:50:57] [main/ERROR]: Parsing error loading recipe sortilege:staff/ultima_staff_4 Invalid or unsupported recipe type 'miningmaster:forging_recipe'
[13:50:57] [main/ERROR]: Parsing error loading recipe sortilege:staff/ultima_staff_3 Invalid or unsupported recipe type 'miningmaster:forging_recipe'
[13:50:57] [main/ERROR]: Parsing error loading recipe emi_letsdo_compat:cake_cut/chocolate_tart_cake_cut Invalid or unsupported recipe type 'emi_letsdo_compat:cake_cut'
[13:50:57] [main/ERROR]: Parsing error loading recipe zenith:sigil_of_rebirth Unknown item 'zenith:gem_dust'
[13:50:57] [main/ERROR]: Parsing error loading recipe mcda:upgrade_nimble_turtle_boots Unknown item 'mcda:nimble_turtle_armor_boots'
[13:50:57] [main/WARN]: Your custom createaddition:charging/copper_shingle_slab recipe (createaddition:charging/copper_shingle_slab) specified a duration. Durations have no impact on this type of recipe.
[13:50:57] [main/WARN]: Your custom createaddition:rolling/iron_plate recipe (createaddition:rolling/iron_plate) specified a duration. Durations have no impact on this type of recipe.
[13:50:57] [main/ERROR]: Parsing error loading recipe sortilege:staff/waxed_copper_staff Unknown item 'sortilege:waxed_copper_staff'
[13:50:57] [main/ERROR]: Parsing error loading recipe supplementaries:integration/ash_bricks_fd An ingredient entry needs either a tag or an item
[13:50:57] [main/ERROR]: Parsing error loading recipe sortilege:staff/cloggrum_staff Unknown item 'sortilege:cloggrum_staff'
[13:50:57] [main/WARN]: Your custom createaddition:rolling/gold_plate recipe (createaddition:rolling/gold_plate) specified a duration. Durations have no impact on this type of recipe.
[13:50:57] [main/ERROR]: Parsing error loading recipe archon:scripting/fireball_tome Unknown item 'archon:fireball_tome'
[13:50:57] [main/ERROR]: Parsing error loading recipe archon:scripting/rage_tome Unknown item 'archon:rage_tome'
[13:50:57] [main/ERROR]: Parsing error loading recipe ae2:charger/charged_certus_quartz_crystal_calt2 Invalid or unsupported recipe type 'extendedae:ex_charger'
[13:50:57] [main/ERROR]: Parsing error loading recipe sortilege:staff/waxed_exposed_copper_staff Unknown item 'sortilege:waxed_exposed_copper_staff'
[13:50:57] [main/ERROR]: Parsing error loading recipe mcda:upgrade_cauldron_leggings Unknown item 'mcda:cauldron_armor_leggings'
[13:50:57] [main/ERROR]: Parsing error loading recipe emi_letsdo_compat:cheese_blocks_fondue_fill Invalid or unsupported recipe type 'emi_letsdo_compat:fondue_fill'
[13:50:57] [main/ERROR]: Parsing error loading recipe darkutils:crafting/tome_pigpen Unknown item 'darkutils:tome_pigpen'
[13:50:57] [main/ERROR]: Parsing error loading recipe sortilege:staff/waxed_oxidized_copper_staff Unknown item 'sortilege:waxed_oxidized_copper_staff'
[13:50:57] [main/ERROR]: Parsing error loading recipe mcdw:double_axe_whirlwind Unknown item 'mcdw:double_axe_whirlwind'
[13:50:57] [main/ERROR]: Parsing error loading recipe supplementaries:integration/lapis_bricks_fd An ingredient entry needs either a tag or an item
[13:50:57] [main/WARN]: Your custom createaddition:rolling/iron_ingot recipe (createaddition:rolling/iron_ingot) specified a duration. Durations have no impact on this type of recipe.
[13:50:57] [main/WARN]: Your custom createaddition:charging/copper_shingles recipe (createaddition:charging/copper_shingles) specified a duration. Durations have no impact on this type of recipe.
[13:50:57] [main/ERROR]: Parsing error loading recipe mcda:upgrade_nimble_turtle_chestplate Unknown item 'mcda:nimble_turtle_armor_chestplate'
[13:50:57] [main/ERROR]: Parsing error loading recipe mcda:upgrade_cauldron_boots Unknown item 'mcda:cauldron_armor_boots'
[13:50:57] [main/ERROR]: Parsing error loading recipe emi_letsdo_compat:cake_cut/apple_pie_cake_cut Invalid or unsupported recipe type 'emi_letsdo_compat:cake_cut'
[13:50:57] [main/ERROR]: Parsing error loading recipe sortilege:staff/spider_kunzite_staff Invalid or unsupported recipe type 'miningmaster:forging_recipe'
[13:50:57] [main/ERROR]: Parsing error loading recipe sortilege:staff/silver_staff Unknown item 'sortilege:silver_staff'
[13:50:57] [main/ERROR]: Parsing error loading recipe sortilege:staff/iron_staff Unknown item 'sortilege:iron_staff'
[13:50:57] [main/WARN]: Your custom createaddition:rolling/gold_ingot recipe (createaddition:rolling/gold_ingot) specified a duration. Durations have no impact on this type of recipe.
[13:50:57] [main/ERROR]: Parsing error loading recipe emi_letsdo_compat:cake_cut/bundt_cake_cake_cut Invalid or unsupported recipe type 'emi_letsdo_compat:cake_cut'
[13:50:57] [main/ERROR]: Parsing error loading recipe sortilege:staff/necromium_staff Unknown item 'sortilege:diamond_staff'
[13:50:57] [main/WARN]: Your custom createaddition:charging/channeling recipe (createaddition:charging/channeling) specified a duration. Durations have no impact on this type of recipe.
[13:50:57] [main/ERROR]: Parsing error loading recipe archon:scripting/darkball_spell Unknown item 'archon:darkball_tome'
[13:50:57] [main/ERROR]: Parsing error loading recipe farmersknives:cryomarble_knife Missing field template
[13:50:57] [main/WARN]: Your custom createaddition:charging/exposed_copper_shingles recipe (createaddition:charging/exposed_copper_shingles) specified a duration. Durations have no impact on this type of recipe.
[13:50:57] [main/WARN]: Your custom createaddition:charging/weathered_cut_copper recipe (createaddition:charging/weathered_cut_copper) specified a duration. Durations have no impact on this type of recipe.
[13:50:57] [main/ERROR]: Parsing error loading recipe darkutils:crafting/tome_runelic Unknown item 'darkutils:tome_runelic'
[13:50:57] [main/WARN]: Your custom createaddition:charging/cut_copper_stairs recipe (createaddition:charging/cut_copper_stairs) specified a duration. Durations have no impact on this type of recipe.
[13:50:57] [main/ERROR]: Parsing error loading recipe spellbladenext:flickerstrikeoil Unknown item 'spellbladenext:spelloil'
[13:50:57] [main/WARN]: Your custom createaddition:rolling/copper_plate recipe (createaddition:rolling/copper_plate) specified a duration. Durations have no impact on this type of recipe.
[13:50:57] [main/ERROR]: Parsing error loading recipe mythicupgrades:sapphire_smithing_template1 Unknown item 'soulsweapons:sapphire_upgrade_smithing_template'
[13:50:57] [main/ERROR]: Parsing error loading recipe mcda:upgrade_royal_guard_chestplate Unknown item 'mcda:royal_guard_armor_chestplate'
[13:50:57] [main/WARN]: Your custom createaddition:charging/exposed_copper_shingle_slab recipe (createaddition:charging/exposed_copper_shingle_slab) specified a duration. Durations have no impact on this type of recipe.
[13:50:57] [main/INFO]: Loaded 142 recipes
[13:50:57] [main/WARN]: Recipe without matching ID:zenith:potion_charm_enchanting
[13:50:57] [main/ERROR]: Parsing error loading custom advancement copycats:recipes/crafting/copycat_iron_trapdoor: Missing criteria, expected to find a JsonObject
[13:50:57] [main/ERROR]: Parsing error loading custom advancement copycats:recipes/crafting/copycat_vertical_half_layer: Missing criteria, expected to find a JsonObject
[13:50:57] [main/ERROR]: Parsing error loading custom advancement copycats:recipes/crafting/copycat_step_from_conversion: Missing criteria, expected to find a JsonObject
[13:50:57] [main/ERROR]: Parsing error loading custom advancement copycats:recipes/crafting/copycat_byte: Missing criteria, expected to find a JsonObject
[13:50:57] [main/ERROR]: Parsing error loading custom advancement darkutils:adventure/runelic: Expected item to be an item, was unknown string 'darkutils:tome_runelic'
[13:50:57] [main/ERROR]: Parsing error loading custom advancement copycats:recipes/crafting/copycat_pane: Missing criteria, expected to find a JsonObject
[13:50:57] [main/ERROR]: Parsing error loading custom advancement copycats:recipes/crafting/copycat_layer_from_half_layers: Missing criteria, expected to find a JsonObject
[13:50:57] [main/ERROR]: Parsing error loading custom advancement copycats:recipes/crafting/copycat_folding_door: Missing criteria, expected to find a JsonObject
[13:50:57] [main/ERROR]: Parsing error loading custom advancement mobs_of_mythology:mobs_of_mythology: Missing criteria, expected to find a JsonObject
[13:50:57] [main/ERROR]: Parsing error loading custom advancement copycats:recipes/crafting/copycat_stone_pressure_plate: Missing criteria, expected to find a JsonObject
[13:50:57] [main/ERROR]: Parsing error loading custom advancement copycats:recipes/crafting/copycat_byte_panel: Missing criteria, expected to find a JsonObject
[13:50:57] [main/ERROR]: Parsing error loading custom advancement copycats:recipes/crafting/copycat_stacked_half_layer_from_conversion: Missing criteria, expected to find a JsonObject
[13:50:57] [main/ERROR]: Parsing error loading custom advancement copycats:recipes/crafting/copycat_sliding_door_from_conversion: Missing criteria, expected to find a JsonObject
[13:50:57] [main/ERROR]: Parsing error loading custom advancement copycats:recipes/crafting/copycat_vertical_stairs: Missing criteria, expected to find a JsonObject
[13:50:57] [main/ERROR]: Parsing error loading custom advancement copycats:recipes/crafting/copycat_trapdoor: Missing criteria, expected to find a JsonObject
[13:50:57] [main/ERROR]: Parsing error loading custom advancement copycats:recipes/crafting/copycat_vertical_step: Missing criteria, expected to find a JsonObject
[13:50:57] [main/ERROR]: Parsing error loading custom advancement copycats:recipes/crafting/copycat_trapdoor_from_conversion: Missing criteria, expected to find a JsonObject
[13:50:57] [main/ERROR]: Parsing error loading custom advancement copycats:recipes/crafting/copycat_vertical_slice_from_conversion: Missing criteria, expected to find a JsonObject
[13:50:57] [main/ERROR]: Parsing error loading custom advancement sortilege:dye_staff: Expected item to be an item, was unknown string 'sortilege:iron_staff'
[13:50:57] [main/ERROR]: Parsing error loading custom advancement copycats:recipes/crafting/copycat_slope_layer: Missing criteria, expected to find a JsonObject
[13:50:57] [main/ERROR]: Parsing error loading custom advancement copycats:recipes/crafting/copycat_vertical_slope: Missing criteria, expected to find a JsonObject
[13:50:57] [main/ERROR]: Parsing error loading custom advancement copycats:recipes/crafting/copycat_flat_pane: Missing criteria, expected to find a JsonObject
[13:50:57] [main/ERROR]: Parsing error loading custom advancement copycats:recipes/crafting/copycat_half_panel: Missing criteria, expected to find a JsonObject
[13:50:57] [main/ERROR]: Parsing error loading custom advancement copycats:recipes/crafting/copycat_slice_from_conversion: Missing criteria, expected to find a JsonObject
[13:50:57] [main/ERROR]: Parsing error loading custom advancement copycats:recipes/crafting/copycat_flat_pane_from_conversion: Missing criteria, expected to find a JsonObject
[13:50:57] [main/ERROR]: Parsing error loading custom advancement copycats:recipes/crafting/copycat_slab_from_steps: Missing criteria, expected to find a JsonObject
[13:50:57] [main/ERROR]: Parsing error loading custom advancement copycats:recipes/crafting/copycat_panel_from_conversion: Missing criteria, expected to find a JsonObject
[13:50:57] [main/ERROR]: Parsing error loading custom advancement copycats:recipes/crafting/copycat_board: Missing criteria, expected to find a JsonObject
[13:50:57] [main/ERROR]: Parsing error loading custom advancement copycats:recipes/crafting/copycat_fence: Missing criteria, expected to find a JsonObject
[13:50:57] [main/ERROR]: Parsing error loading custom advancement copycats:recipes/crafting/copycat_vertical_stairs_from_conversion: Missing criteria, expected to find a JsonObject
[13:50:57] [main/ERROR]: Parsing error loading custom advancement copycats:recipes/crafting/copycat_block_from_slabs: Missing criteria, expected to find a JsonObject
[13:50:57] [main/ERROR]: Parsing error loading custom advancement copycats:recipes/crafting/copycat_vertical_slope_from_conversion: Missing criteria, expected to find a JsonObject
[13:50:57] [main/ERROR]: Parsing error loading custom advancement copycats:recipes/crafting/copycat_vertical_step_from_conversion: Missing criteria, expected to find a JsonObject
[13:50:57] [main/ERROR]: Parsing error loading custom advancement copycats:recipes/crafting/copycat_slab: Missing criteria, expected to find a JsonObject
[13:50:57] [main/ERROR]: Parsing error loading custom advancement darkutils:adventure/pigpen: Expected item to be an item, was unknown string 'darkutils:tome_pigpen'
[13:50:57] [main/ERROR]: Parsing error loading custom advancement copycats:recipes/crafting/copycat_stacked_half_layer: Missing criteria, expected to find a JsonObject
[13:50:57] [main/ERROR]: Parsing error loading custom advancement copycats:recipes/crafting/copycat_stone_button: Missing criteria, expected to find a JsonObject
[13:50:57] [main/ERROR]: Parsing error loading custom advancement copycats:recipes/crafting/copycat_pane_from_conversion: Missing criteria, expected to find a JsonObject
[13:50:57] [main/ERROR]: Parsing error loading custom advancement copycats:recipes/crafting/copycat_slab_from_beams: Missing criteria, expected to find a JsonObject
[13:50:57] [main/ERROR]: Parsing error loading custom advancement copycats:recipes/crafting/copycat_vertical_slice: Missing criteria, expected to find a JsonObject
[13:50:57] [main/ERROR]: Parsing error loading custom advancement mcdw:recipes/swords/sword_broadsword: Unknown item id 'mcdw:sword_iron_sword_var'
[13:50:57] [main/ERROR]: Parsing error loading custom advancement copycats:recipes/crafting/copycat_large_cogwheel: Missing criteria, expected to find a JsonObject
[13:50:57] [main/ERROR]: Parsing error loading custom advancement copycats:recipes/crafting/copycat_vertical_half_layer_from_conversion: Missing criteria, expected to find a JsonObject
[13:50:57] [main/ERROR]: Parsing error loading custom advancement copycats:recipes/crafting/copycat_slab_from_panels: Missing criteria, expected to find a JsonObject
[13:50:57] [main/ERROR]: Parsing error loading custom advancement copycats:recipes/crafting/copycat_slope: Missing criteria, expected to find a JsonObject
[13:50:57] [main/ERROR]: Parsing error loading custom advancement copycats:recipes/crafting/copycat_layer: Missing criteria, expected to find a JsonObject
[13:50:57] [main/ERROR]: Parsing error loading custom advancement simplyswords:grant_book_on_first_join: Missing criteria, expected to find a JsonObject
[13:50:57] [main/ERROR]: Parsing error loading custom advancement copycats:recipes/crafting/copycat_beam: Missing criteria, expected to find a JsonObject
[13:50:57] [main/ERROR]: Parsing error loading custom advancement copycats:recipes/crafting/copycat_stairs_from_conversion: Missing criteria, expected to find a JsonObject
[13:50:57] [main/ERROR]: Parsing error loading custom advancement copycats:recipes/crafting/copycat_folding_door_from_conversion: Missing criteria, expected to find a JsonObject
[13:50:57] [main/ERROR]: Parsing error loading custom advancement copycats:recipes/crafting/copycat_wooden_button: Missing criteria, expected to find a JsonObject
[13:50:57] [main/ERROR]: Parsing error loading custom advancement copycats:recipes/crafting/copycat_shaft: Missing criteria, expected to find a JsonObject
[13:50:57] [main/ERROR]: Parsing error loading custom advancement copycats:recipes/crafting/copycat_sliding_door: Missing criteria, expected to find a JsonObject
[13:50:57] [main/ERROR]: Parsing error loading custom advancement copycats:recipes/crafting/copycat_ghost_block: Missing criteria, expected to find a JsonObject
[13:50:57] [main/ERROR]: Parsing error loading custom advancement copycats:recipes/crafting/copycat_panel_from_half_panels: Missing criteria, expected to find a JsonObject
[13:50:57] [main/ERROR]: Parsing error loading custom advancement copycats:recipes/crafting/copycat_half_layer_from_conversion: Missing criteria, expected to find a JsonObject
[13:50:57] [main/ERROR]: Parsing error loading custom advancement copycats:recipes/crafting/copycat_wall: Missing criteria, expected to find a JsonObject
[13:50:57] [main/ERROR]: Parsing error loading custom advancement copycats:recipes/crafting/copycat_wooden_pressure_plate: Missing criteria, expected to find a JsonObject
[13:50:57] [main/ERROR]: Parsing error loading custom advancement copycats:recipes/crafting/copycat_cogwheel: Missing criteria, expected to find a JsonObject
[13:50:57] [main/ERROR]: Parsing error loading custom advancement copycats:recipes/crafting/copycat_fluid_pipe: Missing criteria, expected to find a JsonObject
[13:50:57] [main/ERROR]: Parsing error loading custom advancement copycats:recipes/crafting/copycat_slope_from_conversion: Missing criteria, expected to find a JsonObject
[13:50:57] [main/ERROR]: Parsing error loading custom advancement copycats:recipes/crafting/copycat_light_weighted_pressure_plate: Missing criteria, expected to find a JsonObject
[13:50:57] [main/ERROR]: Parsing error loading custom advancement copycats:recipes/crafting/copycat_half_layer: Missing criteria, expected to find a JsonObject
[13:50:57] [main/ERROR]: Parsing error loading custom advancement copycats:recipes/crafting/copycat_stairs: Missing criteria, expected to find a JsonObject
[13:50:57] [main/ERROR]: Parsing error loading custom advancement copycats:recipes/crafting/copycat_iron_door: Missing criteria, expected to find a JsonObject
[13:50:57] [main/ERROR]: Parsing error loading custom advancement copycats:recipes/crafting/copycat_block: Missing criteria, expected to find a JsonObject
[13:50:57] [main/ERROR]: Parsing error loading custom advancement copycats:recipes/crafting/copycat_catwalk: Missing criteria, expected to find a JsonObject
[13:50:57] [main/ERROR]: Parsing error loading custom advancement sortilege:get_wooden_staff: Expected item to be an item, was unknown string 'sortilege:wooden_staff'
[13:50:57] [main/ERROR]: Parsing error loading custom advancement copycats:recipes/crafting/copycat_heavy_weighted_pressure_plate: Missing criteria, expected to find a JsonObject
[13:50:57] [main/ERROR]: Parsing error loading custom advancement copycats:recipes/crafting/copycat_corner_slice: Missing criteria, expected to find a JsonObject
[13:50:57] [main/ERROR]: Parsing error loading custom advancement copycats:recipes/crafting/copycat_door: Missing criteria, expected to find a JsonObject
[13:50:57] [main/ERROR]: Parsing error loading custom advancement copycats:recipes/crafting/copycat_box: Missing criteria, expected to find a JsonObject
[13:50:57] [main/ERROR]: Parsing error loading custom advancement copycats:recipes/crafting/copycat_slice: Missing criteria, expected to find a JsonObject
[13:50:57] [main/ERROR]: Parsing error loading custom advancement copycats:recipes/crafting/copycat_fence_gate: Missing criteria, expected to find a JsonObject
[13:50:57] [main/ERROR]: Parsing error loading custom advancement copycats:recipes/crafting/copycat_ladder: Missing criteria, expected to find a JsonObject
[13:50:57] [main/ERROR]: Parsing error loading custom advancement sortilege:get_netherite_staff: Expected item to be an item, was unknown string 'sortilege:netherite_staff'
[13:50:57] [main/INFO]: Loaded 15165 advancements
[13:50:57] [main/INFO]: Registered 16 gear_sets.
[13:50:57] [main/INFO]: Registered 34 enchanting_stats.
[13:50:57] [main/INFO]: Loaded 30 Loonium configurations
[13:50:57] [main/INFO]: Saved 36 Value Calculator templates to config folder
[13:50:57] [main/INFO]: Loaded config for: lootintegrations.json
[13:50:57] [main/INFO]: Reloading Spawner Rune data...
[13:50:57] [main/INFO]: Reloading config...
[13:50:57] [main/WARN]: Could not decode GlobalLootModifier with json id supplementaries:ash_from_burning_mobs - error: Unknown registry key in ResourceKey[minecraft:root / porting_lib:global_loot_modifier_serializers]: moonlight:add_item
[13:50:57] [main/WARN]: Could not decode GlobalLootModifier with json id supplementaries:straw_from_flax - error: Unknown registry key in ResourceKey[minecraft:root / porting_lib:global_loot_modifier_serializers]: moonlight:add_item
[13:50:57] [main/WARN]: Could not decode GlobalLootModifier with json id supplementaries:fishing_antique_ink - error: Unknown registry key in ResourceKey[minecraft:root / porting_lib:global_loot_modifier_serializers]: moonlight:add_item
[13:50:57] [main/WARN]: Could not decode GlobalLootModifier with json id supplementaries:fishing_antique_ink_treasure - error: Unknown registry key in ResourceKey[minecraft:root / porting_lib:global_loot_modifier_serializers]: moonlight:add_item
[13:50:57] [main/WARN]: Could not decode GlobalLootModifier with json id supplementaries:replace_rope - error: Unknown registry key in ResourceKey[minecraft:root / porting_lib:global_loot_modifier_serializers]: supplementaries:replace_rope
[13:50:57] [main/WARN]: Could not decode GlobalLootModifier with json id zenith:affix_conversion - error: Unknown registry key in ResourceKey[minecraft:root / porting_lib:global_loot_modifier_serializers]: zenith:affix_conversion
[13:50:57] [main/WARN]: Could not decode GlobalLootModifier with json id zenith:affix_loot - error: Unknown registry key in ResourceKey[minecraft:root / porting_lib:global_loot_modifier_serializers]: zenith:affix_loot
[13:50:57] [main/WARN]: Could not decode GlobalLootModifier with json id zenith:gems - error: Unknown registry key in ResourceKey[minecraft:root / porting_lib:global_loot_modifier_serializers]: zenith:gems
[13:50:57] [main/WARN]: Could not decode GlobalLootModifier with json id zenith:affix_hook - error: Unknown registry key in ResourceKey[minecraft:root / porting_lib:global_loot_modifier_serializers]: zenith:affix_hook
[13:50:57] [main/INFO]: Loaded 27 flute songs
[13:50:57] [main/INFO]: Loaded 0 global temperature effects
[13:50:57] [main/INFO]: Loaded 0 type specific temperature effects
[13:50:58] [main/INFO]: Loaded 156 recipes
[13:50:58] [main/INFO]: Deserializing default trades of profession: villagersplus:alchemist
[13:50:58] [main/INFO]: Deserializing default trades of profession: villagersplus:horticulturist
[13:50:58] [main/INFO]: Deserializing default trades of profession: villagersplus:occultist
[13:50:58] [main/INFO]: Deserializing default trades of profession: villagersplus:oceanographer
[13:50:58] [main/INFO]: Reloading grave shape (server)
[13:50:58] [main/INFO]: Grave model and shape reload successful (server)
[13:50:58] [main/INFO]: Reloading YIGD graveyard data (server)
[13:50:58] [main/INFO]: Graveyard data successfully reloaded (server)
[13:50:58] [main/INFO]: Reloading YIGD grave area overrides (server)
[13:50:58] [main/INFO]: Grave area overrides successfully reloaded (server)
[13:50:59] [main/WARN]: Not all defined tags for registry ResourceKey[minecraft:root / minecraft:worldgen/biome] are present in data pack: c:biomes_that_dont_exist
[13:51:00] [main/INFO]: Applied 18 data villager trades
[13:51:00] [main/INFO]: Finished additional setup in 0 ms
[13:51:00] [main/ERROR]: Trade result entry is set to required but minecraft:oak_branch item does not exist.
[13:51:00] [main/ERROR]: Trade result entry is set to required but minecraft:oak_shrub item does not exist.
[13:51:00] [main/ERROR]: [worlds_together] Unable to parse Version in jar:file:///home/ubuntu/minecraft-prominence-2-hasturian-era/mods/naturalist-5.0pre5+fabric-1.20.1.jar
[13:51:00] [main/ERROR]: [worlds_together] Unable to parse Version in jar:file:///home/ubuntu/minecraft-prominence-2-hasturian-era/mods/ends_delight-refabricated-1.20.1-2.5.jar
[13:51:00] [main/ERROR]: [worlds_together] Unable to parse Version in jar:file:///home/ubuntu/minecraft-prominence-2-hasturian-era/mods/lootintegrations_moog-2.2.jar
[13:51:00] [main/ERROR]: [worlds_together] Unable to parse Version in jar:file:///home/ubuntu/minecraft-prominence-2-hasturian-era/mods/wither_spawn_fix-MC1.20.1-1.0.0.jar
[13:51:00] [main/ERROR]: [worlds_together] Unable to parse Version in jar:file:///home/ubuntu/minecraft-prominence-2-hasturian-era/mods/create-new-age-1.1.7f+fabric-mc1.20.1.jar
[13:51:00] [main/INFO]: [bclib] Updating Pickers for BCLib - Nether BiomeSource (348fb31d)
[13:51:00] [main/INFO]: [bclib] Updating Pickers for BCLib - The End  BiomeSource (1ac472)
[13:51:00] [main/WARN]: Initial datapack load took 12.29 s
[13:51:00] [main/INFO]: Mixing server.MixinDedicatedServer from mixins/common/nochatreports.mixins.json into net.minecraft.class_3176
[13:51:01] [main/INFO]: Initialized TerraBlender biomes for level stem minecraft:overworld
[13:51:01] [main/INFO]: Applied 12274 biome modifications to 228 of 228 new biomes in 219.1 ms
[13:51:01] [Server thread/INFO]: Loading server config for barteringstation
[13:51:01] [Thread-11/INFO]: Reloading server config for barteringstation
[13:51:01] [Thread-11/INFO]: Reloading server config for barteringstation
[13:51:01] [Server thread/INFO]: Loading server config for leavesbegone
[13:51:01] [Server thread/INFO]: Loading server config for magnumtorch
[13:51:01] [Thread-11/INFO]: Reloading server config for magnumtorch
[13:51:01] [Server thread/INFO]: Loading server config for mutantmonsters
[13:51:01] [Thread-11/INFO]: Reloading server config for mutantmonsters
[13:51:01] [Thread-11/INFO]: Reloading server config for mutantmonsters
[13:51:01] [Server thread/INFO]: Loading server config for tradingpost
[13:51:01] [Thread-11/INFO]: Reloading server config for tradingpost
[13:51:01] [Thread-11/INFO]: Reloading server config for tradingpost
[13:51:01] [Server thread/INFO]: loaded team data: 6 known players, 6 teams total
[13:51:01] [Server thread/INFO]: Config 'explorations.json' was successfully loaded.
[13:51:01] [Server thread/INFO]: Added statues to vanilla villages
[13:51:01] [Server thread/INFO]: Adding waystone fwaystones:village_waystone to village kaisyn:village/sparse_jungle_polynesian/houses
[13:51:01] [Server thread/INFO]: Adding waystone fwaystones:village_waystone to village kaisyn:village/flower_forest_japanese/houses
[13:51:01] [Server thread/INFO]: Adding waystone fwaystones:village_waystone to village kaisyn:village/swamp_boat/houses
[13:51:01] [Server thread/INFO]: Adding waystone fwaystones:village_waystone to village minecraft:village/savanna/houses
[13:51:01] [Server thread/INFO]: Adding waystone fwaystones:village_waystone to village minecraft:village/plains/houses
[13:51:01] [Server thread/INFO]: Adding waystone fwaystones:village_waystone to village kaisyn:village/badlands_pueblo/houses
[13:51:01] [Server thread/INFO]: Adding waystone fwaystones:village_waystone to village kaisyn:village/sunflower_plains_farm/side/farms
[13:51:01] [Server thread/INFO]: Adding waystone fwaystones:village_waystone to village kaisyn:village/exclusives/tudor/houses
[13:51:01] [Server thread/INFO]: Adding waystone fwaystones:village_waystone to village kaisyn:village/exclusives/mediterranean/houses/regular
[13:51:01] [Server thread/INFO]: Adding waystone fwaystones:village_waystone to village kaisyn:village/snowy_slopes_inn/decor
[13:51:01] [Server thread/INFO]: Adding waystone fwaystones:village_waystone to village kaisyn:village/grove_villager_outpost/decor
[13:51:01] [Server thread/INFO]: Adding waystone fwaystones:village_waystone to village minecraft:village/taiga/houses
[13:51:01] [Server thread/INFO]: Adding waystone fwaystones:village_waystone to village kaisyn:village/meadow_swiss/houses
[13:51:01] [Server thread/INFO]: Adding waystone fwaystones:village_waystone to village kaisyn:village/exclusives/iberian/houses
[13:51:01] [Server thread/INFO]: Adding waystone fwaystones:village_waystone to village kaisyn:village/snowy_taiga_viking/houses
[13:51:01] [Server thread/INFO]: Adding waystone fwaystones:village_waystone to village kaisyn:village/birch_forest_romanian/houses
[13:51:01] [Server thread/INFO]: Adding waystone fwaystones:village_waystone to village kaisyn:village/jungle_tribal/houses
[13:51:01] [Server thread/INFO]: Adding waystone fwaystones:village_waystone to village kaisyn:village/beach_lighthouse/side/cross
[13:51:01] [Server thread/INFO]: Adding waystone fwaystones:village_waystone to village minecraft:village/snowy/houses
[13:51:01] [Server thread/INFO]: Adding waystone fwaystones:village_waystone to village kaisyn:village/mushroom_fields_fantasy/houses
[13:51:01] [Server thread/INFO]: Adding waystone fwaystones:village_waystone to village kaisyn:village/old_growth_taiga_polish/houses
[13:51:01] [Server thread/INFO]: Adding waystone fwaystones:village_waystone to village kaisyn:village/exclusives/rustic/houses
[13:51:01] [Server thread/INFO]: Adding waystone fwaystones:desert_village_waystone to village minecraft:village/desert/houses
[13:51:01] [Server thread/INFO]: Adding waystone fwaystones:village_waystone to village kaisyn:village/exclusives/swedish/houses
[13:51:01] [Server thread/INFO]: [puffish_skills] Mod configuration loaded successfully!
[13:51:02] [Server thread/INFO]: [puffish_skills] Data pack `simplyskills` loaded successfully!
[13:51:02] [Server thread/INFO]: Starting background profiler...
[13:51:02] [Server thread/INFO]: [STDERR]: Spell Engine: Failed to parse spell: spellbladenext:spells/lightningsmite.json | Reason: com.google.gson.stream.MalformedJsonException: Expected name at line 12 column 4 path $.cast.animation
[13:51:02] [Server thread/INFO]: [STDOUT]: Encoded SpellRegistry size (with package overhead): 891316 bytes (in 90 string chunks with the size of 10000)
[13:51:02] [Server thread/INFO]: Initializing environment controller...
[13:51:02] [Server thread/INFO]: Scanning class appeng.server.testplots.TestPlots for plots
[13:51:02] [Server thread/INFO]: Scanning class appeng.server.testplots.AutoCraftingTestPlots for plots
[13:51:02] [Server thread/INFO]: Scanning class appeng.server.testplots.InscriberTestPlots for plots
[13:51:02] [Server thread/INFO]: Scanning class appeng.server.testplots.P2PTestPlots for plots
[13:51:02] [Server thread/INFO]: Scanning class appeng.server.testplots.ItemP2PTestPlots for plots
[13:51:02] [Server thread/INFO]: Scanning class appeng.server.testplots.MemoryCardTestPlots for plots
[13:51:02] [Server thread/INFO]: Scanning class appeng.server.testplots.PatternProviderLockModePlots for plots
[13:51:02] [Server thread/INFO]: Scanning class appeng.server.testplots.PatternProviderPlots for plots
[13:51:02] [Server thread/INFO]: Scanning class appeng.server.testplots.SpatialTestPlots for plots
[13:51:02] [Server thread/INFO]: Scanning class appeng.server.testplots.QnbTestPlots for plots
[13:51:02] [Server thread/INFO]: Scanning class appeng.server.testplots.GuidebookPlot for plots
[13:51:02] [Server thread/INFO]: Scanning class appeng.server.testplots.SubnetPlots for plots
[13:51:02] [Server thread/INFO]: Scanning class appeng.server.testplots.ChannelTests for plots
[13:51:02] [Server thread/INFO]: Scanning class appeng.server.testplots.AnnihilationPlaneTests for plots
[13:51:02] [Server thread/INFO]: Scanning class de.mari_023.ae2wtlib.AE2WTLibTestPlots for plots
[13:51:02] [Server thread/INFO]: Loading XaeroLib common 2/2!
[13:51:02] [Server thread/INFO]: Loading XaeroLib server 2/2!
[13:51:02] [Server thread/INFO]: Starting minecraft server version 1.20.1
[13:51:02] [Server thread/INFO]: Loading properties
[13:51:02] [Server thread/INFO]: Default game type: SURVIVAL
[13:51:02] [Server thread/INFO]: Generating keypair
[13:51:02] [Server thread/INFO]: Starting Minecraft server on *:25565
[13:51:02] [Server thread/INFO]: Using epoll channel type
[13:51:02] [Server thread/WARN]: **** SERVER IS RUNNING IN OFFLINE/INSECURE MODE!
[13:51:02] [Server thread/WARN]: The server will make no attempt to authenticate usernames. Beware.
[13:51:02] [Server thread/WARN]: While this makes the game possible to play without internet access, it also opens up the ability for hackers to connect with any username they choose.
[13:51:02] [Server thread/WARN]: To change this, set "online-mode" to "true" in the server.properties file.
[13:51:02] [Server thread/INFO]: [betternether] Freeze Registry[ResourceKey[minecraft:root / worlds_together:worldgen/betterx/surface_rules] (Stable)]
[13:51:02] [Server thread/INFO]: Preparing level "world"
[13:51:02] [Server thread/INFO]: Initializing Open Parties and Claims for the server...
[13:51:02] [Server thread/INFO]: Loading server info!
[13:51:02] [Server thread/INFO]: Loading player configs...
[13:51:03] [Server thread/INFO]: Loaded player configs!
[13:51:03] [Server thread/INFO]: Loading parties...
[13:51:03] [Server thread/INFO]: Loaded parties!
[13:51:03] [Server thread/INFO]: Fixing party inconsistencies...
[13:51:03] [Server thread/INFO]: Registered party system for OPAC: default
[13:51:03] [Server thread/INFO]: Registered party system for OPAC: ftb_teams
[13:51:03] [Server thread/INFO]: Registered permission system for OPAC: permission_api
[13:51:03] [Server thread/INFO]: Loading claims...
[13:51:03] [Server thread/INFO]: Loaded claims in 2ms
[13:51:03] [Server thread/WARN]: The configured permission system "prometheus" isn't registered!
[13:51:03] [Server thread/INFO]: Configured OPAC to use the following permission system: permission_api
[13:51:03] [Server thread/WARN]: The configured primary party system "argonauts_guilds" isn't registered!
[13:51:03] [Server thread/INFO]: Configured OPAC to use the following party system as primary: default
[13:51:03] [Server thread/INFO]: [bclib] 
Apply Modifications for ad_astra:mercury_orbit
    class_1992 (751287d)
        biomes     = 1
        namespaces = ad_astra(1)
[13:51:03] [Server thread/INFO]: [bclib] 
Apply Modifications for aquamirae:the_maelstrom
    class_1992 (d6ff37e)
        biomes     = 1
        namespaces = aquamirae(1)
[13:51:03] [Server thread/INFO]: [bclib] 
Apply Modifications for ad_astra:moon_orbit
    class_1992 (5b4fad83)
        biomes     = 1
        namespaces = ad_astra(1)
[13:51:03] [Server thread/INFO]: [bclib] 
Apply Modifications for ad_astra:earth_orbit
    class_1992 (2f4f69e9)
        biomes     = 1
        namespaces = ad_astra(1)
[13:51:03] [Server thread/INFO]: [bclib] 
Apply Modifications for the_bumblezone:the_bumblezone
    BzBiomeSource (747fffd3)
        biomes     = 9
        namespaces = the_bumblezone(9)
[13:51:03] [Server thread/INFO]: [bclib] 
Apply Modifications for minecells:black_bridge
    class_1992 (20fc90c8)
        biomes     = 1
        namespaces = minecells(1)
[13:51:03] [Server thread/INFO]: [bclib] 
Apply Modifications for ad_astra:venus_orbit
    class_1992 (74a8b51f)
        biomes     = 1
        namespaces = ad_astra(1)
[13:51:03] [Server thread/INFO]: [bclib] 
Apply Modifications for prominent:unholy_prison
    class_1992 (7fa25d3e)
        biomes     = 1
        namespaces = minecraft(1)
[13:51:03] [Server thread/INFO]: [bclib] 
Apply Modifications for prominent:vaaz_past_build
    class_1992 (31a484e5)
        biomes     = 1
        namespaces = prominent(1)
[13:51:03] [Server thread/INFO]: [bclib] 
Apply Modifications for ad_astra:venus
    class_4766 (751a28c9)
        biomes     = 2
        namespaces = ad_astra(2)
[13:51:03] [Server thread/INFO]: [bclib] 
Apply Modifications for prominent:vaaz_volcano
    class_1992 (442b7b38)
        biomes     = 1
        namespaces = prominent(1)
[13:51:03] [Server thread/INFO]: [bclib] 
Apply Modifications for minecraft:the_nether
    BCLib - Nether BiomeSource (348fb31d)
        biomes     = 32
        namespaces = betternether(22), regions_unexplored(5), minecraft(5)
        seed       = 6643095480183857148
        height     = 128
        config     = BCLibNetherBiomeSourceConfig{mapVersion=hex, useVerticalBiomes=true, amplified=false, biomeSize=256, biomeSizeVertical=86}
[13:51:03] [Server thread/INFO]: [bclib] 
Apply Modifications for spellbladenext:glassocean
    class_1992 (4c079849)
        biomes     = 1
        namespaces = spellbladenext(1)
[13:51:03] [Server thread/INFO]: [bclib] 
Apply Modifications for prominent:vaaz_past
    class_1992 (1cd55a3e)
        biomes     = 1
        namespaces = prominent(1)
[13:51:03] [Server thread/INFO]: [bclib] 
Apply Modifications for graveyard:past
    class_4766 (232c04e0)
        biomes     = 53
        namespaces = minecraft(53)
[13:51:03] [Server thread/INFO]: [bclib] 
Apply Modifications for prominent:vaaz_assault
    class_1992 (2af639a7)
        biomes     = 1
        namespaces = prominent(1)
[13:51:03] [Server thread/INFO]: [bclib] 
Apply Modifications for prominent:vaaz_present
    class_1992 (5a433960)
        biomes     = 1
        namespaces = prominent(1)
[13:51:03] [Server thread/INFO]: [bclib] 
Apply Modifications for minecells:insufferable_crypt
    class_1992 (6cf18cbc)
        biomes     = 1
        namespaces = minecells(1)
[13:51:03] [Server thread/INFO]: [bclib] 
Apply Modifications for minecells:promenade
    class_1992 (2f398ec6)
        biomes     = 1
        namespaces = minecells(1)
[13:51:03] [Server thread/INFO]: [bclib] 
Apply Modifications for prominent:cinderstone_depths
    class_1992 (3419a187)
        biomes     = 1
        namespaces = prominent(1)
[13:51:03] [Server thread/INFO]: [bclib] 
Apply Modifications for ad_astra:mercury
    class_4766 (7752065d)
        biomes     = 1
        namespaces = ad_astra(1)
[13:51:03] [Server thread/INFO]: [bclib] 
Apply Modifications for minecells:ramparts
    class_1992 (1726f067)
        biomes     = 1
        namespaces = minecells(1)
[13:51:03] [Server thread/INFO]: [bclib] 
Apply Modifications for minecraft:overworld
    class_4766 (740a13fb)
        biomes     = 127
        namespaces = minecraft(53), riverredux(3), promenade(4), derelict(1), regions_unexplored(66)
[13:51:03] [Server thread/INFO]: [bclib] 
Apply Modifications for ad_astra:moon
    class_1992 (d668164)
        biomes     = 1
        namespaces = ad_astra(1)
[13:51:03] [Server thread/INFO]: [bclib] 
Apply Modifications for deeperdarker:otherside
    class_4766 (6ae11e7b)
        biomes     = 4
        namespaces = deeperdarker(4)
[13:51:03] [Server thread/INFO]: [bclib] 
Apply Modifications for minecells:prison
    class_1992 (4ae47e88)
        biomes     = 1
        namespaces = minecells(1)
[13:51:03] [Server thread/INFO]: [bclib] 
Apply Modifications for ad_astra:mars_orbit
    class_1992 (6ed539e4)
        biomes     = 1
        namespaces = ad_astra(1)
[13:51:03] [Server thread/INFO]: [bclib] 
Apply Modifications for minecraft:the_end
    BCLib - The End  BiomeSource (1ac472)
        biomes     = 28
        namespaces = betterend(19), eldritch_end(2), minecraft(5), promenade(2)
        seed       = 6643095480183857148
        height     = 128
        deciders   = 1
        config     = BCLEndBiomeSourceConfig{mapVersion=hex, generatorVersion=paulevs, withVoidBiomes=true, innerVoidRadiusSquared=1048576, voidBiomesSize=256, centerBiomesSize=256, landBiomesSize=256, barrensBiomesSize=256}
[13:51:03] [Server thread/INFO]: [bclib] 
Apply Modifications for ad_astra:mars
    class_4766 (5701f8fb)
        biomes     = 3
        namespaces = ad_astra(3)
[13:51:03] [Server thread/INFO]: [bclib] 
Apply Modifications for ad_astra:glacio
    class_4766 (357136a6)
        biomes     = 2
        namespaces = ad_astra(2)
[13:51:03] [Server thread/INFO]: [bclib] 
Apply Modifications for ad_astra:glacio_orbit
    class_1992 (5c880ebe)
        biomes     = 1
        namespaces = ad_astra(1)
[13:51:03] [Server thread/INFO]: [bclib] 
Apply Modifications for prominent:vaaz_assault_build
    class_1992 (1b5506d2)
        biomes     = 1
        namespaces = prominent(1)
[13:51:03] [Server thread/INFO]: [bclib] 
Apply Modifications for prominent:vaaz_present_build
    class_1992 (434bf363)
        biomes     = 1
        namespaces = prominent(1)
[13:51:03] [Server thread/INFO]: [bclib] World Dimensions: 
 - ad_astra:mercury_orbit: 
     net.minecraft.class_3754@9059aee 
     class_1992 (751287d)
         biomes     = 1
         namespaces = ad_astra(1)
 - aquamirae:the_maelstrom: 
     net.minecraft.class_3754@2194bc37 
     class_1992 (d6ff37e)
         biomes     = 1
         namespaces = aquamirae(1)
 - ad_astra:moon_orbit: 
     net.minecraft.class_3754@7276ecf3 
     class_1992 (5b4fad83)
         biomes     = 1
         namespaces = ad_astra(1)
 - ad_astra:earth_orbit: 
     net.minecraft.class_3754@50e1a465 
     class_1992 (2f4f69e9)
         biomes     = 1
         namespaces = ad_astra(1)
 - the_bumblezone:the_bumblezone: 
     com.telepathicgrunt.the_bumblezone.worldgen.dimension.BzChunkGenerator@7516867d 
     BzBiomeSource (747fffd3)
         biomes     = 9
         namespaces = the_bumblezone(9)
 - minecells:black_bridge: 
     net.minecraft.class_2897@71e7e9ec 
     class_1992 (20fc90c8)
         biomes     = 1
         namespaces = minecells(1)
 - ad_astra:venus_orbit: 
     net.minecraft.class_3754@34338257 
     class_1992 (74a8b51f)
         biomes     = 1
         namespaces = ad_astra(1)
 - prominent:unholy_prison: 
     net.minecraft.class_2897@692cda38 
     class_1992 (7fa25d3e)
         biomes     = 1
         namespaces = minecraft(1)
 - prominent:vaaz_past_build: 
     net.minecraft.class_2897@28489c0e 
     class_1992 (31a484e5)
         biomes     = 1
         namespaces = prominent(1)
 - ad_astra:venus: 
     net.minecraft.class_3754@66aeb862 
     class_4766 (751a28c9)
         biomes     = 2
         namespaces = ad_astra(2)
 - prominent:vaaz_volcano: 
     net.minecraft.class_2897@4ea7afda 
     class_1992 (442b7b38)
         biomes     = 1
         namespaces = prominent(1)
 - minecraft:the_nether: 
     BCLib - Chunk Generator (4155412c) 
     BCLib - Nether BiomeSource (348fb31d)
         biomes     = 32
         namespaces = betternether(22), regions_unexplored(5), minecraft(5)
         seed       = 6643095480183857148
         height     = 128
         config     = BCLibNetherBiomeSourceConfig{mapVersion=hex, useVerticalBiomes=true, amplified=false, biomeSize=256, biomeSizeVertical=86}
 - spellbladenext:glassocean: 
     net.minecraft.class_2897@2d910de4 
     class_1992 (4c079849)
         biomes     = 1
         namespaces = spellbladenext(1)
 - prominent:vaaz_past: 
     net.minecraft.class_2897@3eefcd9c 
     class_1992 (1cd55a3e)
         biomes     = 1
         namespaces = prominent(1)
 - graveyard:past: 
     net.minecraft.class_3754@4d456ce4 
     class_4766 (232c04e0)
         biomes     = 53
         namespaces = minecraft(53)
 - prominent:vaaz_assault: 
     net.minecraft.class_2897@26f21841 
     class_1992 (2af639a7)
         biomes     = 1
         namespaces = prominent(1)
 - prominent:vaaz_present: 
     net.minecraft.class_2897@3a9df56 
     class_1992 (5a433960)
         biomes     = 1
         namespaces = prominent(1)
 - minecells:insufferable_crypt: 
     net.minecraft.class_2897@436a7192 
     class_1992 (6cf18cbc)
         biomes     = 1
         namespaces = minecells(1)
 - minecells:promenade: 
     net.minecraft.class_3754@252e1757 
     class_1992 (2f398ec6)
         biomes     = 1
         namespaces = minecells(1)
 - prominent:cinderstone_depths: 
     net.minecraft.class_2897@132833a3 
     class_1992 (3419a187)
         biomes     = 1
         namespaces = prominent(1)
 - ad_astra:mercury: 
     net.minecraft.class_3754@5e360dff 
     class_4766 (7752065d)
         biomes     = 1
         namespaces = ad_astra(1)
 - minecells:ramparts: 
     net.minecraft.class_3754@4ec0014a 
     class_1992 (1726f067)
         biomes     = 1
         namespaces = minecells(1)
 - minecraft:overworld: 
     net.minecraft.class_3754@1b01336a 
     class_4766 (740a13fb)
         biomes     = 127
         namespaces = minecraft(53), riverredux(3), promenade(4), derelict(1), regions_unexplored(66)
 - ad_astra:moon: 
     net.minecraft.class_3754@49e6ae82 
     class_1992 (d668164)
         biomes     = 1
         namespaces = ad_astra(1)
 - deeperdarker:otherside: 
     net.minecraft.class_3754@27510bb4 
     class_4766 (6ae11e7b)
         biomes     = 4
         namespaces = deeperdarker(4)
 - minecells:prison: 
     net.minecraft.class_2897@69d58445 
     class_1992 (4ae47e88)
         biomes     = 1
         namespaces = minecells(1)
 - ad_astra:mars_orbit: 
     net.minecraft.class_3754@7b5d6076 
     class_1992 (6ed539e4)
         biomes     = 1
         namespaces = ad_astra(1)
 - minecraft:the_end: 
     BCLib - Chunk Generator (7b35321) 
     BCLib - The End  BiomeSource (1ac472)
         biomes     = 28
         namespaces = betterend(19), eldritch_end(2), minecraft(5), promenade(2)
         seed       = 6643095480183857148
         height     = 128
         deciders   = 1
         config     = BCLEndBiomeSourceConfig{mapVersion=hex, generatorVersion=paulevs, withVoidBiomes=true, innerVoidRadiusSquared=1048576, voidBiomesSize=256, centerBiomesSize=256, landBiomesSize=256, barrensBiomesSize=256}
 - ad_astra:mars: 
     net.minecraft.class_3754@2890e4c8 
     class_4766 (5701f8fb)
         biomes     = 3
         namespaces = ad_astra(3)
 - ad_astra:glacio: 
     net.minecraft.class_3754@6d22aa33 
     class_4766 (357136a6)
         biomes     = 2
         namespaces = ad_astra(2)
 - ad_astra:glacio_orbit: 
     net.minecraft.class_3754@7d6c3931 
     class_1992 (5c880ebe)
         biomes     = 1
         namespaces = ad_astra(1)
 - prominent:vaaz_assault_build: 
     net.minecraft.class_2897@605b57e6 
     class_1992 (1b5506d2)
         biomes     = 1
         namespaces = prominent(1)
 - prominent:vaaz_present_build: 
     net.minecraft.class_2897@4fc25981 
     class_1992 (434bf363)
         biomes     = 1
         namespaces = prominent(1)
[13:51:03] [Server thread/INFO]: [bclib] Merged 22 additional Surface Rules for 
BCLib - Nether BiomeSource (348fb31d)
    biomes     = 32
    namespaces = betternether(22), regions_unexplored(5), minecraft(5)
    seed       = 6643095480183857148
    height     = 128
    config     = BCLibNetherBiomeSourceConfig{mapVersion=hex, useVerticalBiomes=true, amplified=false, biomeSize=256, biomeSizeVertical=86} => 74
[13:51:03] [Server thread/INFO]: [bclib] Merged 19 additional Surface Rules for 
BCLib - The End  BiomeSource (1ac472)
    biomes     = 28
    namespaces = betterend(19), eldritch_end(2), minecraft(5), promenade(2)
    seed       = 6643095480183857148
    height     = 128
    deciders   = 1
    config     = BCLEndBiomeSourceConfig{mapVersion=hex, generatorVersion=paulevs, withVoidBiomes=true, innerVoidRadiusSquared=1048576, voidBiomesSize=256, centerBiomesSize=256, landBiomesSize=256, barrensBiomesSize=256} => 20
[13:51:03] [Server thread/INFO]: Enforcing safe world random access
[13:51:03] [Netty Epoll Server IO #1/INFO]: Loaded config for: connectivity.json
[13:51:03] [Netty Epoll Server IO #1/WARN]: @ModifyConstant conflict. Skipping packetfixer.v1_19_3.fabric.mixins.json:v1_19_3_fabric.PacketEncoderMixin from mod packetfixer->@ModifyConstant::packetfixer$newSize(I)I with priority 1000, already redirected by connectivity.mixins.json:PacketEncoderMixin from mod connectivity->@ModifyConstant::modifyLimit(ILio/netty/channel/ChannelHandlerContext;Lnet/minecraft/class_2596;Lio/netty/buffer/ByteBuf;)I with priority 1000
[13:51:03] [Netty Epoll Server IO #1/INFO]: Mixing server.MixinServerboundChatCommandPacket from mixins/common/nochatreports.mixins.json into net.minecraft.class_7472
[13:51:03] [Netty Epoll Server IO #1/INFO]: Mixing server.MixinServerboundChatPacket from mixins/common/nochatreports.mixins.json into net.minecraft.class_2797
[13:51:03] [Netty Epoll Server IO #1/INFO]: Mixing server.MixinServerboundChatSessionUpdatePacket from mixins/common/nochatreports.mixins.json into net.minecraft.class_7861
[13:51:03] [Server thread/WARN]: Lithium Class Analysis Error: Class org.betterx.bclib.blocks.BaseBlock cannot be analysed, because getting declared methods crashes with NoClassDefFoundError: net/minecraft/class_793. This is usually caused by modded entities declaring methods that have a return type or parameter type that is annotated with @Environment(value=EnvType.CLIENT). Loading the type is not possible, because it only exists in the CLIENT environment. The recommended fix is to annotate the method with this argument or return type with the same annotation. Lithium handles this error by assuming the class cannot be included in some optimizations.
[13:51:03] [Server thread/WARN]: Lithium Class Analysis Error: Class org.betterx.bclib.blocks.BaseBlock cannot be analysed, because getting declared methods crashes with NoClassDefFoundError: net/minecraft/class_793. This is usually caused by modded entities declaring methods that have a return type or parameter type that is annotated with @Environment(value=EnvType.CLIENT). Loading the type is not possible, because it only exists in the CLIENT environment. The recommended fix is to annotate the method with this argument or return type with the same annotation. Lithium handles this error by assuming the class cannot be included in some optimizations.
[13:51:03] [Server thread/WARN]: Lithium Class Analysis Error: Class org.betterx.bclib.blocks.BaseBlock cannot be analysed, because getting declared methods crashes with NoClassDefFoundError: net/minecraft/class_793. This is usually caused by modded entities declaring methods that have a return type or parameter type that is annotated with @Environment(value=EnvType.CLIENT). Loading the type is not possible, because it only exists in the CLIENT environment. The recommended fix is to annotate the method with this argument or return type with the same annotation. Lithium handles this error by assuming the class cannot be included in some optimizations.
[13:51:03] [Server thread/WARN]: Lithium Class Analysis Error: Class org.betterx.bclib.blocks.BaseBlock cannot be analysed, because getting declared methods crashes with NoClassDefFoundError: net/minecraft/class_793. This is usually caused by modded entities declaring methods that have a return type or parameter type that is annotated with @Environment(value=EnvType.CLIENT). Loading the type is not possible, because it only exists in the CLIENT environment. The recommended fix is to annotate the method with this argument or return type with the same annotation. Lithium handles this error by assuming the class cannot be included in some optimizations.
[13:51:03] [Server thread/WARN]: Lithium Class Analysis Error: Class org.betterx.bclib.blocks.BaseBlock cannot be analysed, because getting declared methods crashes with NoClassDefFoundError: net/minecraft/class_793. This is usually caused by modded entities declaring methods that have a return type or parameter type that is annotated with @Environment(value=EnvType.CLIENT). Loading the type is not possible, because it only exists in the CLIENT environment. The recommended fix is to annotate the method with this argument or return type with the same annotation. Lithium handles this error by assuming the class cannot be included in some optimizations.
[13:51:03] [Server thread/WARN]: Lithium Class Analysis Error: Class org.betterx.bclib.blocks.BaseBlock cannot be analysed, because getting declared methods crashes with NoClassDefFoundError: net/minecraft/class_793. This is usually caused by modded entities declaring methods that have a return type or parameter type that is annotated with @Environment(value=EnvType.CLIENT). Loading the type is not possible, because it only exists in the CLIENT environment. The recommended fix is to annotate the method with this argument or return type with the same annotation. Lithium handles this error by assuming the class cannot be included in some optimizations.
[13:51:03] [Server thread/WARN]: Lithium Class Analysis Error: Class org.betterx.bclib.blocks.BaseBlock cannot be analysed, because getting declared methods crashes with NoClassDefFoundError: net/minecraft/class_793. This is usually caused by modded entities declaring methods that have a return type or parameter type that is annotated with @Environment(value=EnvType.CLIENT). Loading the type is not possible, because it only exists in the CLIENT environment. The recommended fix is to annotate the method with this argument or return type with the same annotation. Lithium handles this error by assuming the class cannot be included in some optimizations.
[13:51:03] [Server thread/WARN]: Lithium Class Analysis Error: Class org.betterx.bclib.blocks.BaseBlock cannot be analysed, because getting declared methods crashes with NoClassDefFoundError: net/minecraft/class_793. This is usually caused by modded entities declaring methods that have a return type or parameter type that is annotated with @Environment(value=EnvType.CLIENT). Loading the type is not possible, because it only exists in the CLIENT environment. The recommended fix is to annotate the method with this argument or return type with the same annotation. Lithium handles this error by assuming the class cannot be included in some optimizations.
[13:51:03] [Server thread/WARN]: Lithium Class Analysis Error: Class org.betterx.bclib.blocks.BaseBlock cannot be analysed, because getting declared methods crashes with NoClassDefFoundError: net/minecraft/class_793. This is usually caused by modded entities declaring methods that have a return type or parameter type that is annotated with @Environment(value=EnvType.CLIENT). Loading the type is not possible, because it only exists in the CLIENT environment. The recommended fix is to annotate the method with this argument or return type with the same annotation. Lithium handles this error by assuming the class cannot be included in some optimizations.
[13:51:03] [Server thread/WARN]: Lithium Class Analysis Error: Class org.betterx.bclib.blocks.BaseBlock cannot be analysed, because getting declared methods crashes with NoClassDefFoundError: net/minecraft/class_793. This is usually caused by modded entities declaring methods that have a return type or parameter type that is annotated with @Environment(value=EnvType.CLIENT). Loading the type is not possible, because it only exists in the CLIENT environment. The recommended fix is to annotate the method with this argument or return type with the same annotation. Lithium handles this error by assuming the class cannot be included in some optimizations.
[13:51:03] [Server thread/WARN]: Lithium Class Analysis Error: Class org.betterx.bclib.blocks.BaseBlock cannot be analysed, because getting declared methods crashes with NoClassDefFoundError: net/minecraft/class_793. This is usually caused by modded entities declaring methods that have a return type or parameter type that is annotated with @Environment(value=EnvType.CLIENT). Loading the type is not possible, because it only exists in the CLIENT environment. The recommended fix is to annotate the method with this argument or return type with the same annotation. Lithium handles this error by assuming the class cannot be included in some optimizations.
[13:51:03] [Server thread/WARN]: Lithium Class Analysis Error: Class org.betterx.bclib.blocks.BaseBlock cannot be analysed, because getting declared methods crashes with NoClassDefFoundError: net/minecraft/class_793. This is usually caused by modded entities declaring methods that have a return type or parameter type that is annotated with @Environment(value=EnvType.CLIENT). Loading the type is not possible, because it only exists in the CLIENT environment. The recommended fix is to annotate the method with this argument or return type with the same annotation. Lithium handles this error by assuming the class cannot be included in some optimizations.
[13:51:03] [Server thread/WARN]: Lithium Class Analysis Error: Class org.betterx.bclib.blocks.BaseBlock cannot be analysed, because getting declared methods crashes with NoClassDefFoundError: net/minecraft/class_793. This is usually caused by modded entities declaring methods that have a return type or parameter type that is annotated with @Environment(value=EnvType.CLIENT). Loading the type is not possible, because it only exists in the CLIENT environment. The recommended fix is to annotate the method with this argument or return type with the same annotation. Lithium handles this error by assuming the class cannot be included in some optimizations.
[13:51:03] [Server thread/WARN]: Lithium Class Analysis Error: Class org.betterx.bclib.blocks.BaseBlock cannot be analysed, because getting declared methods crashes with NoClassDefFoundError: net/minecraft/class_793. This is usually caused by modded entities declaring methods that have a return type or parameter type that is annotated with @Environment(value=EnvType.CLIENT). Loading the type is not possible, because it only exists in the CLIENT environment. The recommended fix is to annotate the method with this argument or return type with the same annotation. Lithium handles this error by assuming the class cannot be included in some optimizations.
[13:51:03] [Server thread/WARN]: Lithium Class Analysis Error: Class org.betterx.bclib.blocks.BaseBlock cannot be analysed, because getting declared methods crashes with NoClassDefFoundError: net/minecraft/class_793. This is usually caused by modded entities declaring methods that have a return type or parameter type that is annotated with @Environment(value=EnvType.CLIENT). Loading the type is not possible, because it only exists in the CLIENT environment. The recommended fix is to annotate the method with this argument or return type with the same annotation. Lithium handles this error by assuming the class cannot be included in some optimizations.
[13:51:03] [Server thread/WARN]: Lithium Class Analysis Error: Class org.betterx.bclib.blocks.BaseBlock cannot be analysed, because getting declared methods crashes with NoClassDefFoundError: net/minecraft/class_793. This is usually caused by modded entities declaring methods that have a return type or parameter type that is annotated with @Environment(value=EnvType.CLIENT). Loading the type is not possible, because it only exists in the CLIENT environment. The recommended fix is to annotate the method with this argument or return type with the same annotation. Lithium handles this error by assuming the class cannot be included in some optimizations.
[13:51:03] [Server thread/WARN]: Lithium Class Analysis Error: Class org.betterx.bclib.blocks.BaseBlock cannot be analysed, because getting declared methods crashes with NoClassDefFoundError: net/minecraft/class_793. This is usually caused by modded entities declaring methods that have a return type or parameter type that is annotated with @Environment(value=EnvType.CLIENT). Loading the type is not possible, because it only exists in the CLIENT environment. The recommended fix is to annotate the method with this argument or return type with the same annotation. Lithium handles this error by assuming the class cannot be included in some optimizations.
[13:51:03] [Server thread/WARN]: Lithium Class Analysis Error: Class org.betterx.bclib.blocks.BaseBlock cannot be analysed, because getting declared methods crashes with NoClassDefFoundError: net/minecraft/class_793. This is usually caused by modded entities declaring methods that have a return type or parameter type that is annotated with @Environment(value=EnvType.CLIENT). Loading the type is not possible, because it only exists in the CLIENT environment. The recommended fix is to annotate the method with this argument or return type with the same annotation. Lithium handles this error by assuming the class cannot be included in some optimizations.
[13:51:03] [Server thread/WARN]: Lithium Class Analysis Error: Class org.betterx.bclib.blocks.BaseBlock cannot be analysed, because getting declared methods crashes with NoClassDefFoundError: net/minecraft/class_793. This is usually caused by modded entities declaring methods that have a return type or parameter type that is annotated with @Environment(value=EnvType.CLIENT). Loading the type is not possible, because it only exists in the CLIENT environment. The recommended fix is to annotate the method with this argument or return type with the same annotation. Lithium handles this error by assuming the class cannot be included in some optimizations.
[13:51:03] [Server thread/WARN]: Lithium Class Analysis Error: Class org.betterx.bclib.blocks.BaseBlock cannot be analysed, because getting declared methods crashes with NoClassDefFoundError: net/minecraft/class_793. This is usually caused by modded entities declaring methods that have a return type or parameter type that is annotated with @Environment(value=EnvType.CLIENT). Loading the type is not possible, because it only exists in the CLIENT environment. The recommended fix is to annotate the method with this argument or return type with the same annotation. Lithium handles this error by assuming the class cannot be included in some optimizations.
[13:51:03] [Server thread/WARN]: Lithium Class Analysis Error: Class org.betterx.bclib.blocks.BaseBlock cannot be analysed, because getting declared methods crashes with NoClassDefFoundError: net/minecraft/class_793. This is usually caused by modded entities declaring methods that have a return type or parameter type that is annotated with @Environment(value=EnvType.CLIENT). Loading the type is not possible, because it only exists in the CLIENT environment. The recommended fix is to annotate the method with this argument or return type with the same annotation. Lithium handles this error by assuming the class cannot be included in some optimizations.
[13:51:03] [Server thread/WARN]: Lithium Class Analysis Error: Class org.betterx.bclib.blocks.BaseBlock cannot be analysed, because getting declared methods crashes with NoClassDefFoundError: net/minecraft/class_793. This is usually caused by modded entities declaring methods that have a return type or parameter type that is annotated with @Environment(value=EnvType.CLIENT). Loading the type is not possible, because it only exists in the CLIENT environment. The recommended fix is to annotate the method with this argument or return type with the same annotation. Lithium handles this error by assuming the class cannot be included in some optimizations.
[13:51:03] [Server thread/WARN]: Lithium Class Analysis Error: Class org.betterx.bclib.blocks.BaseBlock cannot be analysed, because getting declared methods crashes with NoClassDefFoundError: net/minecraft/class_793. This is usually caused by modded entities declaring methods that have a return type or parameter type that is annotated with @Environment(value=EnvType.CLIENT). Loading the type is not possible, because it only exists in the CLIENT environment. The recommended fix is to annotate the method with this argument or return type with the same annotation. Lithium handles this error by assuming the class cannot be included in some optimizations.
[13:51:03] [Server thread/WARN]: Lithium Class Analysis Error: Class org.betterx.bclib.blocks.BaseBlock cannot be analysed, because getting declared methods crashes with NoClassDefFoundError: net/minecraft/class_793. This is usually caused by modded entities declaring methods that have a return type or parameter type that is annotated with @Environment(value=EnvType.CLIENT). Loading the type is not possible, because it only exists in the CLIENT environment. The recommended fix is to annotate the method with this argument or return type with the same annotation. Lithium handles this error by assuming the class cannot be included in some optimizations.
[13:51:03] [Server thread/WARN]: Lithium Class Analysis Error: Class org.betterx.bclib.blocks.BaseBlock cannot be analysed, because getting declared methods crashes with NoClassDefFoundError: net/minecraft/class_793. This is usually caused by modded entities declaring methods that have a return type or parameter type that is annotated with @Environment(value=EnvType.CLIENT). Loading the type is not possible, because it only exists in the CLIENT environment. The recommended fix is to annotate the method with this argument or return type with the same annotation. Lithium handles this error by assuming the class cannot be included in some optimizations.
[13:51:03] [Server thread/WARN]: Lithium Class Analysis Error: Class org.betterx.bclib.blocks.BaseBlock cannot be analysed, because getting declared methods crashes with NoClassDefFoundError: net/minecraft/class_793. This is usually caused by modded entities declaring methods that have a return type or parameter type that is annotated with @Environment(value=EnvType.CLIENT). Loading the type is not possible, because it only exists in the CLIENT environment. The recommended fix is to annotate the method with this argument or return type with the same annotation. Lithium handles this error by assuming the class cannot be included in some optimizations.
[13:51:03] [Server thread/WARN]: Lithium Class Analysis Error: Class org.betterx.bclib.blocks.BaseBlock cannot be analysed, because getting declared methods crashes with NoClassDefFoundError: net/minecraft/class_793. This is usually caused by modded entities declaring methods that have a return type or parameter type that is annotated with @Environment(value=EnvType.CLIENT). Loading the type is not possible, because it only exists in the CLIENT environment. The recommended fix is to annotate the method with this argument or return type with the same annotation. Lithium handles this error by assuming the class cannot be included in some optimizations.
[13:51:03] [Server thread/WARN]: Lithium Class Analysis Error: Class org.betterx.bclib.blocks.BaseBlock cannot be analysed, because getting declared methods crashes with NoClassDefFoundError: net/minecraft/class_793. This is usually caused by modded entities declaring methods that have a return type or parameter type that is annotated with @Environment(value=EnvType.CLIENT). Loading the type is not possible, because it only exists in the CLIENT environment. The recommended fix is to annotate the method with this argument or return type with the same annotation. Lithium handles this error by assuming the class cannot be included in some optimizations.
[13:51:03] [Server thread/WARN]: Lithium Class Analysis Error: Class org.betterx.bclib.blocks.BaseLeavesBlock cannot be analysed, because getting declared methods crashes with NoClassDefFoundError: net/minecraft/class_793. This is usually caused by modded entities declaring methods that have a return type or parameter type that is annotated with @Environment(value=EnvType.CLIENT). Loading the type is not possible, because it only exists in the CLIENT environment. The recommended fix is to annotate the method with this argument or return type with the same annotation. Lithium handles this error by assuming the class cannot be included in some optimizations.
[13:51:03] [Server thread/WARN]: Lithium Class Analysis Error: Class org.betterx.bclib.blocks.BaseLeavesBlock cannot be analysed, because getting declared methods crashes with NoClassDefFoundError: net/minecraft/class_793. This is usually caused by modded entities declaring methods that have a return type or parameter type that is annotated with @Environment(value=EnvType.CLIENT). Loading the type is not possible, because it only exists in the CLIENT environment. The recommended fix is to annotate the method with this argument or return type with the same annotation. Lithium handles this error by assuming the class cannot be included in some optimizations.
[13:51:03] [Server thread/WARN]: Lithium Class Analysis Error: Class org.betterx.bclib.blocks.BaseLeavesBlock cannot be analysed, because getting declared methods crashes with NoClassDefFoundError: net/minecraft/class_793. This is usually caused by modded entities declaring methods that have a return type or parameter type that is annotated with @Environment(value=EnvType.CLIENT). Loading the type is not possible, because it only exists in the CLIENT environment. The recommended fix is to annotate the method with this argument or return type with the same annotation. Lithium handles this error by assuming the class cannot be included in some optimizations.
[13:51:03] [Server thread/WARN]: Lithium Class Analysis Error: Class org.betterx.bclib.blocks.BaseLeavesBlock cannot be analysed, because getting declared methods crashes with NoClassDefFoundError: net/minecraft/class_793. This is usually caused by modded entities declaring methods that have a return type or parameter type that is annotated with @Environment(value=EnvType.CLIENT). Loading the type is not possible, because it only exists in the CLIENT environment. The recommended fix is to annotate the method with this argument or return type with the same annotation. Lithium handles this error by assuming the class cannot be included in some optimizations.
[13:51:03] [Server thread/WARN]: Lithium Class Analysis Error: Class org.betterx.bclib.blocks.BaseLeavesBlock cannot be analysed, because getting declared methods crashes with NoClassDefFoundError: net/minecraft/class_793. This is usually caused by modded entities declaring methods that have a return type or parameter type that is annotated with @Environment(value=EnvType.CLIENT). Loading the type is not possible, because it only exists in the CLIENT environment. The recommended fix is to annotate the method with this argument or return type with the same annotation. Lithium handles this error by assuming the class cannot be included in some optimizations.
[13:51:03] [Server thread/WARN]: Lithium Class Analysis Error: Class org.betterx.bclib.blocks.BaseLeavesBlock cannot be analysed, because getting declared methods crashes with NoClassDefFoundError: net/minecraft/class_793. This is usually caused by modded entities declaring methods that have a return type or parameter type that is annotated with @Environment(value=EnvType.CLIENT). Loading the type is not possible, because it only exists in the CLIENT environment. The recommended fix is to annotate the method with this argument or return type with the same annotation. Lithium handles this error by assuming the class cannot be included in some optimizations.
[13:51:03] [Server thread/WARN]: Lithium Class Analysis Error: Class org.betterx.bclib.blocks.BaseBlock cannot be analysed, because getting declared methods crashes with NoClassDefFoundError: net/minecraft/class_793. This is usually caused by modded entities declaring methods that have a return type or parameter type that is annotated with @Environment(value=EnvType.CLIENT). Loading the type is not possible, because it only exists in the CLIENT environment. The recommended fix is to annotate the method with this argument or return type with the same annotation. Lithium handles this error by assuming the class cannot be included in some optimizations.
[13:51:03] [Server thread/WARN]: Lithium Class Analysis Error: Class org.betterx.bclib.blocks.BaseBlock cannot be analysed, because getting declared methods crashes with NoClassDefFoundError: net/minecraft/class_793. This is usually caused by modded entities declaring methods that have a return type or parameter type that is annotated with @Environment(value=EnvType.CLIENT). Loading the type is not possible, because it only exists in the CLIENT environment. The recommended fix is to annotate the method with this argument or return type with the same annotation. Lithium handles this error by assuming the class cannot be included in some optimizations.
[13:51:03] [Server thread/INFO]: Ignoring world 'ad_astra:mercury_orbit'; unknown dimension type: ad_astra:mercury_orbit
[13:51:03] [Server thread/INFO]: Ignoring world 'aquamirae:the_maelstrom'; unknown dimension type: aquamirae:the_maelstrom
[13:51:03] [Server thread/INFO]: Ignoring world 'ad_astra:moon_orbit'; unknown dimension type: ad_astra:moon_orbit
[13:51:03] [Server thread/INFO]: Ignoring world 'ad_astra:earth_orbit'; unknown dimension type: ad_astra:earth_orbit
[13:51:03] [Server thread/INFO]: Ignoring world 'the_bumblezone:the_bumblezone'; unknown dimension type: the_bumblezone:the_bumblezone
[13:51:03] [Server thread/INFO]: Ignoring world 'minecells:black_bridge'; unknown dimension type: minecells:black_bridge
[13:51:03] [Server thread/INFO]: Ignoring world 'ad_astra:venus_orbit'; unknown dimension type: ad_astra:venus_orbit
[13:51:03] [Server thread/INFO]: Ignoring world 'prominent:vaaz_past_build'; unknown dimension type: prominent:cinderstone_depths
[13:51:03] [Server thread/INFO]: Ignoring world 'ad_astra:venus'; unknown dimension type: ad_astra:venus
[13:51:03] [Server thread/INFO]: Ignoring world 'prominent:vaaz_volcano'; unknown dimension type: prominent:cinderstone_depths
[13:51:03] [Server thread/INFO]: Ignoring world 'spellbladenext:glassocean'; unknown dimension type: spellbladenext:glassocean
[13:51:03] [Server thread/INFO]: Ignoring world 'prominent:vaaz_past'; unknown dimension type: prominent:cinderstone_depths
[13:51:04] [Server thread/INFO]: Ignoring world 'graveyard:past'; unknown dimension type: graveyard:past
[13:51:04] [Server thread/INFO]: Ignoring world 'prominent:vaaz_assault'; unknown dimension type: prominent:cinderstone_depths
[13:51:04] [Server thread/INFO]: Ignoring world 'prominent:vaaz_present'; unknown dimension type: prominent:cinderstone_depths
[13:51:04] [Server thread/INFO]: Ignoring world 'minecells:insufferable_crypt'; unknown dimension type: minecells:prison
[13:51:04] [Server thread/INFO]: Ignoring world 'minecells:promenade'; unknown dimension type: minecells:promenade
[13:51:04] [Server thread/INFO]: Ignoring world 'prominent:cinderstone_depths'; unknown dimension type: prominent:cinderstone_depths
[13:51:04] [Server thread/INFO]: Ignoring world 'ad_astra:mercury'; unknown dimension type: ad_astra:mercury
[13:51:04] [Server thread/INFO]: Ignoring world 'minecells:ramparts'; unknown dimension type: minecells:ramparts
[13:51:04] [Server thread/INFO]: Ignoring world 'ad_astra:moon'; unknown dimension type: ad_astra:moon
[13:51:04] [Server thread/INFO]: Ignoring world 'deeperdarker:otherside'; unknown dimension type: deeperdarker:otherside
[13:51:04] [Server thread/INFO]: Ignoring world 'minecells:prison'; unknown dimension type: minecells:prison
[13:51:04] [Server thread/INFO]: Ignoring world 'ad_astra:mars_orbit'; unknown dimension type: ad_astra:mars_orbit
[13:51:04] [Server thread/INFO]: Ignoring world 'ad_astra:mars'; unknown dimension type: ad_astra:mars
[13:51:04] [Server thread/INFO]: Ignoring world 'ad_astra:glacio'; unknown dimension type: ad_astra:glacio
[13:51:04] [Server thread/INFO]: Ignoring world 'ad_astra:glacio_orbit'; unknown dimension type: ad_astra:glacio_orbit
[13:51:04] [Server thread/INFO]: Ignoring world 'prominent:vaaz_assault_build'; unknown dimension type: prominent:cinderstone_depths
[13:51:04] [Server thread/INFO]: Ignoring world 'prominent:vaaz_present_build'; unknown dimension type: prominent:cinderstone_depths
[13:51:04] [Server thread/INFO]: Ignoring world 'ae2:spatial_storage'; unknown dimension type: ae2:spatial_storage
[13:51:04] [Server thread/INFO]: Loading dimension "minecraft:the_nether" with biome source: "bclib:nether_biome_source".
[13:51:04] [Server thread/WARN]: Non-unique structure_set salt:0 potentially creating overlapping structures detected. Structure sets: [minecraft:mineshafts, minecraft:strongholds, minecraft:buried_treasures]
[13:51:04] [Server thread/WARN]: Non-unique structure_set salt:2043237625 potentially creating overlapping structures detected. Structure sets: [minecells:promenade, minecells:black_bridge_walls]
[13:51:04] [Server thread/WARN]: Non-unique structure_set salt:10387313 potentially creating overlapping structures detected. Structure sets: [minecraft:ocean_monuments, minecraft:end_cities]
[13:51:04] [Server thread/WARN]: Non-unique structure_set salt:1646207470 potentially creating overlapping structures detected. Structure sets: [mobs_of_mythology:automaton_structure, soulsweapons:overworld_structures]
[13:51:04] [Server thread/WARN]: Non-unique structure_set salt:2043237655 potentially creating overlapping structures detected. Structure sets: [minecells:prison, minecells:promenade_wall_z, minecells:promenade_wall_x, minecells:insufferable_crypt, minecells:black_bridge, minecells:overworld_portal, minecells:ramparts]
[13:51:04] [Server thread/WARN]: Non-unique structure_set salt:784827271 potentially creating overlapping structures detected. Structure sets: [betterfortresses:fortress, betteroceanmonuments:ocean_monument]
[13:51:04] [Server thread/WARN]: Non-unique structure_set salt:265792644 potentially creating overlapping structures detected. Structure sets: [philipsruins:ancient_crypt, philipsruins:end_ruins]
[13:51:04] [Server thread/WARN]: Non-unique structure_set salt:165745295 potentially creating overlapping structures detected. Structure sets: [aquamirae:shipwreck, minecraft:shipwrecks]
[13:51:04] [Server thread/WARN]: Non-unique structure_set salt:499672 potentially creating overlapping structures detected. Structure sets: [bosses_of_mass_destruction:obsidilith_arena, bosses_of_mass_destruction:gauntlet_arena]
[13:51:04] [Server thread/WARN]: Non-unique structure_set salt:14357620 potentially creating overlapping structures detected. Structure sets: [minecraft:swamp_huts, promenade:witch_huts]
[13:51:04] [Server thread/WARN]: Non-unique structure_set salt:598017285 potentially creating overlapping structures detected. Structure sets: [graveyard:small_desert_graveyard_structure, graveyard:small_graveyard_structure]
[13:51:04] [Server thread/WARN]: Non-unique structure_set salt:1982700828 potentially creating overlapping structures detected. Structure sets: [integrated_villages:regular_villages, integrated_villages:air_villages]
[13:51:04] [Server thread/INFO]: Preparing start region for dimension minecraft:overworld
[13:51:04] [Server thread/WARN]: Method overwrite conflict for removeIf in modernfix-common.mixins.json:bugfix.paper_chunk_patches.SortedArraySetMixin from mod modernfix, previously written by me.jellysquid.mods.lithium.mixin.world.chunk_tickets.SortedArraySetMixin. Skipping method.
[13:51:04] [Server thread/WARN]: @Redirect conflict. Skipping mixins.redirected_fabric_1.20.1.json:net.minecraft.world.level.block.piston.PistonStructureResolverMixin from mod redirected->@Redirect::redirectDirections()[Lnet/minecraft/class_2350; with priority 10, already redirected by lithium.mixins.json:alloc.enum_values.piston_handler.PistonHandlerMixin from mod lithium->@Redirect::removeAllocation()[Lnet/minecraft/class_2350; with priority 1000
[13:51:05] [Server thread/INFO]: Preparing spawn area: 0%
[13:51:05] [Server thread/INFO]: Preparing spawn area: 0%
[13:51:05] [Server thread/INFO]: Preparing spawn area: 0%
[13:51:05] [Server thread/INFO]: Preparing spawn area: 0%
[13:51:06] [Server thread/INFO]: Preparing spawn area: 0%
[13:51:06] [Server thread/WARN]: Method overwrite conflict for computeValue in spellbladenext.mixins.json:AttributeMixin from mod spellbladenext, previously written by com.extraspellattributes.mixin.AttributeMixin. Skipping method.
[13:51:06] [Server thread/WARN]: Method overwrite conflict for computeAdded in spellbladenext.mixins.json:AttributeMixin from mod spellbladenext, previously written by com.extraspellattributes.mixin.AttributeMixin. Skipping method.
[13:51:06] [Worker-Main-6/INFO]: Preparing spawn area: 95%
[13:51:07] [Worker-Main-3/INFO]: Preparing spawn area: 95%
[13:51:07] [Worker-Main-6/INFO]: Preparing spawn area: 95%
[13:51:08] [Worker-Main-2/INFO]: Preparing spawn area: 95%
[13:51:08] [Worker-Main-4/INFO]: Preparing spawn area: 95%
[13:51:09] [Worker-Main-6/INFO]: Preparing spawn area: 95%
[13:51:09] [Worker-Main-7/INFO]: Preparing spawn area: 95%
[13:51:10] [Worker-Main-6/INFO]: Preparing spawn area: 95%
[13:51:10] [Worker-Main-2/INFO]: Preparing spawn area: 95%
[13:51:11] [Worker-Main-6/INFO]: Preparing spawn area: 95%
[13:51:11] [Worker-Main-2/INFO]: Preparing spawn area: 95%
[13:51:12] [Worker-Main-1/INFO]: Preparing spawn area: 96%
[13:51:12] [Worker-Main-2/INFO]: Preparing spawn area: 98%
[13:51:12] [Server thread/INFO]: Time elapsed: 8755 ms
[13:51:12] [Server thread/INFO]: Done (9.927s)! For help, type "help"
[13:51:12] [Server thread/WARN]: Dedicated server took 55.607 seconds to load
[13:51:12] [Server thread/ERROR]: Couldn't load the given entries within tag alloy_forgery:blacklisted_blasting_recipes: minecraft:coal_from_blasting_coal_ore (from fabric), minecraft:coal_from_blasting_deepslate_coal_ore (from fabric)
[13:51:12] [Server thread/INFO]: Loading quests from /home/ubuntu/minecraft-prominence-2-hasturian-era/config/ftbquests/quests
[13:51:13] [Server thread/INFO]: Loaded 8 chapter groups, 31 chapters, 1780 quests, 13 reward tables
[13:51:13] [Server thread/INFO]: Encoded Weapon Attribute registry size: 412941 bytes (uncompressed), 22592 bytes (compressed), compression ratio: 94.5% (in 3 string chunks with the size of 10000)
[13:51:13] [Server thread/INFO]: Loaded config for: clickadv.json
[13:51:13] [Server thread/INFO]: Loaded config for: dragonfight.json
[13:51:13] [Server thread/INFO]: Loaded config for: smoothchunk.json
[13:51:13] [Server thread/INFO]: [STDOUT]: PREPARING FOR RELOAD
[13:51:15] [Server thread/INFO]: Start loading plugin from Applied Energistics 2
[13:51:15] [Server thread/INFO]: Start loading plugin from Balm
[13:51:15] [Server thread/INFO]: Start loading plugin from ExtendedAE
[13:51:15] [Server thread/INFO]: Start loading plugin from Jade
[13:51:15] [Server thread/INFO]: Start loading plugin from Jade
[13:51:15] [Server thread/INFO]: Start loading plugin from Jade
[13:51:15] [Server thread/INFO]: Start loading plugin from Jade Addons
[13:51:15] [Server thread/INFO]: Start loading plugin from Supplementaries
[13:51:15] [Server thread/INFO]: Start loading plugin from HT's TreeChop
[13:51:15] [Server thread/INFO]: Start loading plugin from Zenith Renewed
[13:51:15] [Server thread/INFO]: Start loading plugin from Zenith Renewed
[13:51:15] [Server thread/INFO]: Start loading plugin from Zenith Renewed
[13:51:15] [Server thread/INFO]: File exists, reading config for elocindev.prominentbase.mythicchallenge.MythicScalingConfig.
[13:51:15] [Server thread/INFO]: Config for elocindev.prominentbase.mythicchallenge.MythicScalingConfig read successfully.
[13:51:15] [Server thread/INFO]: [STDOUT]: [SimplyCompat] Loaded ./config/simplycompat.json
[13:51:16] [Server thread/INFO]: Loaded 0 items attribute modifier(s)
[13:51:16] [Server thread/INFO]: (Re-)initialised bulk cell compression.
[13:51:16] [Server thread/INFO]: Loaded values for 167 compatible attributes.
[13:51:16] [Server thread/WARN]: Attribute ID 'puffish_skills:player.ranged_damage' does not belong to a known attribute. This entry will be ignored.
[13:51:16] [Server thread/WARN]: Attribute ID 'spellbladenext:converttofire' does not belong to a known attribute. This entry will be ignored.
[13:51:16] [Server thread/WARN]: Attribute ID 'spellbladenext:converttoarcane' does not belong to a known attribute. This entry will be ignored.
[13:51:16] [Server thread/WARN]: Attribute ID 'puffish_skills:player.fortune' does not belong to a known attribute. This entry will be ignored.
[13:51:16] [Server thread/WARN]: Attribute ID 'spellbladenext:warding' does not belong to a known attribute. This entry will be ignored.
[13:51:16] [Server thread/WARN]: Attribute ID 'additionalentityattributes:dig_speed' does not belong to a known attribute. This entry will be ignored.
[13:51:16] [Server thread/WARN]: Attribute ID 'spellbladenext:convertfromfrost' does not belong to a known attribute. This entry will be ignored.
[13:51:16] [Server thread/WARN]: Attribute ID 'additionalentityattributes:water_visibility' does not belong to a known attribute. This entry will be ignored.
[13:51:16] [Server thread/WARN]: Attribute ID 'minecraft:estrogen.boob_initial_size' does not belong to a known attribute. This entry will be ignored.
[13:51:16] [Server thread/WARN]: Attribute ID 'additionalentityattributes:critical_bonus_damage' does not belong to a known attribute. This entry will be ignored.
[13:51:16] [Server thread/WARN]: Attribute ID 'spellbladenext:convertfromarcane' does not belong to a known attribute. This entry will be ignored.
[13:51:16] [Server thread/WARN]: Attribute ID 'spellbladenext:convertfromfire' does not belong to a known attribute. This entry will be ignored.
[13:51:16] [Server thread/WARN]: Attribute ID 'prominent:ekavar_phase' does not belong to a known attribute. This entry will be ignored.
[13:51:16] [Server thread/WARN]: Attribute ID 'puffish_skills:player.knockback' does not belong to a known attribute. This entry will be ignored.
[13:51:16] [Server thread/WARN]: Attribute ID 'additionalentityattributes:dropped_experience' does not belong to a known attribute. This entry will be ignored.
[13:51:16] [Server thread/WARN]: Attribute ID 'minecraft:estrogen.boob_growing_start_time' does not belong to a known attribute. This entry will be ignored.
[13:51:16] [Server thread/WARN]: Attribute ID 'additionalentityattributes:lava_visibility' does not belong to a known attribute. This entry will be ignored.
[13:51:16] [Server thread/WARN]: Attribute ID 'death_knights:unholy' does not belong to a known attribute. This entry will be ignored.
[13:51:16] [Server thread/WARN]: Attribute ID 'puffish_skills:player.mining_speed' does not belong to a known attribute. This entry will be ignored.
[13:51:16] [Server thread/WARN]: Attribute ID 'additionalentityattributes:water_speed' does not belong to a known attribute. This entry will be ignored.
[13:51:16] [Server thread/WARN]: Attribute ID 'minecraft:estrogen.dash_level' does not belong to a known attribute. This entry will be ignored.
[13:51:16] [Server thread/WARN]: Attribute ID 'puffish_skills:player.jump' does not belong to a known attribute. This entry will be ignored.
[13:51:16] [Server thread/WARN]: Attribute ID 'additionalentityattributes:magic_protection' does not belong to a known attribute. This entry will be ignored.
[13:51:16] [Server thread/WARN]: Attribute ID 'additionalentityattributes:bonus_loot_count_rolls' does not belong to a known attribute. This entry will be ignored.
[13:51:16] [Server thread/WARN]: Attribute ID 'additionalentityattributes:lung_capacity' does not belong to a known attribute. This entry will be ignored.
[13:51:16] [Server thread/WARN]: Attribute ID 'puffish_skills:player.resistance' does not belong to a known attribute. This entry will be ignored.
[13:51:16] [Server thread/WARN]: Attribute ID 'death_knights:blood' does not belong to a known attribute. This entry will be ignored.
[13:51:16] [Server thread/WARN]: Attribute ID 'spellbladenext:converttofrost' does not belong to a known attribute. This entry will be ignored.
[13:51:16] [Server thread/WARN]: Attribute ID 'puffish_skills:player.stamina' does not belong to a known attribute. This entry will be ignored.
[13:51:16] [Server thread/WARN]: Attribute ID 'puffish_skills:player.healing' does not belong to a known attribute. This entry will be ignored.
[13:51:16] [Server thread/WARN]: Attribute ID 'puffish_skills:player.sprinting_speed' does not belong to a known attribute. This entry will be ignored.
[13:51:16] [Server thread/WARN]: Attribute ID 'puffish_skills:player.melee_damage' does not belong to a known attribute. This entry will be ignored.
[13:51:16] [Server thread/WARN]: Attribute ID 'spellbladenext:converttoheal' does not belong to a known attribute. This entry will be ignored.
[13:51:16] [Server thread/WARN]: Attribute ID 'additionalentityattributes:lava_speed' does not belong to a known attribute. This entry will be ignored.
[13:51:16] [Server thread/WARN]: Attribute ID 'additionalentityattributes:bonus_rare_loot_rolls' does not belong to a known attribute. This entry will be ignored.
[13:51:16] [Server thread/WARN]: Attribute ID 'minecraft:estrogen.current_dashes' does not belong to a known attribute. This entry will be ignored.
[13:51:16] [Server thread/INFO]: Loaded 217 values from config.
[13:51:16] [Server thread/INFO]: Saving config file. 217 entries.
[13:51:16] [Server thread/INFO]: Applying changes for 217 attributes.
[13:51:16] [Server thread/INFO]: Registered synced player tracker system: ftb_teams
[13:51:16] [Server thread/INFO]: Registered synced player tracker system: ftb_teams
[13:51:16] [Server thread/INFO]: Auto report config loaded for mod: "copycats"
[13:51:16] [Server thread/INFO]: Auto report config loaded for mod: "the_bumblezone"
[13:51:16] [Server thread/INFO]: Blacklist loaded for namespace: "the_bumblezone"
[13:51:16] [Server thread/INFO]: Mixing common.MixinServerStatus from mixins/common/nochatreports.mixins.json into net.minecraft.class_2926
[13:51:16] [Server thread/WARN]: Can't keep up! Is the server overloaded? Running 3877ms or 77 ticks behind
[13:51:16] [Server thread/INFO]: Loading Xaero's Minimap - Stage 2/2 (Server)
[13:51:16] [Server thread/INFO]: Loading Xaero's World Map - Stage 2/2 (Server)
[13:51:18] [Server thread/INFO]: [STDOUT]: Finalizing fluid block registration
[13:51:36] [Server thread/INFO]: [Handshake] Sending channel query
[13:51:36] [Netty Epoll Server IO #10/INFO]: [Handshake] Receiving client channels
[13:51:36] [Netty Epoll Server IO #10/INFO]: [Handshake] Handshake completed successfully
[13:51:36] [Server thread/INFO]: Sylein1[/123.19.16.121:54041] logged in with entity id 253 at (2199.6980533847996, 64.0, -811.2420331889987)
[13:51:36] [Server thread/INFO]: Sending server config values to client
[13:51:36] [Server thread/INFO]: Started config sync for player Sylein1
[13:51:36] [Server thread/INFO]: Syncing config to Sylein1 (949425c5-f0c2-35ef-af70-85485fb6dd0d)
[13:51:37] [Server thread/INFO]: Loading config from file...
[13:51:37] [Server thread/ERROR]: [Load My F***ing Tags]: It seems that some tags are a bit cooked. Look at the Logs for more details on broken functions. 
[13:51:37] [Server thread/INFO]: [STDOUT]: Splitting recipes into 10 packets
[13:51:37] [Server thread/INFO]: [betternether] Freeze Registry[ResourceKey[minecraft:root / worlds_together:worldgen/betterx/surface_rules] (Stable)]
[13:51:37] [Server thread/INFO]: Sylein1 joined the game
[13:51:37] [Server thread/INFO]: Updating all forceload tickets for 949425c5-f0c2-35ef-af70-85485fb6dd0d
[13:51:37] [Server thread/INFO]: add_player wand
[13:51:37] [Server thread/INFO]: player_data {bleed:0,max_posture:201,parry_frames:0,posture:0,should_damage_riding:0b,target_max_posture:200,target_name:"",target_posture:0}
[13:51:38] [Server thread/INFO]: [STDOUT]: [SimplyCompat] Patched net.sweenus.simplyskills.abilities.compat.SimplySwordsGemEffects
[13:51:39] [Netty Epoll Server IO #10/INFO]: Receiving client config
[13:51:39] [Netty Epoll Server IO #10/INFO]: Channel update: Sylein1 -> default
[13:51:39] [Netty Epoll Server IO #10/INFO]: Priority overwritten for player Sylein1. Claiming: GRAVE / Robbing: INVENTORY
[13:51:39] [Netty Epoll Server IO #10/INFO]: Finished config sync
[13:51:41] [Server thread/WARN]: Can't keep up! Is the server overloaded? Running 2017ms or 40 ticks behind
[13:51:41] [Server thread/INFO]: [Handshake] Sending channel query
[13:51:41] [Netty Epoll Server IO #11/INFO]: [Handshake] Receiving client channels
[13:51:41] [Netty Epoll Server IO #11/INFO]: [Handshake] Handshake completed successfully
[13:51:41] [Netty Epoll Server IO #10/INFO]: [do_a_barrel_roll] Client of Sylein1 accepted server config.
[13:51:41] [Server thread/INFO]: Coemsexy[/123.19.16.121:19521] logged in with entity id 706 at (2179.6449640654146, 63.0, -797.6864349478901)
[13:51:41] [Server thread/INFO]: Sending server config values to client
[13:51:41] [Server thread/INFO]: Started config sync for player Coemsexy
[13:51:41] [Server thread/INFO]: Syncing config to Coemsexy (38038579-47d7-3591-9037-b7f14881ef67)
[13:51:41] [Server thread/INFO]: Loading config from file...
[13:51:41] [Server thread/ERROR]: [Load My F***ing Tags]: It seems that some tags are a bit cooked. Look at the Logs for more details on broken functions. 
[13:51:41] [Server thread/INFO]: [STDOUT]: Splitting recipes into 10 packets
[13:51:41] [Server thread/INFO]: [betternether] Freeze Registry[ResourceKey[minecraft:root / worlds_together:worldgen/betterx/surface_rules] (Stable)]
[13:51:41] [Server thread/INFO]: Coemsexy joined the game
[13:51:41] [Server thread/INFO]: Updating all forceload tickets for 38038579-47d7-3591-9037-b7f14881ef67
[13:51:41] [Server thread/INFO]: add_player wand
[13:51:41] [Server thread/INFO]: player_data {bleed:0,parry_frames:0,posture:0,should_damage_riding:0b,target_max_posture:168,target_name:"Żar-ptak",target_posture:0}
[13:51:44] [Netty Epoll Server IO #11/INFO]: Receiving client config
[13:51:45] [Server thread/INFO]: [Handshake] Sending channel query
[13:51:45] [Netty Epoll Server IO #13/INFO]: [Handshake] Receiving client channels
[13:51:45] [Netty Epoll Server IO #13/INFO]: [Handshake] Handshake completed successfully
[13:51:45] [Netty Epoll Server IO #11/INFO]: Channel update: Coemsexy -> default
[13:51:45] [Netty Epoll Server IO #11/INFO]: Priority overwritten for player Coemsexy. Claiming: GRAVE / Robbing: INVENTORY
[13:51:45] [Netty Epoll Server IO #11/INFO]: Finished config sync
[13:51:45] [Server thread/INFO]: khangheheqt[/123.19.16.121:55822] logged in with entity id 914 at (2164.7704869163585, 63.0, -812.3904837666515)
[13:51:45] [Server thread/INFO]: Sending server config values to client
[13:51:45] [Server thread/INFO]: Started config sync for player khangheheqt
[13:51:45] [Server thread/INFO]: Syncing config to khangheheqt (42584645-7e52-3372-940c-c1f53f38dfaa)
[13:51:45] [Server thread/INFO]: Loading config from file...
[13:51:45] [Server thread/ERROR]: [Load My F***ing Tags]: It seems that some tags are a bit cooked. Look at the Logs for more details on broken functions. 
[13:51:46] [Server thread/INFO]: [STDOUT]: Splitting recipes into 10 packets
[13:51:46] [Server thread/INFO]: [betternether] Freeze Registry[ResourceKey[minecraft:root / worlds_together:worldgen/betterx/surface_rules] (Stable)]
[13:51:46] [Server thread/INFO]: khangheheqt joined the game
[13:51:46] [Server thread/INFO]: Updating all forceload tickets for 42584645-7e52-3372-940c-c1f53f38dfaa
[13:51:46] [Server thread/INFO]: add_player wand
[13:51:46] [Server thread/INFO]: player_data {bleed:0,max_posture:201,parry_frames:0,posture:0,should_damage_riding:0b,target_max_posture:200,target_name:"",target_posture:0}
[13:51:47] [Server thread/INFO]: [Handshake] Sending channel query
[13:51:47] [Netty Epoll Server IO #14/INFO]: [Handshake] Receiving client channels
[13:51:47] [Netty Epoll Server IO #14/INFO]: [Handshake] Handshake completed successfully
[13:51:47] [Server thread/INFO]: kazunah[/123.19.16.121:45833] logged in with entity id 946 at (2024.5, 68.0, -921.5)
[13:51:47] [Server thread/INFO]: Sending server config values to client
[13:51:47] [Server thread/INFO]: Started config sync for player kazunah
[13:51:47] [Server thread/INFO]: Syncing config to kazunah (d82c3ddf-5b10-310a-b387-e4f3d3f85fcb)
[13:51:47] [Server thread/INFO]: Loading config from file...
[13:51:47] [Server thread/ERROR]: [Load My F***ing Tags]: It seems that some tags are a bit cooked. Look at the Logs for more details on broken functions. 
[13:51:47] [Server thread/INFO]: [STDOUT]: Splitting recipes into 10 packets
[13:51:47] [Server thread/INFO]: [betternether] Freeze Registry[ResourceKey[minecraft:root / worlds_together:worldgen/betterx/surface_rules] (Stable)]
[13:51:47] [Server thread/INFO]: kazunah joined the game
[13:51:47] [Server thread/INFO]: Updating all forceload tickets for d82c3ddf-5b10-310a-b387-e4f3d3f85fcb
[13:51:47] [Server thread/INFO]: add_player wand
[13:51:47] [Server thread/INFO]: player_data {bleed:0,max_posture:201,parry_frames:0,posture:0,should_damage_riding:0b,target_max_posture:200,target_name:"",target_posture:0}
[13:51:48] [Server thread/INFO]: [STDOUT]: Finalizing energy block registration
[13:51:49] [Netty Epoll Server IO #14/INFO]: Receiving client config
[13:51:49] [Netty Epoll Server IO #14/INFO]: Channel update: kazunah -> default
[13:51:49] [Netty Epoll Server IO #14/INFO]: Priority overwritten for player kazunah. Claiming: GRAVE / Robbing: INVENTORY
[13:51:49] [Netty Epoll Server IO #14/INFO]: Finished config sync
[13:51:50] [Netty Epoll Server IO #14/INFO]: [do_a_barrel_roll] Client of kazunah accepted server config.
[13:51:55] [Netty Epoll Server IO #13/INFO]: Receiving client config
[13:51:56] [Netty Epoll Server IO #13/INFO]: Channel update: khangheheqt -> default
[13:51:56] [Netty Epoll Server IO #13/INFO]: Priority overwritten for player khangheheqt. Claiming: GRAVE / Robbing: INVENTORY
[13:51:56] [Netty Epoll Server IO #13/INFO]: Finished config sync
[13:52:13] [Netty Epoll Server IO #11/INFO]: [do_a_barrel_roll] Client of Coemsexy accepted server config.
[13:52:21] [Server thread/INFO]: [Handshake] Sending channel query
[13:52:21] [Netty Epoll Server IO #0/INFO]: [Handshake] Receiving client channels
[13:52:21] [Netty Epoll Server IO #0/INFO]: [Handshake] Handshake completed successfully
[13:52:22] [Server thread/INFO]: komeme[/123.19.16.121:51553] logged in with entity id 1312 at (2171.7868416146384, 81.1875, -766.9487119973222)
[13:52:22] [Server thread/INFO]: Sending server config values to client
[13:52:22] [Server thread/INFO]: Started config sync for player komeme
[13:52:22] [Server thread/INFO]: Syncing config to komeme (df7526af-ada2-3cc5-93a7-9af9f4562b16)
[13:52:22] [Server thread/INFO]: Loading config from file...
[13:52:22] [Server thread/ERROR]: [Load My F***ing Tags]: It seems that some tags are a bit cooked. Look at the Logs for more details on broken functions. 
[13:52:22] [Server thread/INFO]: [STDOUT]: Splitting recipes into 10 packets
[13:52:22] [Server thread/INFO]: [betternether] Freeze Registry[ResourceKey[minecraft:root / worlds_together:worldgen/betterx/surface_rules] (Stable)]
[13:52:22] [Server thread/INFO]: komeme joined the game
[13:52:22] [Server thread/INFO]: Updating all forceload tickets for df7526af-ada2-3cc5-93a7-9af9f4562b16
[13:52:22] [Server thread/INFO]: add_player wand
[13:52:22] [Server thread/INFO]: player_data {bleed:0,max_posture:201,parry_frames:0,posture:0,should_damage_riding:0b,target_max_posture:200,target_name:"",target_posture:0}
[13:52:24] [Server thread/INFO]: <Sylein1> 2203 -815
[13:52:30] [Netty Epoll Server IO #0/INFO]: Receiving client config
[13:52:31] [Netty Epoll Server IO #0/INFO]: Channel update: komeme -> default
[13:52:31] [Netty Epoll Server IO #0/INFO]: Priority overwritten for player komeme. Claiming: GRAVE / Robbing: INVENTORY
[13:52:31] [Netty Epoll Server IO #0/INFO]: Finished config sync
[13:52:32] [Server thread/INFO]: khangheheqt lost connection: Disconnected
[13:52:32] [Server thread/INFO]: khangheheqt left the game
[13:52:32] [Server thread/INFO]: remove player wand
[13:52:32] [Server thread/INFO]: Updating all forceload tickets for 42584645-7e52-3372-940c-c1f53f38dfaa
[13:52:39] [Server thread/INFO]: Coemsexy lost connection: Disconnected
[13:52:39] [Server thread/INFO]: Coemsexy left the game
[13:52:39] [Server thread/INFO]: remove player wand
[13:52:39] [Server thread/INFO]: Updating all forceload tickets for 38038579-47d7-3591-9037-b7f14881ef67
[13:52:39] [Server thread/WARN]: handleDisconnection() called twice
[13:52:57] [Server thread/INFO]: [Handshake] Sending channel query
[13:52:58] [Netty Epoll Server IO #4/INFO]: [Handshake] Receiving client channels
[13:52:58] [Netty Epoll Server IO #4/INFO]: [Handshake] Handshake completed successfully
[13:52:58] [Server thread/INFO]: Coemsexy[/123.19.16.121:19534] logged in with entity id 1535 at (2179.6449640654146, 63.0, -797.6864349478901)
[13:52:58] [Server thread/INFO]: Sending server config values to client
[13:52:58] [Server thread/INFO]: Started config sync for player Coemsexy
[13:52:58] [Server thread/INFO]: Syncing config to Coemsexy (38038579-47d7-3591-9037-b7f14881ef67)
[13:52:58] [Server thread/INFO]: Loading config from file...
[13:52:58] [Server thread/ERROR]: [Load My F***ing Tags]: It seems that some tags are a bit cooked. Look at the Logs for more details on broken functions. 
[13:52:58] [Server thread/INFO]: [STDOUT]: Splitting recipes into 10 packets
[13:52:58] [Server thread/INFO]: [betternether] Freeze Registry[ResourceKey[minecraft:root / worlds_together:worldgen/betterx/surface_rules] (Stable)]
[13:52:58] [Server thread/INFO]: Coemsexy joined the game
[13:52:58] [Server thread/INFO]: Updating all forceload tickets for 38038579-47d7-3591-9037-b7f14881ef67
[13:52:58] [Server thread/INFO]: add_player wand
[13:52:58] [Server thread/INFO]: player_data {bleed:0,parry_frames:0,posture:0,should_damage_riding:0b,target_max_posture:200,target_name:"",target_posture:0}
[13:53:01] [Server thread/INFO]: [Handshake] Sending channel query
[13:53:01] [Netty Epoll Server IO #5/INFO]: [Handshake] Receiving client channels
[13:53:01] [Netty Epoll Server IO #5/INFO]: [Handshake] Handshake completed successfully
[13:53:01] [Server thread/INFO]: khangheheqt[/123.19.16.121:55834] logged in with entity id 1557 at (2164.7704869163585, 63.0, -812.3904837666515)
[13:53:01] [Server thread/INFO]: Sending server config values to client
[13:53:01] [Server thread/INFO]: Started config sync for player khangheheqt
[13:53:01] [Server thread/INFO]: Syncing config to khangheheqt (42584645-7e52-3372-940c-c1f53f38dfaa)
[13:53:01] [Server thread/INFO]: Loading config from file...
[13:53:01] [Server thread/ERROR]: [Load My F***ing Tags]: It seems that some tags are a bit cooked. Look at the Logs for more details on broken functions. 
[13:53:01] [Server thread/INFO]: [STDOUT]: Splitting recipes into 10 packets
[13:53:01] [Server thread/INFO]: [betternether] Freeze Registry[ResourceKey[minecraft:root / worlds_together:worldgen/betterx/surface_rules] (Stable)]
[13:53:01] [Server thread/INFO]: khangheheqt joined the game
[13:53:01] [Netty Epoll Server IO #4/INFO]: Receiving client config
[13:53:01] [Server thread/INFO]: Updating all forceload tickets for 42584645-7e52-3372-940c-c1f53f38dfaa
[13:53:02] [Server thread/INFO]: add_player wand
[13:53:02] [Server thread/INFO]: player_data {bleed:0,max_posture:201,parry_frames:0,posture:0,should_damage_riding:0b,target_max_posture:200,target_name:"",target_posture:0}
[13:53:03] [Netty Epoll Server IO #5/INFO]: Receiving client config
[13:53:04] [Netty Epoll Server IO #4/INFO]: Channel update: Coemsexy -> default
[13:53:04] [Netty Epoll Server IO #4/INFO]: Priority overwritten for player Coemsexy. Claiming: GRAVE / Robbing: INVENTORY
[13:53:04] [Netty Epoll Server IO #4/INFO]: Finished config sync
[13:53:04] [Netty Epoll Server IO #5/INFO]: Channel update: khangheheqt -> default
[13:53:04] [Netty Epoll Server IO #5/INFO]: Priority overwritten for player khangheheqt. Claiming: GRAVE / Robbing: INVENTORY
[13:53:04] [Netty Epoll Server IO #5/INFO]: Finished config sync
[13:53:05] [Netty Epoll Server IO #5/INFO]: [do_a_barrel_roll] Client of khangheheqt accepted server config.
[13:53:16] [Server thread/INFO]: komeme lost connection: Disconnected
[13:53:16] [Server thread/INFO]: komeme left the game
[13:53:16] [Server thread/INFO]: remove player wand
[13:53:16] [Server thread/INFO]: Updating all forceload tickets for df7526af-ada2-3cc5-93a7-9af9f4562b16
[13:53:21] [Server thread/INFO]: [Handshake] Sending channel query
[13:53:21] [Netty Epoll Server IO #7/INFO]: [Handshake] Receiving client channels
[13:53:21] [Netty Epoll Server IO #7/INFO]: [Handshake] Handshake completed successfully
[13:53:21] [Server thread/INFO]: komeme[/123.19.16.121:15442] logged in with entity id 1650 at (2171.7868416146384, 81.1875, -766.9487119973222)
[13:53:21] [Server thread/INFO]: Sending server config values to client
[13:53:21] [Server thread/INFO]: Started config sync for player komeme
[13:53:21] [Server thread/INFO]: Syncing config to komeme (df7526af-ada2-3cc5-93a7-9af9f4562b16)
[13:53:21] [Server thread/INFO]: Loading config from file...
[13:53:21] [Server thread/ERROR]: [Load My F***ing Tags]: It seems that some tags are a bit cooked. Look at the Logs for more details on broken functions. 
[13:53:22] [Server thread/INFO]: [STDOUT]: Splitting recipes into 10 packets
[13:53:22] [Server thread/INFO]: [betternether] Freeze Registry[ResourceKey[minecraft:root / worlds_together:worldgen/betterx/surface_rules] (Stable)]
[13:53:22] [Server thread/INFO]: komeme joined the game
[13:53:22] [Server thread/INFO]: Updating all forceload tickets for df7526af-ada2-3cc5-93a7-9af9f4562b16
[13:53:22] [Server thread/INFO]: add_player wand
[13:53:22] [Server thread/INFO]: player_data {bleed:0,max_posture:201,parry_frames:0,posture:0,should_damage_riding:0b,target_max_posture:200,target_name:"",target_posture:0}
[13:53:23] [Netty Epoll Server IO #7/INFO]: Receiving client config
[13:53:23] [Netty Epoll Server IO #7/INFO]: Channel update: komeme -> default
[13:53:23] [Netty Epoll Server IO #7/INFO]: Priority overwritten for player komeme. Claiming: GRAVE / Robbing: INVENTORY
[13:53:23] [Netty Epoll Server IO #7/INFO]: Finished config sync
[13:53:26] [Netty Epoll Server IO #7/INFO]: [do_a_barrel_roll] Client of komeme accepted server config.
[13:53:32] [Server thread/INFO]: kazunah has made the advancement [Tavern Village]
[13:53:43] [Netty Epoll Server IO #4/INFO]: [do_a_barrel_roll] Client of Coemsexy accepted server config.
[13:53:56] [Netty Epoll Server IO #3/ERROR]: Exception occurred in netty pipeline
io.netty.handler.timeout.ReadTimeoutException: null
[13:53:56] [Server thread/INFO]: Coemsexy lost connection: Timed out
[13:53:56] [Server thread/INFO]: Coemsexy left the game
[13:53:56] [Server thread/INFO]: remove player wand
[13:53:56] [Server thread/INFO]: Updating all forceload tickets for 38038579-47d7-3591-9037-b7f14881ef67
[13:54:15] [Server thread/INFO]: [Handshake] Sending channel query
[13:54:15] [Netty Epoll Server IO #15/INFO]: [Handshake] Receiving client channels
[13:54:15] [Netty Epoll Server IO #15/INFO]: [Handshake] Handshake completed successfully
[13:54:15] [Server thread/INFO]: Coemsexy[/123.19.16.121:19561] logged in with entity id 1913 at (2179.6449640654146, 63.0, -797.6864349478901)
[13:54:15] [Server thread/INFO]: Sending server config values to client
[13:54:15] [Server thread/INFO]: Started config sync for player Coemsexy
[13:54:15] [Server thread/INFO]: Syncing config to Coemsexy (38038579-47d7-3591-9037-b7f14881ef67)
[13:54:15] [Server thread/INFO]: Loading config from file...
[13:54:15] [Server thread/ERROR]: [Load My F***ing Tags]: It seems that some tags are a bit cooked. Look at the Logs for more details on broken functions. 
[13:54:16] [Server thread/INFO]: [STDOUT]: Splitting recipes into 10 packets
[13:54:16] [Server thread/INFO]: [betternether] Freeze Registry[ResourceKey[minecraft:root / worlds_together:worldgen/betterx/surface_rules] (Stable)]
[13:54:16] [Server thread/INFO]: Coemsexy joined the game
[13:54:16] [Server thread/INFO]: Updating all forceload tickets for 38038579-47d7-3591-9037-b7f14881ef67
[13:54:16] [Server thread/INFO]: add_player wand
[13:54:16] [Server thread/INFO]: player_data {bleed:0,parry_frames:0,posture:0,should_damage_riding:0b,target_max_posture:200,target_name:"",target_posture:0}
[13:54:20] [Netty Epoll Server IO #6/ERROR]: Exception occurred in netty pipeline
io.netty.handler.timeout.ReadTimeoutException: null
[13:54:24] [Netty Epoll Server IO #15/INFO]: Receiving client config
[13:54:25] [Netty Epoll Server IO #15/INFO]: Channel update: Coemsexy -> default
[13:54:25] [Netty Epoll Server IO #15/INFO]: Priority overwritten for player Coemsexy. Claiming: GRAVE / Robbing: INVENTORY
[13:54:25] [Netty Epoll Server IO #15/INFO]: Finished config sync
[13:55:01] [Server thread/INFO]: Coemsexy lost connection: Disconnected
[13:55:01] [Server thread/INFO]: Coemsexy left the game
[13:55:01] [Server thread/INFO]: remove player wand
[13:55:01] [Server thread/INFO]: Updating all forceload tickets for 38038579-47d7-3591-9037-b7f14881ef67
[13:55:09] [Netty Epoll Server IO #9/ERROR]: Exception occurred in netty pipeline
io.netty.handler.timeout.ReadTimeoutException: null
[13:55:11] [Netty Epoll Server IO #13/ERROR]: Exception occurred in netty pipeline
io.netty.handler.timeout.ReadTimeoutException: null
[13:55:14] [Netty Epoll Server IO #14/ERROR]: Exception occurred in netty pipeline
io.netty.handler.timeout.ReadTimeoutException: null
[13:55:15] [Server thread/INFO]: [Handshake] Sending channel query
[13:55:15] [Netty Epoll Server IO #1/INFO]: [Handshake] Receiving client channels
[13:55:15] [Netty Epoll Server IO #1/INFO]: [Handshake] Handshake completed successfully
[13:55:15] [Server thread/INFO]: Coemsexy[/123.19.16.121:19570] logged in with entity id 2056 at (2179.6449640654146, 63.0, -797.6864349478901)
[13:55:15] [Server thread/INFO]: Sending server config values to client
[13:55:15] [Server thread/INFO]: Started config sync for player Coemsexy
[13:55:15] [Server thread/INFO]: Syncing config to Coemsexy (38038579-47d7-3591-9037-b7f14881ef67)
[13:55:15] [Server thread/INFO]: Loading config from file...
[13:55:15] [Server thread/ERROR]: [Load My F***ing Tags]: It seems that some tags are a bit cooked. Look at the Logs for more details on broken functions. 
[13:55:15] [Server thread/INFO]: [STDOUT]: Splitting recipes into 10 packets
[13:55:15] [Server thread/INFO]: [betternether] Freeze Registry[ResourceKey[minecraft:root / worlds_together:worldgen/betterx/surface_rules] (Stable)]
[13:55:15] [Server thread/INFO]: Coemsexy joined the game
[13:55:15] [Server thread/INFO]: Updating all forceload tickets for 38038579-47d7-3591-9037-b7f14881ef67
[13:55:15] [Server thread/INFO]: add_player wand
[13:55:15] [Server thread/INFO]: player_data {bleed:0,parry_frames:0,posture:0,should_damage_riding:0b,target_max_posture:200,target_name:"",target_posture:0}
[13:55:18] [Server thread/INFO]: Coemsexy lost connection: Disconnected
[13:55:18] [Server thread/INFO]: Coemsexy left the game
[13:55:18] [Server thread/INFO]: remove player wand
[13:55:18] [Server thread/INFO]: Updating all forceload tickets for 38038579-47d7-3591-9037-b7f14881ef67
[13:55:23] [Server thread/INFO]: Sylein1 has made the advancement [Getting Started]
[13:55:26] [Server thread/INFO]: [Handshake] Sending channel query
[13:55:26] [Netty Epoll Server IO #7/INFO]: [Handshake] Receiving client channels
[13:55:26] [Netty Epoll Server IO #7/INFO]: [Handshake] Handshake completed successfully
[13:55:26] [Server thread/INFO]: Coemsexy[/123.19.16.121:19594] logged in with entity id 2121 at (2179.6449640654146, 63.0, -797.6864349478901)
[13:55:26] [Server thread/INFO]: Sending server config values to client
[13:55:26] [Server thread/INFO]: Started config sync for player Coemsexy
[13:55:26] [Server thread/INFO]: Syncing config to Coemsexy (38038579-47d7-3591-9037-b7f14881ef67)
[13:55:26] [Server thread/INFO]: Loading config from file...
[13:55:26] [Server thread/ERROR]: [Load My F***ing Tags]: It seems that some tags are a bit cooked. Look at the Logs for more details on broken functions. 
[13:55:26] [Server thread/INFO]: [STDOUT]: Splitting recipes into 10 packets
[13:55:26] [Server thread/INFO]: [betternether] Freeze Registry[ResourceKey[minecraft:root / worlds_together:worldgen/betterx/surface_rules] (Stable)]
[13:55:26] [Server thread/INFO]: Coemsexy joined the game
[13:55:26] [Server thread/INFO]: Updating all forceload tickets for 38038579-47d7-3591-9037-b7f14881ef67
[13:55:26] [Server thread/INFO]: add_player wand
[13:55:26] [Server thread/INFO]: player_data {bleed:0,parry_frames:0,posture:0,should_damage_riding:0b,target_max_posture:200,target_name:"",target_posture:0}
[13:55:30] [Netty Epoll Server IO #7/INFO]: Receiving client config
[13:55:32] [Netty Epoll Server IO #7/INFO]: Channel update: Coemsexy -> default
[13:55:32] [Netty Epoll Server IO #7/INFO]: Priority overwritten for player Coemsexy. Claiming: GRAVE / Robbing: INVENTORY
[13:55:32] [Netty Epoll Server IO #7/INFO]: Finished config sync
[13:55:57] [Netty Epoll Server IO #7/INFO]: [do_a_barrel_roll] Client of Coemsexy accepted server config.
[13:56:20] [Worker-Main-6/WARN]: Tried to access a block entity before it was created. class_2339{x=2431, y=34, z=-795}
[13:56:20] [Worker-Main-6/WARN]: Tried to access a block entity before it was created. class_2339{x=2431, y=34, z=-794}
[13:56:24] [Netty Epoll Server IO #3/ERROR]: Exception occurred in netty pipeline
io.netty.handler.timeout.ReadTimeoutException: null
[13:56:25] [Netty Epoll Server IO #6/ERROR]: Exception occurred in netty pipeline
io.netty.handler.timeout.ReadTimeoutException: null
[13:56:25] [Server thread/WARN]: Lithium Class Analysis Error: Class net.mifort.testosterone.entities.rat.ratEntity cannot be analysed, because getting declared methods crashes with NoClassDefFoundError: net/minecraft/class_1101. This is usually caused by modded entities declaring methods that have a return type or parameter type that is annotated with @Environment(value=EnvType.CLIENT). Loading the type is not possible, because it only exists in the CLIENT environment. The recommended fix is to annotate the method with this argument or return type with the same annotation. Lithium handles this error by assuming the class cannot be included in some optimizations.
[13:56:30] [Netty Epoll Server IO #10/ERROR]: Exception occurred in netty pipeline
io.netty.handler.timeout.ReadTimeoutException: null
[13:56:30] [Netty Epoll Server IO #11/ERROR]: Exception occurred in netty pipeline
io.netty.handler.timeout.ReadTimeoutException: null
[13:56:32] [Netty Epoll Server IO #12/ERROR]: Exception occurred in netty pipeline
io.netty.handler.timeout.ReadTimeoutException: null
[13:56:52] [Server thread/WARN]: Lithium Class Analysis Error: Class net.mifort.testosterone.entities.rat.ratEntity cannot be analysed, because getting declared methods crashes with NoClassDefFoundError: net/minecraft/class_1101. This is usually caused by modded entities declaring methods that have a return type or parameter type that is annotated with @Environment(value=EnvType.CLIENT). Loading the type is not possible, because it only exists in the CLIENT environment. The recommended fix is to annotate the method with this argument or return type with the same annotation. Lithium handles this error by assuming the class cannot be included in some optimizations.
[13:57:22] [Server thread/WARN]: Żar-ptak (vehicle of khangheheqt) moved wrongly! 0.3005120845982674
[13:57:22] [Server thread/WARN]: Żar-ptak (vehicle of khangheheqt) moved wrongly! 0.7191811701045481
[13:57:45] [Server thread/WARN]: Can't keep up! Is the server overloaded? Running 2001ms or 40 ticks behind
[13:57:52] [Worker-Main-5/WARN]: Integrated API: Empty or nonexistent pool: integrated_villages:cabin_village/house/fisherman_lecturn which is being called from integrated_villages:cabin_village/house/cabin_village_fisherman_bottom
[13:57:54] [Server thread/INFO]: Coemsexy has made the advancement [Refined Iron]
[13:57:55] [Server thread/INFO]: komeme has made the advancement [Mine Cells]
[13:58:05] [Server thread/WARN]: Can't keep up! Is the server overloaded? Running 2036ms or 40 ticks behind
[13:58:39] [Server thread/INFO]: khangheheqt has made the advancement [Mine Cells]
[13:58:49] [Server thread/INFO]: Villager class_1646['Ivette'/3117, l='ServerLevel[world]', x=2494.62, y=89.00, z=-684.50] died, message: 'Ivette was burnt to a crisp whilst fighting Zombie'
[13:58:49] [Server thread/INFO]: Named entity class_1646['Ivette'/3117, l='ServerLevel[world]', x=2494.62, y=89.00, z=-684.50] died: Ivette was burnt to a crisp whilst fighting Zombie
[14:00:12] [Server thread/INFO]: Sylein1 has made the advancement [Custom Backpacks]
[14:00:30] [Server thread/INFO]: <khangheheqt> 2379 -609
[14:01:39] [Server thread/INFO]: Sylein1 has reached the goal [Postmortal]
[14:02:26] [Server thread/INFO]: Coemsexy has made the advancement [Mine Cells]
[14:03:42] [Worker-Main-1/WARN]: Integrated API: Empty or nonexistent pool: integrated_villages:cabin_village/villager_random which is being called from not a SinglePoolElement class
[14:03:42] [Worker-Main-1/WARN]: Integrated API: Empty or nonexistent pool: integrated_villages:cabin_village/villager_random which is being called from not a SinglePoolElement class
[14:03:42] [Worker-Main-1/WARN]: Integrated API: Empty or nonexistent pool: integrated_villages:cabin_village/villager_random which is being called from not a SinglePoolElement class
[14:03:42] [Worker-Main-1/WARN]: Integrated API: Empty or nonexistent pool: integrated_villages:cabin_village/house/fisherman_lecturn which is being called from integrated_villages:cabin_village/house/cabin_village_fisherman_bottom
[14:03:57] [Server thread/WARN]: Can't keep up! Is the server overloaded? Running 2005ms or 40 ticks behind
[14:04:11] [Worker-Main-5/WARN]: Skipping Entity with id irons_spellbooks:priest
[14:04:15] [Server thread/WARN]: Can't keep up! Is the server overloaded? Running 3317ms or 66 ticks behind
[14:04:35] [Server thread/WARN]: Can't keep up! Is the server overloaded? Running 5055ms or 101 ticks behind
[14:04:38] [Worker-Main-5/WARN]: Ignoring unknown attribute 'irons_spellbooks:lightning_magic_resist'
[14:04:38] [Worker-Main-6/WARN]: Ignoring unknown attribute 'irons_spellbooks:lightning_magic_resist'
[14:04:55] [Server thread/INFO]: khangheheqt has made the advancement [Cabin Village]
[14:04:56] [Server thread/WARN]: Can't keep up! Is the server overloaded? Running 6060ms or 121 ticks behind
[14:05:16] [Server thread/WARN]: Can't keep up! Is the server overloaded? Running 2011ms or 40 ticks behind
[14:05:39] [Server thread/WARN]: Can't keep up! Is the server overloaded? Running 2003ms or 40 ticks behind
[14:05:57] [Server thread/WARN]: Can't keep up! Is the server overloaded? Running 3030ms or 60 ticks behind
[14:06:27] [Server thread/WARN]: Can't keep up! Is the server overloaded? Running 2003ms or 40 ticks behind
[14:06:41] [Server thread/INFO]: kazunah has made the advancement [Mine Cells]
[14:06:51] [Server thread/WARN]: Can't keep up! Is the server overloaded? Running 2003ms or 40 ticks behind
[14:07:09] [Server thread/WARN]: Can't keep up! Is the server overloaded? Running 2004ms or 40 ticks behind
[14:07:19] [Server thread/INFO]: komeme lost connection: Disconnected
[14:07:19] [Server thread/INFO]: komeme left the game
[14:07:19] [Server thread/INFO]: remove player wand
[14:07:19] [Server thread/INFO]: Updating all forceload tickets for df7526af-ada2-3cc5-93a7-9af9f4562b16
[14:07:24] [Server thread/INFO]: khangheheqt lost connection: Disconnected
[14:07:24] [Server thread/INFO]: khangheheqt left the game
[14:07:24] [Server thread/INFO]: remove player wand
[14:07:24] [Server thread/INFO]: Updating all forceload tickets for 42584645-7e52-3372-940c-c1f53f38dfaa
[14:07:35] [Server thread/INFO]: [Handshake] Sending channel query
[14:07:35] [Netty Epoll Server IO #1/INFO]: [Handshake] Receiving client channels
[14:07:35] [Netty Epoll Server IO #1/INFO]: [Handshake] Handshake completed successfully
[14:07:36] [Server thread/INFO]: khangheheqt[/123.19.16.121:60684] logged in with entity id 18625 at (2905.8055058372606, 82.62369228102476, -764.4376405898759)
[14:07:36] [Server thread/INFO]: Sending server config values to client
[14:07:36] [Server thread/INFO]: Started config sync for player khangheheqt
[14:07:36] [Server thread/INFO]: Syncing config to khangheheqt (42584645-7e52-3372-940c-c1f53f38dfaa)
[14:07:36] [Server thread/INFO]: Loading config from file...
[14:07:36] [Server thread/ERROR]: [Load My F***ing Tags]: It seems that some tags are a bit cooked. Look at the Logs for more details on broken functions. 
[14:07:36] [Server thread/INFO]: [STDOUT]: Splitting recipes into 10 packets
[14:07:36] [Server thread/INFO]: [betternether] Freeze Registry[ResourceKey[minecraft:root / worlds_together:worldgen/betterx/surface_rules] (Stable)]
[14:07:36] [Server thread/INFO]: khangheheqt joined the game
[14:07:36] [Server thread/WARN]: Skipped emitting ENTITY_MOUNT game event for entity FirebirdEntity['Żar-ptak'/18626, l='ServerLevel[world]', x=2905.81, y=81.94, z=-764.44] as it would cause deadlock
[14:07:36] [Server thread/INFO]: Updating all forceload tickets for 42584645-7e52-3372-940c-c1f53f38dfaa
[14:07:36] [Server thread/INFO]: add_player wand
[14:07:36] [Server thread/INFO]: player_data {bleed:0,max_posture:201,parry_frames:0,posture:0,should_damage_riding:0b,target_max_posture:200,target_name:"",target_posture:0}
[14:07:37] [Netty Epoll Server IO #1/INFO]: Receiving client config
[14:07:38] [Netty Epoll Server IO #1/INFO]: Channel update: khangheheqt -> default
[14:07:38] [Netty Epoll Server IO #1/INFO]: Priority overwritten for player khangheheqt. Claiming: GRAVE / Robbing: INVENTORY
[14:07:38] [Netty Epoll Server IO #1/INFO]: Finished config sync
[14:07:39] [Server thread/INFO]: [Handshake] Sending channel query
[14:07:39] [Netty Epoll Server IO #2/INFO]: [Handshake] Receiving client channels
[14:07:39] [Netty Epoll Server IO #2/INFO]: [Handshake] Handshake completed successfully
[14:07:40] [Netty Epoll Server IO #1/INFO]: [do_a_barrel_roll] Client of khangheheqt accepted server config.
[14:07:40] [Server thread/INFO]: komeme[/123.19.16.121:2047] logged in with entity id 19091 at (2782.5796969040475, 66.68125, -722.5296807877514)
[14:07:40] [Server thread/INFO]: Sending server config values to client
[14:07:40] [Server thread/INFO]: Started config sync for player komeme
[14:07:40] [Server thread/INFO]: Syncing config to komeme (df7526af-ada2-3cc5-93a7-9af9f4562b16)
[14:07:40] [Server thread/INFO]: Loading config from file...
[14:07:40] [Server thread/ERROR]: [Load My F***ing Tags]: It seems that some tags are a bit cooked. Look at the Logs for more details on broken functions. 
[14:07:40] [Server thread/INFO]: [STDOUT]: Splitting recipes into 10 packets
[14:07:40] [Server thread/INFO]: [betternether] Freeze Registry[ResourceKey[minecraft:root / worlds_together:worldgen/betterx/surface_rules] (Stable)]
[14:07:40] [Server thread/INFO]: komeme joined the game
[14:07:40] [Server thread/INFO]: Updating all forceload tickets for df7526af-ada2-3cc5-93a7-9af9f4562b16
[14:07:40] [Server thread/INFO]: add_player wand
[14:07:40] [Server thread/INFO]: player_data {bleed:0,max_posture:201,parry_frames:0,posture:0,should_damage_riding:0b,target_max_posture:200,target_name:"",target_posture:0}
[14:07:43] [Netty Epoll Server IO #2/INFO]: Receiving client config
[14:07:43] [Netty Epoll Server IO #2/INFO]: Channel update: komeme -> default
[14:07:43] [Netty Epoll Server IO #2/INFO]: Priority overwritten for player komeme. Claiming: GRAVE / Robbing: INVENTORY
[14:07:43] [Netty Epoll Server IO #2/INFO]: Finished config sync
[14:07:48] [Netty Epoll Server IO #2/INFO]: [do_a_barrel_roll] Client of komeme accepted server config.
[14:08:12] [Server thread/WARN]: Can't keep up! Is the server overloaded? Running 2001ms or 40 ticks behind
[14:08:17] [pool-13-thread-1/INFO]: Searching for closest structure among [ResourceKey[minecraft:worldgen/structure / ctov:medium/village_taiga_fortified], ResourceKey[minecraft:worldgen/structure / ctov:large/village_desert_oasis], ResourceKey[minecraft:worldgen/structure / ctov:large/village_jungle], ResourceKey[minecraft:worldgen/structure / integrated_villages:cabin_village], ResourceKey[minecraft:worldgen/structure / ctov:medium/village_jungle_tree], ResourceKey[minecraft:worldgen/structure / towns_and_towers:exclusives/village_nilotic], ResourceKey[minecraft:worldgen/structure / towns_and_towers:village_ocean], ResourceKey[minecraft:worldgen/structure / towns_and_towers:exclusives/village_wandering_trader_camp]] from pos class_2338{x=3131, y=84, z=-789}
[14:08:57] [Server thread/WARN]: Can't keep up! Is the server overloaded? Running 2007ms or 40 ticks behind
[14:09:20] [Server thread/INFO]: <Sylein1> 3021 -651
[14:09:45] [Worker-Main-2/WARN]: Ignoring unknown attribute 'irons_spellbooks:lightning_magic_resist'
[14:09:45] [Worker-Main-5/WARN]: Ignoring unknown attribute 'irons_spellbooks:lightning_magic_resist'
[14:09:46] [Server thread/INFO]: Sylein1 has made the advancement [Mine Cells]
[14:11:33] [Server thread/INFO]: Sylein1 has made the advancement [Cabin Village]
[14:12:01] [Worker-Main-6/WARN]: Skipping Entity with id guardvillagers:guard
[14:12:07] [Server thread/WARN]: Can't keep up! Is the server overloaded? Running 2003ms or 40 ticks behind
[14:12:19] [Server thread/INFO]: komeme has made the advancement [Sunken Village]
[14:12:26] [Server thread/WARN]: Can't keep up! Is the server overloaded? Running 3749ms or 74 ticks behind
[14:12:30] [Server thread/INFO]: khangheheqt has made the advancement [Sunken Village]
[14:12:44] [Server thread/WARN]: Can't keep up! Is the server overloaded? Running 3550ms or 71 ticks behind
[14:13:01] [Worker-Main-5/WARN]: Integrated API: Empty or nonexistent pool: integrated_villages:swamp_village/swamp_village_irons_priest which is being called from not a SinglePoolElement class
[14:13:11] [Server thread/WARN]: Can't keep up! Is the server overloaded? Running 2007ms or 40 ticks behind
[14:13:22] [Server thread/INFO]: Coemsexy has made the advancement [Sunken Village]
[14:13:24] [Server thread/INFO]: Villager class_1646['Genia'/12392, l='ServerLevel[world]', x=2927.00, y=64.00, z=-787.47] died, message: 'Genia was slain by Kobold Warrior'
[14:13:24] [Server thread/INFO]: Named entity class_1646['Genia'/12392, l='ServerLevel[world]', x=2927.00, y=64.00, z=-787.47] died: Genia was slain by Kobold Warrior
[14:13:29] [Worker-Main-2/WARN]: Skipping Entity with id guardvillagers:guard
[14:13:29] [Server thread/WARN]: Can't keep up! Is the server overloaded? Running 2010ms or 40 ticks behind
[14:13:30] [Worker-Main-7/WARN]: Non-existent template pool reference: ctov:village/waystone/normal
[14:13:30] [Worker-Main-7/WARN]: Non-existent template pool reference: ctov:village/bounty/swamp
[14:13:30] [Worker-Main-7/WARN]: Non-existent template pool reference: ctov:village/vampirism/totem
[14:13:30] [Server thread/INFO]: Villager class_1646['Gino'/13830, l='ServerLevel[world]', x=2950.19, y=64.00, z=-778.19] died, message: 'Gino was slain by Kobold Warrior'
[14:13:30] [Server thread/INFO]: Named entity class_1646['Gino'/13830, l='ServerLevel[world]', x=2950.19, y=64.00, z=-778.19] died: Gino was slain by Kobold Warrior
[14:13:35] [Server thread/INFO]: Villager class_1646['Sudie'/14294, l='ServerLevel[world]', x=2941.49, y=63.18, z=-772.06] died, message: 'Sudie was slain by Kobold Warrior'
[14:13:35] [Server thread/INFO]: Named entity class_1646['Sudie'/14294, l='ServerLevel[world]', x=2941.49, y=63.18, z=-772.06] died: Sudie was slain by Kobold Warrior
[14:13:41] [Server thread/INFO]: kazunah was slain by Kobold Warrior
[14:13:45] [Server thread/INFO]: Villager class_1646['Rivka'/14012, l='ServerLevel[world]', x=2956.50, y=66.00, z=-748.70] died, message: 'Rivka was slain by Kobold Warrior'
[14:13:45] [Server thread/INFO]: Named entity class_1646['Rivka'/14012, l='ServerLevel[world]', x=2956.50, y=66.00, z=-748.70] died: Rivka was slain by Kobold Warrior
[14:13:48] [Server thread/INFO]: Villager class_1646['Maynard'/12162, l='ServerLevel[world]', x=2939.70, y=63.00, z=-769.50] died, message: 'Maynard was slain by Kobold Warrior'
[14:13:48] [Server thread/INFO]: Named entity class_1646['Maynard'/12162, l='ServerLevel[world]', x=2939.70, y=63.00, z=-769.50] died: Maynard was slain by Kobold Warrior
[14:13:49] [Netty Epoll Server IO #14/INFO]: [do_a_barrel_roll] Client of kazunah accepted server config.
[14:13:50] [Server thread/INFO]: Villager class_1646['Richard'/14013, l='ServerLevel[world]', x=2936.50, y=64.00, z=-759.50] died, message: 'Richard was slain by Kobold Warrior'
[14:13:50] [Server thread/INFO]: Named entity class_1646['Richard'/14013, l='ServerLevel[world]', x=2936.50, y=64.00, z=-759.50] died: Richard was slain by Kobold Warrior
[14:14:22] [Server thread/WARN]: Can't keep up! Is the server overloaded? Running 2016ms or 40 ticks behind
[14:15:01] [Worker-Main-1/WARN]: Lithium Class Analysis Error: Class org.betterx.bclib.blocks.BaseBlock cannot be analysed, because getting declared methods crashes with NoClassDefFoundError: net/minecraft/class_793. This is usually caused by modded entities declaring methods that have a return type or parameter type that is annotated with @Environment(value=EnvType.CLIENT). Loading the type is not possible, because it only exists in the CLIENT environment. The recommended fix is to annotate the method with this argument or return type with the same annotation. Lithium handles this error by assuming the class cannot be included in some optimizations.
[14:15:01] [Worker-Main-1/WARN]: Lithium Class Analysis Error: Class org.betterx.bclib.blocks.BaseBlock cannot be analysed, because getting declared methods crashes with NoClassDefFoundError: net/minecraft/class_793. This is usually caused by modded entities declaring methods that have a return type or parameter type that is annotated with @Environment(value=EnvType.CLIENT). Loading the type is not possible, because it only exists in the CLIENT environment. The recommended fix is to annotate the method with this argument or return type with the same annotation. Lithium handles this error by assuming the class cannot be included in some optimizations.
[14:15:15] [pool-13-thread-2/INFO]: Searching for closest structure among [ResourceKey[minecraft:worldgen/structure / ctov:medium/village_desert], ResourceKey[minecraft:worldgen/structure / ctov:medium/village_swamp_fortified], ResourceKey[minecraft:worldgen/structure / integrated_villages:cabin_village], ResourceKey[minecraft:worldgen/structure / towns_and_towers:village_badlands], ResourceKey[minecraft:worldgen/structure / ctov:large/village_christmas], ResourceKey[minecraft:worldgen/structure / ctov:medium/village_savanna], ResourceKey[minecraft:worldgen/structure / ctov:large/village_plains_fortified], ResourceKey[minecraft:worldgen/structure / ctov:medium/village_swamp]] from pos class_2338{x=3989, y=81, z=-1077}
[14:15:16] [Server thread/WARN]: Can't keep up! Is the server overloaded? Running 2470ms or 49 ticks behind
[14:15:17] [Worker-Main-6/WARN]: Non-existent template pool reference: ctov:village/vampirism/totem
[14:15:17] [Worker-Main-6/WARN]: Non-existent template pool reference: ctov:village/bounty/swamp
[14:15:17] [Worker-Main-6/WARN]: Non-existent template pool reference: ctov:village/waystone/normal
[14:15:38] [Server thread/WARN]: Can't keep up! Is the server overloaded? Running 6483ms or 129 ticks behind
[14:15:55] [Server thread/WARN]: Can't keep up! Is the server overloaded? Running 2211ms or 44 ticks behind
[14:15:57] [pool-13-thread-2/INFO]: Searching for closest structure among [ResourceKey[minecraft:worldgen/structure / integrated_villages:kutcha_village], ResourceKey[minecraft:worldgen/structure / ctov:medium/village_savanna], ResourceKey[minecraft:worldgen/structure / towns_and_towers:village_sunflower_plains], ResourceKey[minecraft:worldgen/structure / towns_and_towers:village_snowy_slopes], ResourceKey[minecraft:worldgen/structure / ctov:small/village_dark_forest], ResourceKey[minecraft:worldgen/structure / ctov:small/village_mountain_alpine], ResourceKey[minecraft:worldgen/structure / ctov:small/village_savanna], ResourceKey[minecraft:worldgen/structure / ctov:large/village_desert]] from pos class_2338{x=3739, y=68, z=-571}
[14:16:20] [Server thread/WARN]: Can't keep up! Is the server overloaded? Running 9690ms or 193 ticks behind
[14:16:33] [Server thread/INFO]: Coemsexy has made the advancement [Invitation to the Tea Party]
[14:16:37] [Server thread/WARN]: Can't keep up! Is the server overloaded? Running 2015ms or 40 ticks behind
[14:16:56] [Server thread/WARN]: Can't keep up! Is the server overloaded? Running 3519ms or 70 ticks behind
[14:17:15] [Server thread/WARN]: Can't keep up! Is the server overloaded? Running 4155ms or 83 ticks behind
[14:17:34] [Server thread/WARN]: Can't keep up! Is the server overloaded? Running 3810ms or 76 ticks behind
[14:17:52] [Server thread/WARN]: Can't keep up! Is the server overloaded? Running 3748ms or 74 ticks behind
[14:17:55] [Server thread/WARN]: Żar-ptak (vehicle of Coemsexy) moved wrongly! 0.3203628707178723
[14:17:55] [Server thread/WARN]: Żar-ptak (vehicle of Coemsexy) moved wrongly! 0.5
[14:17:55] [Server thread/WARN]: Żar-ptak (vehicle of Coemsexy) moved wrongly! 0.5
[14:17:55] [Server thread/WARN]: Żar-ptak (vehicle of Coemsexy) moved wrongly! 0.5
[14:18:11] [Server thread/WARN]: Can't keep up! Is the server overloaded? Running 3941ms or 78 ticks behind
[14:18:25] [Server thread/INFO]: <khangheheqt> 3954 -1180
[14:18:26] [pool-13-thread-3/INFO]: Searching for closest structure among [ResourceKey[minecraft:worldgen/structure / towns_and_towers:village_grove], ResourceKey[minecraft:worldgen/structure / towns_and_towers:village_meadow], ResourceKey[minecraft:worldgen/structure / ctov:large/village_beach], ResourceKey[minecraft:worldgen/structure / towns_and_towers:exclusives/village_tudor], ResourceKey[minecraft:worldgen/structure / ctov:large/village_mesa_fortified], ResourceKey[minecraft:worldgen/structure / integrated_villages:clockwork_village], ResourceKey[minecraft:worldgen/structure / ctov:small/village_mesa], ResourceKey[minecraft:worldgen/structure / towns_and_towers:village_mushroom_fields]] from pos class_2338{x=3979, y=76, z=-1461}
[14:18:30] [Server thread/INFO]: <kazunah> 2145 -821
[14:18:38] [Worker-Main-2/WARN]: Non-existent template pool reference: kaisyn:village/meadow_swiss/villagers
[14:18:40] [Server thread/INFO]: khangheheqt lost connection: Disconnected
[14:18:40] [Server thread/INFO]: khangheheqt left the game
[14:18:40] [Server thread/INFO]: remove player wand
[14:18:40] [Server thread/INFO]: Updating all forceload tickets for 42584645-7e52-3372-940c-c1f53f38dfaa
[14:18:41] [Server thread/WARN]: Can't keep up! Is the server overloaded? Running 14606ms or 292 ticks behind
[14:18:49] [Server thread/INFO]: [Handshake] Sending channel query
[14:18:49] [Netty Epoll Server IO #6/INFO]: [Handshake] Receiving client channels
[14:18:49] [Netty Epoll Server IO #6/INFO]: [Handshake] Handshake completed successfully
[14:18:49] [Server thread/INFO]: khangheheqt[/123.19.16.121:60711] logged in with entity id 61362 at (3893.290366202969, 80.9771526825422, -1171.2047302586711)
[14:18:49] [Server thread/INFO]: Sending server config values to client
[14:18:49] [Server thread/INFO]: Started config sync for player khangheheqt
[14:18:49] [Server thread/INFO]: Syncing config to khangheheqt (42584645-7e52-3372-940c-c1f53f38dfaa)
[14:18:49] [Server thread/INFO]: Loading config from file...
[14:18:49] [Server thread/ERROR]: [Load My F***ing Tags]: It seems that some tags are a bit cooked. Look at the Logs for more details on broken functions. 
[14:18:49] [Server thread/INFO]: [STDOUT]: Splitting recipes into 10 packets
[14:18:49] [Server thread/INFO]: [betternether] Freeze Registry[ResourceKey[minecraft:root / worlds_together:worldgen/betterx/surface_rules] (Stable)]
[14:18:49] [Server thread/INFO]: khangheheqt joined the game
[14:18:49] [Server thread/WARN]: Skipped emitting ENTITY_MOUNT game event for entity FirebirdEntity['Żar-ptak'/61363, l='ServerLevel[world]', x=3893.29, y=80.30, z=-1171.20] as it would cause deadlock
[14:18:49] [Server thread/INFO]: Updating all forceload tickets for 42584645-7e52-3372-940c-c1f53f38dfaa
[14:18:49] [Server thread/INFO]: add_player wand
[14:18:49] [Server thread/INFO]: player_data {bleed:0,max_posture:201,parry_frames:0,posture:0,should_damage_riding:0b,target_max_posture:200,target_name:"",target_posture:0}
[14:18:51] [Netty Epoll Server IO #6/INFO]: Receiving client config
[14:18:52] [Netty Epoll Server IO #6/INFO]: Channel update: khangheheqt -> default
[14:18:52] [Netty Epoll Server IO #6/INFO]: Priority overwritten for player khangheheqt. Claiming: GRAVE / Robbing: INVENTORY
[14:18:52] [Netty Epoll Server IO #6/INFO]: Finished config sync
[14:18:54] [Netty Epoll Server IO #6/INFO]: [do_a_barrel_roll] Client of khangheheqt accepted server config.
[14:18:58] [Server thread/WARN]: Can't keep up! Is the server overloaded? Running 2296ms or 45 ticks behind
[14:19:07] [Server thread/INFO]: Villager class_1646['Rich'/58346, l='ServerLevel[world]', x=3935.14, y=65.00, z=-1189.16] died, message: 'Rich was shot by Illusioner'
[14:19:07] [Server thread/INFO]: Named entity class_1646['Rich'/58346, l='ServerLevel[world]', x=3935.14, y=65.00, z=-1189.16] died: Rich was shot by Illusioner
[14:19:08] [Worker-Main-3/WARN]: Non-existent template pool reference: ctov:village/vampirism/totem
[14:19:08] [Worker-Main-3/WARN]: Non-existent template pool reference: ctov:village/bounty/swamp
[14:19:08] [Worker-Main-3/WARN]: Non-existent template pool reference: ctov:village/waystone/normal
[14:19:18] [Server thread/WARN]: Can't keep up! Is the server overloaded? Running 5536ms or 110 ticks behind
[14:19:29] [Server thread/INFO]: Sylein1 has made the advancement [Invitation to the Tea Party]
[14:19:37] [Worker-Main-6/WARN]: Integrated API: Empty or nonexistent pool: integrated_villages:swamp_village/swamp_village_irons_priest which is being called from not a SinglePoolElement class
[14:19:37] [Server thread/WARN]: Can't keep up! Is the server overloaded? Running 3307ms or 66 ticks behind
[14:19:45] [Netty Epoll Server IO #5/ERROR]: Exception occurred in netty pipeline
io.netty.handler.timeout.ReadTimeoutException: null
[14:19:53] [Worker-Main-4/WARN]: Skipping Entity with id guardvillagers:guard
[14:19:54] [Worker-Main-7/WARN]: Skipping Entity with id guardvillagers:guard
[14:19:55] [Server thread/WARN]: Can't keep up! Is the server overloaded? Running 3016ms or 60 ticks behind
[14:20:13] [Server thread/WARN]: Can't keep up! Is the server overloaded? Running 2783ms or 55 ticks behind
[14:20:14] [Server thread/INFO]: kazunah lost connection: Disconnected
[14:20:14] [Server thread/INFO]: kazunah left the game
[14:20:14] [Server thread/INFO]: remove player wand
[14:20:14] [Server thread/INFO]: Updating all forceload tickets for d82c3ddf-5b10-310a-b387-e4f3d3f85fcb
[14:20:50] [Server thread/INFO]: khangheheqt lost connection: Disconnected
[14:20:50] [Server thread/INFO]: khangheheqt left the game
[14:20:50] [Server thread/INFO]: remove player wand
[14:20:50] [Server thread/INFO]: Updating all forceload tickets for 42584645-7e52-3372-940c-c1f53f38dfaa
[14:20:51] [Server thread/INFO]: komeme lost connection: Disconnected
[14:20:51] [Server thread/INFO]: komeme left the game
[14:20:51] [Server thread/INFO]: remove player wand
[14:20:51] [Server thread/INFO]: Updating all forceload tickets for df7526af-ada2-3cc5-93a7-9af9f4562b16
[14:21:05] [Server thread/INFO]: [Handshake] Sending channel query
[14:21:05] [Netty Epoll Server IO #11/INFO]: [Handshake] Receiving client channels
[14:21:05] [Netty Epoll Server IO #11/INFO]: [Handshake] Handshake completed successfully
[14:21:05] [Server thread/INFO]: kazunah[/123.19.16.121:50653] logged in with entity id 68369 at (2331.0111613895247, 85.0, -836.5885591774821)
[14:21:05] [Server thread/INFO]: Sending server config values to client
[14:21:05] [Server thread/INFO]: Started config sync for player kazunah
[14:21:05] [Server thread/INFO]: Syncing config to kazunah (d82c3ddf-5b10-310a-b387-e4f3d3f85fcb)
[14:21:05] [Server thread/INFO]: Loading config from file...
[14:21:05] [Server thread/ERROR]: [Load My F***ing Tags]: It seems that some tags are a bit cooked. Look at the Logs for more details on broken functions. 
[14:21:05] [Server thread/INFO]: [STDOUT]: Splitting recipes into 10 packets
[14:21:05] [Server thread/INFO]: [betternether] Freeze Registry[ResourceKey[minecraft:root / worlds_together:worldgen/betterx/surface_rules] (Stable)]
[14:21:05] [Server thread/INFO]: kazunah joined the game
[14:21:05] [Server thread/INFO]: Updating all forceload tickets for d82c3ddf-5b10-310a-b387-e4f3d3f85fcb
[14:21:05] [Server thread/INFO]: add_player wand
[14:21:05] [Server thread/INFO]: player_data {bleed:0,parry_frames:0,posture:0,should_damage_riding:0b,target_max_posture:200,target_name:"",target_posture:0}
[14:21:07] [Netty Epoll Server IO #11/INFO]: Receiving client config
[14:21:08] [Netty Epoll Server IO #11/INFO]: Channel update: kazunah -> default
[14:21:08] [Netty Epoll Server IO #11/INFO]: Priority overwritten for player kazunah. Claiming: GRAVE / Robbing: INVENTORY
[14:21:08] [Netty Epoll Server IO #11/INFO]: Finished config sync
[14:21:14] [Server thread/INFO]: [Handshake] Sending channel query
[14:21:14] [Netty Epoll Server IO #12/INFO]: [Handshake] Receiving client channels
[14:21:14] [Netty Epoll Server IO #12/INFO]: [Handshake] Handshake completed successfully
[14:21:14] [Server thread/INFO]: khangheheqt[/123.19.16.121:60728] logged in with entity id 68871 at (2856.851164230237, 94.23511376059255, -970.6738681052249)
[14:21:14] [Server thread/INFO]: Sending server config values to client
[14:21:14] [Server thread/INFO]: Started config sync for player khangheheqt
[14:21:14] [Server thread/INFO]: Syncing config to khangheheqt (42584645-7e52-3372-940c-c1f53f38dfaa)
[14:21:14] [Server thread/INFO]: Loading config from file...
[14:21:14] [Server thread/ERROR]: [Load My F***ing Tags]: It seems that some tags are a bit cooked. Look at the Logs for more details on broken functions. 
[14:21:14] [Server thread/INFO]: [STDOUT]: Splitting recipes into 10 packets
[14:21:14] [Server thread/INFO]: [betternether] Freeze Registry[ResourceKey[minecraft:root / worlds_together:worldgen/betterx/surface_rules] (Stable)]
[14:21:14] [Server thread/INFO]: khangheheqt joined the game
[14:21:14] [Server thread/INFO]: Updating all forceload tickets for 42584645-7e52-3372-940c-c1f53f38dfaa
[14:21:14] [Server thread/INFO]: add_player wand
[14:21:14] [Server thread/INFO]: player_data {bleed:0,max_posture:201,parry_frames:0,posture:0,should_damage_riding:0b,target_max_posture:200,target_name:"",target_posture:0}
[14:21:16] [Netty Epoll Server IO #12/INFO]: Receiving client config
[14:21:17] [Netty Epoll Server IO #12/INFO]: Channel update: khangheheqt -> default
[14:21:17] [Netty Epoll Server IO #12/INFO]: Priority overwritten for player khangheheqt. Claiming: GRAVE / Robbing: INVENTORY
[14:21:17] [Netty Epoll Server IO #12/INFO]: Finished config sync
[14:21:18] [Netty Epoll Server IO #12/INFO]: [do_a_barrel_roll] Client of khangheheqt accepted server config.
[14:21:30] [Server thread/INFO]: [Handshake] Sending channel query
[14:21:30] [Netty Epoll Server IO #13/INFO]: [Handshake] Receiving client channels
[14:21:30] [Netty Epoll Server IO #13/INFO]: [Handshake] Handshake completed successfully
[14:21:31] [Server thread/INFO]: komeme[/123.19.16.121:5015] logged in with entity id 69512 at (3967.801277779347, 82.68125, -1238.0992230952636)
[14:21:31] [Server thread/INFO]: Sending server config values to client
[14:21:31] [Server thread/INFO]: Started config sync for player komeme
[14:21:31] [Server thread/INFO]: Syncing config to komeme (df7526af-ada2-3cc5-93a7-9af9f4562b16)
[14:21:31] [Server thread/INFO]: Loading config from file...
[14:21:31] [Server thread/ERROR]: [Load My F***ing Tags]: It seems that some tags are a bit cooked. Look at the Logs for more details on broken functions. 
[14:21:31] [Server thread/INFO]: [STDOUT]: Splitting recipes into 10 packets
[14:21:31] [Server thread/INFO]: [betternether] Freeze Registry[ResourceKey[minecraft:root / worlds_together:worldgen/betterx/surface_rules] (Stable)]
[14:21:31] [Server thread/INFO]: komeme joined the game
[14:21:31] [Server thread/INFO]: Updating all forceload tickets for df7526af-ada2-3cc5-93a7-9af9f4562b16
[14:21:31] [Server thread/INFO]: add_player wand
[14:21:31] [Server thread/INFO]: player_data {bleed:0,max_posture:201,parry_frames:0,posture:0,should_damage_riding:0b,target_max_posture:200,target_name:"",target_posture:0}
[14:21:35] [Netty Epoll Server IO #13/INFO]: Receiving client config
[14:21:36] [Netty Epoll Server IO #13/INFO]: Channel update: komeme -> default
[14:21:36] [Netty Epoll Server IO #13/INFO]: Priority overwritten for player komeme. Claiming: GRAVE / Robbing: INVENTORY
[14:21:36] [Netty Epoll Server IO #13/INFO]: Finished config sync
[14:21:46] [Server thread/WARN]: Can't keep up! Is the server overloaded? Running 2001ms or 40 ticks behind
[14:21:46] [Server thread/INFO]: kazunah lost connection: Disconnected
[14:21:46] [Server thread/INFO]: kazunah left the game
[14:21:46] [Server thread/INFO]: remove player wand
[14:21:46] [Server thread/INFO]: Updating all forceload tickets for d82c3ddf-5b10-310a-b387-e4f3d3f85fcb
[14:22:05] [Server thread/INFO]: [Handshake] Sending channel query
[14:22:05] [Netty Epoll Server IO #15/INFO]: [Handshake] Receiving client channels
[14:22:05] [Netty Epoll Server IO #15/INFO]: [Handshake] Handshake completed successfully
[14:22:05] [Server thread/INFO]: kazunah[/123.19.16.121:50816] logged in with entity id 70423 at (2331.0111613895247, 85.0, -836.5885591774821)
[14:22:05] [Server thread/INFO]: Sending server config values to client
[14:22:05] [Server thread/INFO]: Started config sync for player kazunah
[14:22:05] [Server thread/INFO]: Syncing config to kazunah (d82c3ddf-5b10-310a-b387-e4f3d3f85fcb)
[14:22:05] [Server thread/INFO]: Loading config from file...
[14:22:05] [Server thread/ERROR]: [Load My F***ing Tags]: It seems that some tags are a bit cooked. Look at the Logs for more details on broken functions. 
[14:22:05] [Server thread/INFO]: [STDOUT]: Splitting recipes into 10 packets
[14:22:05] [Server thread/INFO]: [betternether] Freeze Registry[ResourceKey[minecraft:root / worlds_together:worldgen/betterx/surface_rules] (Stable)]
[14:22:05] [Server thread/INFO]: kazunah joined the game
[14:22:06] [Server thread/INFO]: Updating all forceload tickets for d82c3ddf-5b10-310a-b387-e4f3d3f85fcb
[14:22:06] [Server thread/INFO]: add_player wand
[14:22:06] [Server thread/INFO]: player_data {bleed:0,parry_frames:0,posture:0,should_damage_riding:0b,target_max_posture:200,target_name:"",target_posture:0}
[14:22:07] [Netty Epoll Server IO #15/INFO]: Receiving client config
[14:22:07] [Netty Epoll Server IO #15/INFO]: Channel update: kazunah -> default
[14:22:07] [Netty Epoll Server IO #15/INFO]: Priority overwritten for player kazunah. Claiming: GRAVE / Robbing: INVENTORY
[14:22:07] [Netty Epoll Server IO #15/INFO]: Finished config sync
[14:22:08] [Netty Epoll Server IO #15/INFO]: [do_a_barrel_roll] Client of kazunah accepted server config.
[14:22:11] [Server thread/INFO]: Villager class_1646['Karlene'/3131, l='ServerLevel[world]', x=2502.26, y=84.56, z=-737.63] died, message: 'Karlene was slain by Kobold Warrior'
[14:22:11] [Server thread/INFO]: Named entity class_1646['Karlene'/3131, l='ServerLevel[world]', x=2502.26, y=84.56, z=-737.63] died: Karlene was slain by Kobold Warrior
[14:22:14] [Server thread/INFO]: Villager class_1646['Rosalyn'/3130, l='ServerLevel[world]', x=2501.30, y=84.56, z=-737.30] died, message: 'Rosalyn was slain by Kobold Warrior'
[14:22:14] [Server thread/INFO]: Named entity class_1646['Rosalyn'/3130, l='ServerLevel[world]', x=2501.30, y=84.56, z=-737.30] died: Rosalyn was slain by Kobold Warrior
[14:22:16] [Server thread/WARN]: Can't keep up! Is the server overloaded? Running 2001ms or 40 ticks behind
[14:22:29] [Server thread/INFO]: komeme lost connection: Timed out
[14:22:29] [Server thread/INFO]: komeme left the game
[14:22:29] [Server thread/INFO]: remove player wand
[14:22:29] [Server thread/INFO]: Updating all forceload tickets for df7526af-ada2-3cc5-93a7-9af9f4562b16
[14:22:29] [Server thread/WARN]: handleDisconnection() called twice
[14:22:38] [Server thread/INFO]: [Handshake] Sending channel query
[14:22:38] [Netty Epoll Server IO #0/INFO]: [Handshake] Receiving client channels
[14:22:38] [Netty Epoll Server IO #0/INFO]: [Handshake] Handshake completed successfully
[14:22:38] [Server thread/INFO]: komeme[/123.19.16.121:5020] logged in with entity id 72141 at (3967.801277779347, 82.68125, -1238.0992230952636)
[14:22:38] [Server thread/INFO]: Sending server config values to client
[14:22:38] [Server thread/INFO]: Started config sync for player komeme
[14:22:38] [Server thread/INFO]: Syncing config to komeme (df7526af-ada2-3cc5-93a7-9af9f4562b16)
[14:22:38] [Server thread/INFO]: Loading config from file...
[14:22:38] [Server thread/ERROR]: [Load My F***ing Tags]: It seems that some tags are a bit cooked. Look at the Logs for more details on broken functions. 
[14:22:39] [Server thread/INFO]: [STDOUT]: Splitting recipes into 10 packets
[14:22:39] [Server thread/INFO]: [betternether] Freeze Registry[ResourceKey[minecraft:root / worlds_together:worldgen/betterx/surface_rules] (Stable)]
[14:22:39] [Server thread/INFO]: komeme joined the game
[14:22:39] [Server thread/WARN]: Skipped emitting ENTITY_MOUNT game event for entity FirebirdEntity['Żar-ptak'/72142, l='ServerLevel[world]', x=3967.80, y=82.00, z=-1238.10] as it would cause deadlock
[14:22:39] [Server thread/INFO]: Updating all forceload tickets for df7526af-ada2-3cc5-93a7-9af9f4562b16
[14:22:39] [Server thread/INFO]: add_player wand
[14:22:39] [Server thread/INFO]: player_data {bleed:0,max_posture:201,parry_frames:0,posture:0,should_damage_riding:0b,target_max_posture:200,target_name:"",target_posture:0}
[14:22:40] [Netty Epoll Server IO #0/INFO]: Receiving client config
[14:22:41] [Netty Epoll Server IO #0/INFO]: Channel update: komeme -> default
[14:22:41] [Netty Epoll Server IO #0/INFO]: Priority overwritten for player komeme. Claiming: GRAVE / Robbing: INVENTORY
[14:22:41] [Netty Epoll Server IO #0/INFO]: Finished config sync
[14:22:42] [Netty Epoll Server IO #0/INFO]: [do_a_barrel_roll] Client of komeme accepted server config.
[14:22:54] [Server thread/WARN]: Can't keep up! Is the server overloaded? Running 2006ms or 40 ticks behind
[14:22:56] [Worker-Main-6/WARN]: Tried to access a block entity before it was created. class_2338{x=4576, y=237, z=-1097}
[14:22:56] [Worker-Main-6/WARN]: Tried to access a block entity before it was created. class_2338{x=4576, y=237, z=-1097}
[14:23:18] [Server thread/WARN]: Can't keep up! Is the server overloaded? Running 2024ms or 40 ticks behind
[14:23:20] [Worker-Main-6/WARN]: Tried to access a block entity before it was created. class_2338{x=4703, y=65, z=-1280}
[14:23:20] [Worker-Main-6/WARN]: Tried to access a block entity before it was created. class_2338{x=4703, y=65, z=-1280}
[14:24:12] [Worker-Main-1/WARN]: Skipping Entity with id quark:glass_frame
[14:24:12] [Worker-Main-1/WARN]: Skipping Entity with id quark:glass_frame
[14:24:12] [Worker-Main-1/WARN]: Skipping Entity with id guardvillagers:guard
[14:24:14] [Worker-Main-2/WARN]: Skipping Entity with id guardvillagers:guard
[14:24:14] [Worker-Main-2/WARN]: Skipping Entity with id guardvillagers:guard
[14:24:14] [Worker-Main-5/WARN]: Skipping Entity with id quark:glass_frame
[14:24:14] [Worker-Main-5/WARN]: Skipping Entity with id quark:glass_frame
[14:24:14] [Worker-Main-5/WARN]: Skipping Entity with id quark:glass_frame
[14:24:14] [Worker-Main-5/WARN]: Skipping Entity with id quark:glass_frame
[14:24:14] [Worker-Main-5/WARN]: Skipping Entity with id guardvillagers:guard
[14:24:14] [Worker-Main-5/WARN]: Skipping Entity with id guardvillagers:guard
[14:24:14] [Server thread/WARN]: Can't keep up! Is the server overloaded? Running 2006ms or 40 ticks behind
[14:24:16] [Worker-Main-5/WARN]: Skipping Entity with id guardvillagers:guard
[14:24:16] [Worker-Main-5/WARN]: Skipping Entity with id guardvillagers:guard
[14:24:17] [Worker-Main-5/WARN]: Skipping Entity with id guardvillagers:guard
[14:24:20] [Worker-Main-3/WARN]: Skipping Entity with id guardvillagers:guard
[14:24:20] [Worker-Main-4/WARN]: Skipping Entity with id guardvillagers:guard
[14:24:20] [Worker-Main-4/WARN]: Skipping Entity with id guardvillagers:guard
[14:24:22] [Worker-Main-4/WARN]: Skipping Entity with id guardvillagers:guard
[14:24:22] [Worker-Main-7/WARN]: Skipping Entity with id guardvillagers:guard
[14:24:22] [Worker-Main-5/WARN]: Skipping Entity with id guardvillagers:guard
[14:24:23] [Worker-Main-5/WARN]: Skipping Entity with id guardvillagers:guard
[14:24:23] [Worker-Main-2/WARN]: Skipping Entity with id guardvillagers:guard
[14:24:23] [Worker-Main-5/WARN]: Skipping Entity with id quark:glass_frame
[14:24:23] [Worker-Main-5/WARN]: Skipping Entity with id quark:glass_frame
[14:24:23] [Worker-Main-5/WARN]: Skipping Entity with id guardvillagers:guard
[14:24:23] [Worker-Main-4/WARN]: Skipping Entity with id guardvillagers:guard
[14:24:23] [Worker-Main-4/WARN]: Skipping Entity with id guardvillagers:guard
[14:24:23] [Worker-Main-4/WARN]: Skipping Entity with id irons_spellbooks:priest
[14:24:23] [Worker-Main-4/WARN]: Skipping Entity with id guardvillagers:guard
[14:24:23] [Worker-Main-4/WARN]: Skipping Entity with id guardvillagers:guard
[14:24:25] [Worker-Main-6/WARN]: Skipping Entity with id guardvillagers:guard
[14:24:25] [Worker-Main-6/WARN]: Skipping Entity with id guardvillagers:guard
[14:24:25] [Worker-Main-5/WARN]: Skipping Entity with id quark:glass_frame
[14:24:25] [Worker-Main-5/WARN]: Skipping Entity with id quark:glass_frame
[14:24:25] [Worker-Main-5/WARN]: Skipping Entity with id quark:glass_frame
[14:24:25] [Worker-Main-5/WARN]: Skipping Entity with id quark:glass_frame
[14:24:25] [Worker-Main-5/WARN]: Skipping Entity with id quark:glass_frame
[14:24:25] [Worker-Main-5/WARN]: Skipping Entity with id quark:glass_frame
[14:24:25] [Worker-Main-5/WARN]: Skipping Entity with id guardvillagers:guard
[14:24:25] [Worker-Main-5/WARN]: Skipping Entity with id guardvillagers:guard
[14:24:25] [Worker-Main-5/WARN]: Skipping Entity with id guardvillagers:guard
[14:24:37] [Server thread/WARN]: Can't keep up! Is the server overloaded? Running 7837ms or 156 ticks behind
[14:24:54] [Server thread/INFO]: Coemsexy has made the advancement [Airship Village]
[14:24:55] [Server thread/WARN]: Can't keep up! Is the server overloaded? Running 2601ms or 52 ticks behind
[14:25:14] [Server thread/WARN]: Can't keep up! Is the server overloaded? Running 4987ms or 99 ticks behind
[14:25:19] [Server thread/INFO]: [Handshake] Sending channel query
[14:25:19] [Netty Epoll Server IO #2/ERROR]: Exception occurred in netty pipeline
io.netty.channel.unix.Errors$NativeIoException: recvAddress(..) failed: Connection reset by peer
[14:25:19] [Server thread/INFO]: com.mojang.authlib.GameProfile@6f5a4a55[id=<null>,name=mCoCtO1198071,properties={},legacy=false] (/45.153.34.119:55210) lost connection: Disconnected
[14:25:36] [Server thread/WARN]: Can't keep up! Is the server overloaded? Running 6116ms or 122 ticks behind
[14:25:41] [Server thread/INFO]: kazunah claimed a grave belonging to kazunah at 2993, 67, -737, minecraft:overworld
[14:25:53] [Server thread/WARN]: Can't keep up! Is the server overloaded? Running 2676ms or 53 ticks behind
[14:26:04] [Server thread/INFO]: khangheheqt lost connection: Disconnected
[14:26:04] [Server thread/INFO]: khangheheqt left the game
[14:26:04] [Server thread/INFO]: remove player wand
[14:26:04] [Server thread/INFO]: Updating all forceload tickets for 42584645-7e52-3372-940c-c1f53f38dfaa
[14:26:19] [Server thread/INFO]: [Handshake] Sending channel query
[14:26:19] [Netty Epoll Server IO #4/INFO]: [Handshake] Receiving client channels
[14:26:19] [Netty Epoll Server IO #4/INFO]: [Handshake] Handshake completed successfully
[14:26:19] [Server thread/INFO]: khangheheqt[/123.19.16.121:60762] logged in with entity id 79970 at (2320.4861935750173, 85.0, -840.7859510364057)
[14:26:19] [Server thread/INFO]: Sending server config values to client
[14:26:19] [Server thread/INFO]: Started config sync for player khangheheqt
[14:26:20] [Server thread/INFO]: Syncing config to khangheheqt (42584645-7e52-3372-940c-c1f53f38dfaa)
[14:26:20] [Server thread/INFO]: Loading config from file...
[14:26:20] [Server thread/ERROR]: [Load My F***ing Tags]: It seems that some tags are a bit cooked. Look at the Logs for more details on broken functions. 
[14:26:20] [Server thread/INFO]: [STDOUT]: Splitting recipes into 10 packets
[14:26:20] [Server thread/INFO]: [betternether] Freeze Registry[ResourceKey[minecraft:root / worlds_together:worldgen/betterx/surface_rules] (Stable)]
[14:26:20] [Server thread/INFO]: khangheheqt joined the game
[14:26:20] [Server thread/INFO]: Updating all forceload tickets for 42584645-7e52-3372-940c-c1f53f38dfaa
[14:26:20] [Server thread/INFO]: add_player wand
[14:26:20] [Server thread/INFO]: player_data {bleed:0,max_posture:201,parry_frames:0,posture:0,should_damage_riding:0b,target_max_posture:200,target_name:"",target_posture:0}
[14:26:22] [Netty Epoll Server IO #4/INFO]: Receiving client config
[14:26:22] [Netty Epoll Server IO #4/INFO]: Channel update: khangheheqt -> default
[14:26:22] [Netty Epoll Server IO #4/INFO]: Priority overwritten for player khangheheqt. Claiming: GRAVE / Robbing: INVENTORY
[14:26:22] [Netty Epoll Server IO #4/INFO]: Finished config sync
[14:26:24] [Netty Epoll Server IO #4/INFO]: [do_a_barrel_roll] Client of khangheheqt accepted server config.
[14:26:26] [Server thread/WARN]: Żar-ptak (vehicle of Coemsexy) moved wrongly! 0.3160095972682484
[14:26:26] [Server thread/WARN]: Żar-ptak (vehicle of Coemsexy) moved wrongly! 0.30188609871515837
[14:26:26] [Server thread/WARN]: Żar-ptak (vehicle of Coemsexy) moved wrongly! 0.7639460388681982
[14:26:35] [Worker-Main-5/WARN]: Skipping Entity with id guardvillagers:guard
[14:27:17] [Netty Epoll Server IO #5/ERROR]: Exception occurred in netty pipeline
io.netty.channel.unix.Errors$NativeIoException: recvAddress(..) failed: Connection reset by peer
[14:27:37] [Server thread/WARN]: Can't keep up! Is the server overloaded? Running 2002ms or 40 ticks behind
[14:27:57] [Server thread/WARN]: Can't keep up! Is the server overloaded? Running 4918ms or 98 ticks behind
[14:28:20] [Server thread/WARN]: Can't keep up! Is the server overloaded? Running 7408ms or 148 ticks behind
[14:28:33] [Worker-Main-4/WARN]: Skipping Entity with id irons_spellbooks:priest
[14:28:33] [Worker-Main-6/WARN]: Ignoring unknown attribute 'caelus:fall_flying'
[14:28:33] [Worker-Main-6/WARN]: Ignoring unknown attribute 'caelus:fall_flying'
[14:28:33] [Worker-Main-6/WARN]: Ignoring unknown attribute 'caelus:fall_flying'
[14:28:33] [Worker-Main-6/WARN]: Ignoring unknown attribute 'caelus:fall_flying'
[14:28:33] [Worker-Main-6/WARN]: Ignoring unknown attribute 'caelus:fall_flying'
[14:28:33] [Worker-Main-6/WARN]: Ignoring unknown attribute 'caelus:fall_flying'
[14:28:33] [Worker-Main-6/WARN]: Ignoring unknown attribute 'caelus:fall_flying'
[14:28:33] [Worker-Main-6/WARN]: Ignoring unknown attribute 'caelus:fall_flying'
[14:28:33] [Worker-Main-6/WARN]: Ignoring unknown attribute 'caelus:fall_flying'
[14:28:33] [Worker-Main-6/WARN]: Ignoring unknown attribute 'caelus:fall_flying'
[14:28:33] [Worker-Main-6/WARN]: Ignoring unknown attribute 'caelus:fall_flying'
[14:28:33] [Worker-Main-6/WARN]: Ignoring unknown attribute 'caelus:fall_flying'
[14:28:33] [Worker-Main-6/WARN]: Ignoring unknown attribute 'caelus:fall_flying'
[14:28:33] [Worker-Main-6/WARN]: Ignoring unknown attribute 'caelus:fall_flying'
[14:28:33] [Worker-Main-6/WARN]: Ignoring unknown attribute 'caelus:fall_flying'
[14:28:33] [Worker-Main-6/WARN]: Ignoring unknown attribute 'caelus:fall_flying'
[14:28:34] [Worker-Main-6/WARN]: Ignoring unknown attribute 'caelus:fall_flying'
[14:28:34] [Worker-Main-6/WARN]: Ignoring unknown attribute 'caelus:fall_flying'
[14:28:34] [Worker-Main-6/WARN]: Ignoring unknown attribute 'caelus:fall_flying'
[14:28:34] [Worker-Main-6/WARN]: Ignoring unknown attribute 'caelus:fall_flying'
[14:28:34] [Worker-Main-6/WARN]: Ignoring unknown attribute 'caelus:fall_flying'
[14:28:34] [Worker-Main-6/WARN]: Ignoring unknown attribute 'caelus:fall_flying'
[14:28:34] [Worker-Main-6/WARN]: Ignoring unknown attribute 'caelus:fall_flying'
[14:28:34] [Worker-Main-6/WARN]: Ignoring unknown attribute 'caelus:fall_flying'
[14:28:34] [Worker-Main-6/WARN]: Ignoring unknown attribute 'caelus:fall_flying'
[14:28:35] [Worker-Main-1/WARN]: Ignoring unknown attribute 'caelus:fall_flying'
[14:28:35] [Worker-Main-1/WARN]: Ignoring unknown attribute 'caelus:fall_flying'
[14:28:35] [Worker-Main-1/WARN]: Ignoring unknown attribute 'caelus:fall_flying'
[14:28:35] [Worker-Main-1/WARN]: Ignoring unknown attribute 'caelus:fall_flying'
[14:28:35] [Worker-Main-1/WARN]: Ignoring unknown attribute 'caelus:fall_flying'
[14:28:35] [Worker-Main-1/WARN]: Ignoring unknown attribute 'caelus:fall_flying'
[14:28:35] [Worker-Main-1/WARN]: Ignoring unknown attribute 'caelus:fall_flying'
[14:28:35] [Worker-Main-1/WARN]: Ignoring unknown attribute 'caelus:fall_flying'
[14:28:35] [Worker-Main-1/WARN]: Ignoring unknown attribute 'caelus:fall_flying'
[14:28:35] [Worker-Main-1/WARN]: Ignoring unknown attribute 'caelus:fall_flying'
[14:28:35] [Worker-Main-1/WARN]: Ignoring unknown attribute 'caelus:fall_flying'
[14:28:35] [Worker-Main-7/WARN]: Ignoring unknown attribute 'caelus:fall_flying'
[14:28:35] [Worker-Main-7/WARN]: Ignoring unknown attribute 'caelus:fall_flying'
[14:28:35] [Worker-Main-7/WARN]: Ignoring unknown attribute 'caelus:fall_flying'
[14:28:35] [Worker-Main-7/WARN]: Ignoring unknown attribute 'caelus:fall_flying'
[14:28:35] [Worker-Main-7/WARN]: Ignoring unknown attribute 'caelus:fall_flying'
[14:28:35] [Worker-Main-7/WARN]: Ignoring unknown attribute 'caelus:fall_flying'
[14:28:35] [Worker-Main-7/WARN]: Ignoring unknown attribute 'caelus:fall_flying'
[14:28:41] [Server thread/WARN]: Can't keep up! Is the server overloaded? Running 6867ms or 137 ticks behind
[14:28:46] [Worker-Main-3/WARN]: Skipping Entity with id guardvillagers:guard
[14:28:46] [Worker-Main-3/WARN]: Skipping Entity with id guardvillagers:guard
[14:28:53] [Worker-Main-1/WARN]: Skipping Entity with id guardvillagers:guard
[14:28:53] [Worker-Main-1/INFO]: [STDOUT]: Finalizing fluid item registration
[14:28:54] [Worker-Main-1/WARN]: Skipping Entity with id guardvillagers:guard
[14:29:04] [Server thread/WARN]: Can't keep up! Is the server overloaded? Running 7315ms or 146 ticks behind
[14:29:28] [Server thread/WARN]: Can't keep up! Is the server overloaded? Running 8904ms or 178 ticks behind
[14:29:49] [Server thread/WARN]: Can't keep up! Is the server overloaded? Running 5934ms or 118 ticks behind
[14:30:12] [Server thread/WARN]: Can't keep up! Is the server overloaded? Running 8646ms or 172 ticks behind
[14:30:38] [Server thread/WARN]: Can't keep up! Is the server overloaded? Running 10752ms or 215 ticks behind
[14:31:04] [Server thread/WARN]: Can't keep up! Is the server overloaded? Running 11169ms or 223 ticks behind
[14:31:27] [Server thread/WARN]: Can't keep up! Is the server overloaded? Running 7916ms or 158 ticks behind
[14:31:52] [Server thread/WARN]: Can't keep up! Is the server overloaded? Running 9880ms or 197 ticks behind
[14:31:54] [Server thread/INFO]: Sylein1 has made the advancement [Source of Evil]
[14:31:57] [Server thread/INFO]: Coemsexy has made the advancement [Ice Maze]
[14:32:21] [Server thread/WARN]: Can't keep up! Is the server overloaded? Running 14007ms or 280 ticks behind
[14:32:47] [Server thread/WARN]: Can't keep up! Is the server overloaded? Running 11141ms or 222 ticks behind
[14:33:09] [Server thread/WARN]: Can't keep up! Is the server overloaded? Running 7593ms or 151 ticks behind
[14:33:26] [Server thread/INFO]: kazunah has made the advancement [What a Deal!]
[14:33:34] [Server thread/WARN]: Can't keep up! Is the server overloaded? Running 9545ms or 190 ticks behind
[14:33:55] [Server thread/WARN]: Can't keep up! Is the server overloaded? Running 5904ms or 118 ticks behind
[14:34:05] [Server thread/WARN]: java.base/java.lang.Thread.getStackTrace(Thread.java:1619)
[14:34:05] [Server thread/WARN]: knot//net.minecraft.class_1309.handler$hhj001$prominent$checkSetAbsorbtionEntity(class_1309.java:2096)
[14:34:05] [Server thread/WARN]: knot//net.minecraft.class_1309.method_6073(class_1309.java)
[14:34:05] [Server thread/WARN]: knot//net.minecraft.class_1309.method_6074(class_1309.java:1688)
[14:34:05] [Server thread/WARN]: knot//net.minecraft.class_1309.method_5643$mixinextras$wrapped$1080(class_1309.java:1163)
[14:34:05] [Server thread/WARN]: knot//net.minecraft.class_1309.mixinextras$bridge$method_5643$mixinextras$wrapped$1080$1081(class_1309.java)
[14:34:05] [Server thread/WARN]: knot//net.minecraft.class_1309.wrapMethod$fpd000$mythicupgrades$reduceIncomingDamage(class_1309.java:60234)
[14:34:05] [Server thread/WARN]: knot//net.minecraft.class_1309.method_5643(class_1309.java)
[14:34:05] [Server thread/WARN]: knot//net.minecraft.class_1429.method_5643(class_1429.java:81)
[14:34:05] [Server thread/WARN]: knot//dev.obscuria.aquamirae.common.entity.Scuttler.method_5643(Scuttler.java:165)
[14:34:05] [Server thread/WARN]: knot//dev.obscuria.aquamirae.server.event.ShipbreakerEvent.killEntitiesNear(ShipbreakerEvent.java:169)
[14:34:05] [Server thread/WARN]: knot//dev.obscuria.aquamirae.server.event.ShipbreakerEvent.applyPhysics(ShipbreakerEvent.java:126)
[14:34:05] [Server thread/WARN]: knot//dev.obscuria.aquamirae.server.event.ShipbreakerEvent.tick(ShipbreakerEvent.java:76)
[14:34:05] [Server thread/WARN]: knot//net.minecraft.class_3218.md819359$aquamirae$lambda$aquamirae$onTick$0$2(class_3218.java:6243)
[14:34:05] [Server thread/WARN]: java.base/java.util.ArrayList.removeIf(ArrayList.java:1672)
[14:34:05] [Server thread/WARN]: java.base/java.util.ArrayList.removeIf(ArrayList.java:1660)
[14:34:05] [Server thread/WARN]: knot//net.minecraft.class_3218.handler$zpg000$aquamirae$onTick(class_3218.java:6242)
[14:34:05] [Server thread/WARN]: knot//net.minecraft.class_3218.method_18765(class_3218.java:396)
[14:34:05] [Server thread/WARN]: knot//net.minecraft.server.MinecraftServer.method_3813(MinecraftServer.java:897)
[14:34:05] [Server thread/WARN]: knot//net.minecraft.class_3176.method_3813(class_3176.java:283)
[14:34:05] [Server thread/WARN]: knot//net.minecraft.server.MinecraftServer.method_3748(MinecraftServer.java:824)
[14:34:05] [Server thread/WARN]: knot//net.minecraft.server.MinecraftServer.method_29741(MinecraftServer.java:671)
[14:34:05] [Server thread/WARN]: knot//net.minecraft.server.MinecraftServer.method_29739(MinecraftServer.java:265)
[14:34:05] [Server thread/WARN]: java.base/java.lang.Thread.run(Thread.java:840)
[14:34:05] [Server thread/WARN]: A mod tried to set NaN absorption to entity Scuttler['Scuttler'/97711, l='ServerLevel[world]', x=4576.52, y=67.00, z=-1567.46]!
[14:34:18] [Server thread/WARN]: Can't keep up! Is the server overloaded? Running 7738ms or 154 ticks behind
[14:34:42] [Server thread/WARN]: Can't keep up! Is the server overloaded? Running 9579ms or 191 ticks behind
[14:35:08] [Server thread/WARN]: Can't keep up! Is the server overloaded? Running 10917ms or 218 ticks behind
[14:35:14] [Worker-Main-1/WARN]: Tried to access a block entity before it was created. class_2338{x=5043, y=16, z=-1155}
[14:35:15] [Worker-Main-4/WARN]: Tried to access a block entity before it was created. class_2338{x=5036, y=9, z=-1158}
[14:35:30] [Server thread/WARN]: Can't keep up! Is the server overloaded? Running 7492ms or 149 ticks behind
[14:35:53] [Server thread/WARN]: Can't keep up! Is the server overloaded? Running 8051ms or 161 ticks behind
[14:36:15] [Server thread/WARN]: Can't keep up! Is the server overloaded? Running 6983ms or 139 ticks behind
[14:36:34] [Server thread/INFO]: Villager class_1646['Kris'/96963, l='ServerLevel[world]', x=3303.34, y=73.94, z=-1284.03] died, message: 'Kris was slain by Zombie'
[14:36:34] [Server thread/INFO]: Named entity class_1646['Kris'/96963, l='ServerLevel[world]', x=3303.34, y=73.94, z=-1284.03] died: Kris was slain by Zombie
[14:36:36] [Worker-Main-1/WARN]: Tried to access a block entity before it was created. class_2338{x=1882, y=65, z=67}
[14:36:36] [Worker-Main-1/WARN]: Tried to access a block entity before it was created. class_2338{x=1882, y=65, z=67}
[14:36:37] [Server thread/WARN]: Can't keep up! Is the server overloaded? Running 6251ms or 125 ticks behind
[14:36:39] [Server thread/INFO]: Coemsexy has made the advancement [Cabin Village]
[14:37:01] [Server thread/WARN]: Can't keep up! Is the server overloaded? Running 8974ms or 179 ticks behind
[14:37:28] [Server thread/WARN]: Can't keep up! Is the server overloaded? Running 12094ms or 241 ticks behind
[14:37:38] [Server thread/INFO]: khangheheqt has made the advancement [Behind bars]
[14:37:39] [Netty Epoll Server IO #4/INFO]: [do_a_barrel_roll] Client of khangheheqt accepted server config.
[14:37:55] [Netty Epoll Server IO #4/INFO]: [do_a_barrel_roll] Client of khangheheqt accepted server config.
[14:37:58] [Server thread/WARN]: Can't keep up! Is the server overloaded? Running 15606ms or 312 ticks behind
[14:38:07] [Server thread/INFO]: <khangheheqt> 1877 93
[14:38:13] [Server thread/INFO]: khangheheqt has completed the challenge [Centennial]
[14:38:25] [Server thread/WARN]: Can't keep up! Is the server overloaded? Running 12157ms or 243 ticks behind
[14:38:30] [pool-13-thread-4/INFO]: Searching for closest structure among [ResourceKey[minecraft:worldgen/structure / ctov:small/village_dark_forest], ResourceKey[minecraft:worldgen/structure / integrated_villages:mossy_mounds], ResourceKey[minecraft:worldgen/structure / ctov:small/village_jungle], ResourceKey[minecraft:worldgen/structure / ctov:large/village_dark_forest], ResourceKey[minecraft:worldgen/structure / ctov:small/village_desert_oasis], ResourceKey[minecraft:worldgen/structure / towns_and_towers:village_grove], ResourceKey[minecraft:worldgen/structure / ctov:medium/village_savanna_na], ResourceKey[minecraft:worldgen/structure / ctov:small/village_taiga]] from pos class_2338{x=2741, y=72, z=-1189}
[14:38:38] [Server thread/INFO]: Coemsexy lost connection: Disconnected
[14:38:38] [Server thread/INFO]: Coemsexy left the game
[14:38:38] [Server thread/INFO]: remove player wand
[14:38:38] [Server thread/INFO]: Updating all forceload tickets for 38038579-47d7-3591-9037-b7f14881ef67
[14:38:40] [Worker-Main-5/WARN]: Tried to access a block entity before it was created. class_2338{x=2598, y=79, z=-1163}
[14:38:40] [Worker-Main-5/WARN]: Tried to access a block entity before it was created. class_2338{x=2598, y=79, z=-1163}
[14:38:40] [Server thread/INFO]: komeme lost connection: Disconnected
[14:38:40] [Server thread/INFO]: komeme left the game
[14:38:40] [Server thread/INFO]: remove player wand
[14:38:40] [Server thread/INFO]: Updating all forceload tickets for df7526af-ada2-3cc5-93a7-9af9f4562b16
[14:38:48] [Server thread/WARN]: Can't keep up! Is the server overloaded? Running 7768ms or 155 ticks behind
[14:38:48] [Server thread/INFO]: [Handshake] Sending channel query
[14:38:48] [Netty Epoll Server IO #10/INFO]: [Handshake] Receiving client channels
[14:38:48] [Netty Epoll Server IO #10/INFO]: [Handshake] Handshake completed successfully
[14:38:49] [Server thread/INFO]: komeme[/123.19.16.121:4926] logged in with entity id 110269 at (2744.8100406784088, 68.94762118892643, -1105.8690367972272)
[14:38:49] [Server thread/INFO]: Sending server config values to client
[14:38:49] [Server thread/INFO]: Started config sync for player komeme
[14:38:49] [Server thread/INFO]: Syncing config to komeme (df7526af-ada2-3cc5-93a7-9af9f4562b16)
[14:38:49] [Server thread/INFO]: Loading config from file...
[14:38:49] [Server thread/ERROR]: [Load My F***ing Tags]: It seems that some tags are a bit cooked. Look at the Logs for more details on broken functions. 
[14:38:49] [Server thread/INFO]: [STDOUT]: Splitting recipes into 10 packets
[14:38:49] [Server thread/INFO]: [betternether] Freeze Registry[ResourceKey[minecraft:root / worlds_together:worldgen/betterx/surface_rules] (Stable)]
[14:38:49] [Server thread/INFO]: komeme joined the game
[14:38:49] [Server thread/WARN]: Skipped emitting ENTITY_MOUNT game event for entity FirebirdEntity['Żar-ptak'/110270, l='ServerLevel[world]', x=2744.81, y=68.27, z=-1105.87] as it would cause deadlock
[14:38:49] [Server thread/INFO]: Updating all forceload tickets for df7526af-ada2-3cc5-93a7-9af9f4562b16
[14:38:49] [Server thread/INFO]: add_player wand
[14:38:49] [Server thread/INFO]: player_data {bleed:0,max_posture:201,parry_frames:0,posture:0,should_damage_riding:0b,target_max_posture:200,target_name:"",target_posture:0}
[14:38:51] [Netty Epoll Server IO #10/INFO]: Receiving client config
[14:38:51] [Netty Epoll Server IO #10/INFO]: Channel update: komeme -> default
[14:38:51] [Netty Epoll Server IO #10/INFO]: Priority overwritten for player komeme. Claiming: GRAVE / Robbing: INVENTORY
[14:38:51] [Netty Epoll Server IO #10/INFO]: Finished config sync
[14:38:51] [Server thread/INFO]: [Handshake] Sending channel query
[14:38:51] [Netty Epoll Server IO #11/INFO]: [Handshake] Receiving client channels
[14:38:51] [Netty Epoll Server IO #11/INFO]: [Handshake] Handshake completed successfully
[14:38:52] [Server thread/INFO]: Coemsexy[/123.19.16.121:19683] logged in with entity id 110471 at (5490.904989466838, 68.68125, -1257.7602738535486)
[14:38:52] [Server thread/INFO]: Sending server config values to client
[14:38:52] [Server thread/INFO]: Started config sync for player Coemsexy
[14:38:52] [Server thread/INFO]: Syncing config to Coemsexy (38038579-47d7-3591-9037-b7f14881ef67)
[14:38:52] [Server thread/INFO]: Loading config from file...
[14:38:52] [Server thread/ERROR]: [Load My F***ing Tags]: It seems that some tags are a bit cooked. Look at the Logs for more details on broken functions. 
[14:38:52] [Server thread/INFO]: [STDOUT]: Splitting recipes into 10 packets
[14:38:52] [Server thread/INFO]: [betternether] Freeze Registry[ResourceKey[minecraft:root / worlds_together:worldgen/betterx/surface_rules] (Stable)]
[14:38:52] [Server thread/INFO]: Coemsexy joined the game
[14:38:52] [Server thread/INFO]: Updating all forceload tickets for 38038579-47d7-3591-9037-b7f14881ef67
[14:38:52] [Server thread/INFO]: add_player wand
[14:38:52] [Server thread/INFO]: player_data {bleed:0,parry_frames:0,posture:0,should_damage_riding:0b,target_max_posture:200,target_name:"",target_posture:0}
[14:38:52] [Netty Epoll Server IO #10/INFO]: [do_a_barrel_roll] Client of komeme accepted server config.
[14:39:02] [Netty Epoll Server IO #11/INFO]: Receiving client config
[14:39:03] [Netty Epoll Server IO #11/INFO]: Channel update: Coemsexy -> default
[14:39:03] [Netty Epoll Server IO #11/INFO]: Priority overwritten for player Coemsexy. Claiming: GRAVE / Robbing: INVENTORY
[14:39:03] [Netty Epoll Server IO #11/INFO]: Finished config sync
[14:39:08] [Server thread/INFO]: Sylein1 has made the advancement [Diamond Tier Upgrade]
[14:39:09] [Server thread/WARN]: Can't keep up! Is the server overloaded? Running 5441ms or 108 ticks behind
[14:39:31] [Server thread/WARN]: Can't keep up! Is the server overloaded? Running 7126ms or 142 ticks behind
[14:39:41] [Server thread/INFO]: Coemsexy lost connection: Disconnected
[14:39:41] [Server thread/INFO]: Coemsexy left the game
[14:39:41] [Server thread/INFO]: remove player wand
[14:39:41] [Server thread/INFO]: Updating all forceload tickets for 38038579-47d7-3591-9037-b7f14881ef67
[14:39:46] [Netty Epoll Server IO #9/ERROR]: Exception occurred in netty pipeline
io.netty.handler.timeout.ReadTimeoutException: null
[14:39:49] [Server thread/INFO]: [Handshake] Sending channel query
[14:39:49] [Netty Epoll Server IO #13/INFO]: [Handshake] Receiving client channels
[14:39:49] [Netty Epoll Server IO #13/INFO]: [Handshake] Handshake completed successfully
[14:39:49] [Server thread/INFO]: Coemsexy[/123.19.16.121:19692] logged in with entity id 111868 at (5490.904989466838, 68.68125, -1257.7602738535486)
[14:39:49] [Server thread/INFO]: Sending server config values to client
[14:39:49] [Server thread/INFO]: Started config sync for player Coemsexy
[14:39:49] [Server thread/INFO]: Syncing config to Coemsexy (38038579-47d7-3591-9037-b7f14881ef67)
[14:39:49] [Server thread/INFO]: Loading config from file...
[14:39:49] [Server thread/ERROR]: [Load My F***ing Tags]: It seems that some tags are a bit cooked. Look at the Logs for more details on broken functions. 
[14:39:49] [Server thread/INFO]: [STDOUT]: Splitting recipes into 10 packets
[14:39:49] [Server thread/INFO]: [betternether] Freeze Registry[ResourceKey[minecraft:root / worlds_together:worldgen/betterx/surface_rules] (Stable)]
[14:39:49] [Server thread/INFO]: Coemsexy joined the game
[14:39:49] [Server thread/WARN]: Skipped emitting ENTITY_MOUNT game event for entity FirebirdEntity['Żar-ptak'/111869, l='ServerLevel[world]', x=5490.90, y=68.00, z=-1257.76] as it would cause deadlock
[14:39:49] [Server thread/INFO]: Updating all forceload tickets for 38038579-47d7-3591-9037-b7f14881ef67
[14:39:49] [Server thread/INFO]: add_player wand
[14:39:49] [Server thread/INFO]: player_data {bleed:0,parry_frames:0,posture:0,should_damage_riding:0b,target_max_posture:200,target_name:"",target_posture:0}
[14:39:50] [Server thread/WARN]: Can't keep up! Is the server overloaded? Running 4498ms or 89 ticks behind
[14:39:52] [Netty Epoll Server IO #13/INFO]: Receiving client config
[14:39:53] [Netty Epoll Server IO #13/INFO]: Channel update: Coemsexy -> default
[14:39:53] [Netty Epoll Server IO #13/INFO]: Priority overwritten for player Coemsexy. Claiming: GRAVE / Robbing: INVENTORY
[14:39:53] [Netty Epoll Server IO #13/INFO]: Finished config sync
[14:39:57] [Server thread/INFO]: <khangheheqt> 1876 97
[14:40:08] [Netty Epoll Server IO #13/INFO]: [do_a_barrel_roll] Client of Coemsexy accepted server config.
[14:40:10] [Server thread/WARN]: Can't keep up! Is the server overloaded? Running 4625ms or 92 ticks behind
[14:40:28] [Server thread/WARN]: Can't keep up! Is the server overloaded? Running 3412ms or 68 ticks behind
[14:40:29] [Worker-Main-4/WARN]: Skipping Entity with id guardvillagers:guard
[14:40:29] [Worker-Main-4/WARN]: Unable to load item from: {Count:1b,id:"iceandfire:silver_sword",tag:{Damage:0}}
[14:40:30] [Worker-Main-4/WARN]: Tried to access a block entity before it was created. class_2338{x=2102, y=89, z=-389}
[14:40:30] [Worker-Main-4/WARN]: Tried to access a block entity before it was created. class_2338{x=2102, y=89, z=-389}
[14:40:30] [Worker-Main-4/WARN]: Skipping Entity with id guardvillagers:guard
[14:40:30] [Worker-Main-3/WARN]: Skipping Entity with id quark:glass_frame
[14:40:42] [Server thread/INFO]: <Coemsexy> www
[14:40:46] [Netty Epoll Server IO #12/ERROR]: Exception occurred in netty pipeline
io.netty.handler.timeout.ReadTimeoutException: null
[14:40:49] [Server thread/INFO]: <komeme> 2081 -632
[14:40:52] [Server thread/WARN]: Can't keep up! Is the server overloaded? Running 8882ms or 177 ticks behind
[14:41:14] [Server thread/WARN]: Can't keep up! Is the server overloaded? Running 7138ms or 142 ticks behind
[14:41:26] [Worker-Main-1/WARN]: Ignoring unknown attribute 'caelus:fall_flying'
[14:41:26] [Worker-Main-1/WARN]: Ignoring unknown attribute 'caelus:fall_flying'
[14:41:26] [Worker-Main-1/WARN]: Ignoring unknown attribute 'caelus:fall_flying'
[14:41:26] [Worker-Main-1/WARN]: Ignoring unknown attribute 'caelus:fall_flying'
[14:41:26] [Worker-Main-1/WARN]: Ignoring unknown attribute 'caelus:fall_flying'
[14:41:26] [Worker-Main-1/WARN]: Ignoring unknown attribute 'caelus:fall_flying'
[14:41:26] [Worker-Main-1/WARN]: Ignoring unknown attribute 'caelus:fall_flying'
[14:41:26] [Worker-Main-1/WARN]: Ignoring unknown attribute 'caelus:fall_flying'
[14:41:26] [Worker-Main-1/WARN]: Ignoring unknown attribute 'caelus:fall_flying'
[14:41:26] [Worker-Main-1/WARN]: Ignoring unknown attribute 'caelus:fall_flying'
[14:41:26] [Worker-Main-1/WARN]: Ignoring unknown attribute 'caelus:fall_flying'
[14:41:26] [Worker-Main-1/WARN]: Ignoring unknown attribute 'caelus:fall_flying'
[14:41:26] [Worker-Main-1/WARN]: Ignoring unknown attribute 'caelus:fall_flying'
[14:41:26] [Worker-Main-1/WARN]: Ignoring unknown attribute 'caelus:fall_flying'
[14:41:26] [Worker-Main-1/WARN]: Ignoring unknown attribute 'caelus:fall_flying'
[14:41:26] [Worker-Main-1/WARN]: Ignoring unknown attribute 'caelus:fall_flying'
[14:41:26] [Worker-Main-1/WARN]: Ignoring unknown attribute 'caelus:fall_flying'
[14:41:26] [Worker-Main-1/WARN]: Ignoring unknown attribute 'caelus:fall_flying'
[14:41:26] [Worker-Main-1/WARN]: Ignoring unknown attribute 'caelus:fall_flying'
[14:41:26] [Worker-Main-1/WARN]: Ignoring unknown attribute 'caelus:fall_flying'
[14:41:26] [Worker-Main-1/WARN]: Ignoring unknown attribute 'caelus:fall_flying'
[14:41:26] [Worker-Main-1/WARN]: Ignoring unknown attribute 'caelus:fall_flying'
[14:41:26] [Worker-Main-1/WARN]: Ignoring unknown attribute 'caelus:fall_flying'
[14:41:26] [Worker-Main-1/WARN]: Ignoring unknown attribute 'caelus:fall_flying'
[14:41:26] [Worker-Main-1/WARN]: Ignoring unknown attribute 'caelus:fall_flying'
[14:41:26] [Worker-Main-1/WARN]: Ignoring unknown attribute 'caelus:fall_flying'
[14:41:26] [Worker-Main-1/WARN]: Ignoring unknown attribute 'caelus:fall_flying'
[14:41:26] [Worker-Main-1/WARN]: Ignoring unknown attribute 'caelus:fall_flying'
[14:41:26] [Worker-Main-1/WARN]: Ignoring unknown attribute 'caelus:fall_flying'
[14:41:26] [Worker-Main-1/WARN]: Skipping Entity with id alexsmobs:catfish
[14:41:28] [pool-13-thread-5/INFO]: Searching for closest structure among [ResourceKey[minecraft:worldgen/structure / ctov:small/village_swamp_fortified], ResourceKey[minecraft:worldgen/structure / ctov:large/village_jungle_tree], ResourceKey[minecraft:worldgen/structure / towns_and_towers:exclusives/village_tudor], ResourceKey[minecraft:worldgen/structure / towns_and_towers:village_grove], ResourceKey[minecraft:worldgen/structure / ctov:large/village_dark_forest], ResourceKey[minecraft:worldgen/structure / ctov:small/village_taiga_fortified], ResourceKey[minecraft:worldgen/structure / ctov:medium/village_plains], ResourceKey[minecraft:worldgen/structure / towns_and_towers:village_meadow]] from pos class_2338{x=5237, y=82, z=-1125}
[14:41:32] [Worker-Main-3/WARN]: Non-existent template pool reference: ctov:village/vampirism/totem
[14:41:32] [Worker-Main-3/WARN]: Non-existent template pool reference: ctov:village/waystone/normal
[14:41:32] [Worker-Main-3/WARN]: Non-existent template pool reference: ctov:village/bounty/plains
[14:41:41] [Worker-Main-7/WARN]: Ignoring unknown attribute 'caelus:fall_flying'
[14:41:41] [Worker-Main-7/WARN]: Ignoring unknown attribute 'caelus:fall_flying'
[14:41:41] [Worker-Main-7/WARN]: Ignoring unknown attribute 'caelus:fall_flying'
[14:41:41] [Worker-Main-7/WARN]: Ignoring unknown attribute 'caelus:fall_flying'
[14:41:41] [Worker-Main-7/WARN]: Ignoring unknown attribute 'caelus:fall_flying'
[14:41:41] [Worker-Main-7/WARN]: Ignoring unknown attribute 'caelus:fall_flying'
[14:41:41] [Worker-Main-7/WARN]: Ignoring unknown attribute 'caelus:fall_flying'
[14:41:41] [Worker-Main-7/WARN]: Ignoring unknown attribute 'caelus:fall_flying'
[14:41:41] [Worker-Main-7/WARN]: Ignoring unknown attribute 'caelus:fall_flying'
[14:41:41] [Worker-Main-7/WARN]: Ignoring unknown attribute 'caelus:fall_flying'
[14:41:41] [Worker-Main-7/WARN]: Ignoring unknown attribute 'caelus:fall_flying'
[14:41:41] [Worker-Main-7/WARN]: Ignoring unknown attribute 'caelus:fall_flying'
[14:41:41] [Worker-Main-7/WARN]: Ignoring unknown attribute 'caelus:fall_flying'
[14:41:41] [Worker-Main-7/WARN]: Ignoring unknown attribute 'caelus:fall_flying'
[14:41:41] [Worker-Main-6/WARN]: Skipping Entity with id alexsmobs:catfish
[14:41:42] [Server thread/INFO]: komeme has made the advancement [Mossy Mounds]
[14:41:44] [Server thread/WARN]: Żar-ptak (vehicle of komeme) moved wrongly! 0.2647067322161547
[14:41:44] [Server thread/WARN]: Can't keep up! Is the server overloaded? Running 15240ms or 304 ticks behind
[14:41:46] [Worker-Main-6/WARN]: Skipping Entity with id alexsmobs:catfish
[14:41:46] [Worker-Main-6/WARN]: Skipping Entity with id alexsmobs:catfish
[14:41:53] [Server thread/INFO]: khangheheqt lost connection: Disconnected
[14:41:53] [Server thread/INFO]: khangheheqt left the game
[14:41:53] [Server thread/INFO]: remove player wand
[14:41:53] [Server thread/INFO]: Updating all forceload tickets for 42584645-7e52-3372-940c-c1f53f38dfaa
[14:41:59] [Server thread/INFO]: [Handshake] Sending channel query
[14:41:59] [Netty Epoll Server IO #0/INFO]: [Handshake] Receiving client channels
[14:41:59] [Netty Epoll Server IO #0/INFO]: [Handshake] Handshake completed successfully
[14:41:59] [Server thread/INFO]: khangheheqt[/123.19.16.121:60798] logged in with entity id 116022 at (1872.3925258296013, 64.0, 94.7167837874965)
[14:41:59] [Server thread/INFO]: Sending server config values to client
[14:41:59] [Server thread/INFO]: Started config sync for player khangheheqt
[14:41:59] [Server thread/INFO]: Syncing config to khangheheqt (42584645-7e52-3372-940c-c1f53f38dfaa)
[14:41:59] [Server thread/INFO]: Loading config from file...
[14:41:59] [Server thread/ERROR]: [Load My F***ing Tags]: It seems that some tags are a bit cooked. Look at the Logs for more details on broken functions. 
[14:41:59] [Server thread/INFO]: [STDOUT]: Splitting recipes into 10 packets
[14:41:59] [Server thread/INFO]: [betternether] Freeze Registry[ResourceKey[minecraft:root / worlds_together:worldgen/betterx/surface_rules] (Stable)]
[14:41:59] [Server thread/INFO]: khangheheqt joined the game
[14:42:00] [Server thread/INFO]: Updating all forceload tickets for 42584645-7e52-3372-940c-c1f53f38dfaa
[14:42:00] [Server thread/INFO]: add_player wand
[14:42:00] [Server thread/INFO]: player_data {bleed:0,max_posture:201,parry_frames:0,posture:0,should_damage_riding:0b,target_max_posture:168,target_name:"Żar-ptak",target_posture:0}
[14:42:01] [Netty Epoll Server IO #0/INFO]: Receiving client config
[14:42:01] [Netty Epoll Server IO #0/INFO]: Channel update: khangheheqt -> default
[14:42:01] [Netty Epoll Server IO #0/INFO]: Priority overwritten for player khangheheqt. Claiming: GRAVE / Robbing: INVENTORY
[14:42:01] [Netty Epoll Server IO #0/INFO]: Finished config sync
[14:42:03] [Netty Epoll Server IO #0/INFO]: [do_a_barrel_roll] Client of khangheheqt accepted server config.
[14:42:07] [Server thread/WARN]: Can't keep up! Is the server overloaded? Running 7272ms or 145 ticks behind
[14:42:25] [Server thread/WARN]: Can't keep up! Is the server overloaded? Running 3995ms or 79 ticks behind
[14:42:32] [Worker-Main-4/WARN]: Tried to access a block entity before it was created. class_2338{x=4998, y=-2, z=-1122}
[14:42:47] [Server thread/WARN]: Can't keep up! Is the server overloaded? Running 6202ms or 124 ticks behind
[14:42:58] [Netty Epoll Server IO #15/ERROR]: Exception occurred in netty pipeline
io.netty.handler.timeout.ReadTimeoutException: null
[14:43:09] [Server thread/WARN]: Can't keep up! Is the server overloaded? Running 6932ms or 138 ticks behind
[14:43:19] [Server thread/INFO]: <khangheheqt> 1874 97
[14:43:27] [Server thread/WARN]: Can't keep up! Is the server overloaded? Running 3444ms or 68 ticks behind
[14:43:47] [Server thread/WARN]: Can't keep up! Is the server overloaded? Running 4817ms or 96 ticks behind
[14:43:53] [Server thread/INFO]: <komeme> 1800 -400
[14:44:05] [Server thread/WARN]: Can't keep up! Is the server overloaded? Running 3637ms or 72 ticks behind
[14:44:14] [Server thread/INFO]: kazunah has made the advancement [Mossy Mounds]
[14:44:24] [Server thread/WARN]: Can't keep up! Is the server overloaded? Running 3396ms or 67 ticks behind
[14:44:27] [Worker-Main-4/WARN]: Ignoring unknown attribute 'irons_spellbooks:lightning_magic_resist'
[14:44:27] [Worker-Main-4/WARN]: Ignoring unknown attribute 'irons_spellbooks:lightning_magic_resist'
[14:44:44] [Server thread/WARN]: Can't keep up! Is the server overloaded? Running 4985ms or 99 ticks behind
[14:45:04] [Server thread/WARN]: Can't keep up! Is the server overloaded? Running 5833ms or 116 ticks behind
[14:45:25] [Server thread/WARN]: Can't keep up! Is the server overloaded? Running 5065ms or 101 ticks behind
[14:45:34] [Server thread/INFO]: Coemsexy lost connection: Disconnected
[14:45:34] [Server thread/INFO]: Coemsexy left the game
[14:45:34] [Server thread/INFO]: remove player wand
[14:45:34] [Server thread/INFO]: Updating all forceload tickets for 38038579-47d7-3591-9037-b7f14881ef67
[14:45:43] [Server thread/WARN]: Can't keep up! Is the server overloaded? Running 3508ms or 70 ticks behind
[14:45:47] [Server thread/INFO]: [Handshake] Sending channel query
[14:45:47] [Netty Epoll Server IO #3/INFO]: [Handshake] Receiving client channels
[14:45:47] [Netty Epoll Server IO #3/INFO]: [Handshake] Handshake completed successfully
[14:45:47] [Server thread/INFO]: Coemsexy[/123.19.16.121:19711] logged in with entity id 122905 at (4321.301553768719, 115.19517712706373, -823.0212400488082)
[14:45:47] [Server thread/INFO]: Sending server config values to client
[14:45:47] [Server thread/INFO]: Started config sync for player Coemsexy
[14:45:47] [Server thread/INFO]: Syncing config to Coemsexy (38038579-47d7-3591-9037-b7f14881ef67)
[14:45:47] [Server thread/INFO]: Loading config from file...
[14:45:47] [Server thread/ERROR]: [Load My F***ing Tags]: It seems that some tags are a bit cooked. Look at the Logs for more details on broken functions. 
[14:45:47] [Server thread/INFO]: [STDOUT]: Splitting recipes into 10 packets
[14:45:47] [Server thread/INFO]: [betternether] Freeze Registry[ResourceKey[minecraft:root / worlds_together:worldgen/betterx/surface_rules] (Stable)]
[14:45:47] [Server thread/INFO]: Coemsexy joined the game
[14:45:47] [Server thread/WARN]: Skipped emitting ENTITY_MOUNT game event for entity FirebirdEntity['Żar-ptak'/122906, l='ServerLevel[world]', x=4321.30, y=64.67, z=-823.02] as it would cause deadlock
[14:45:47] [Server thread/INFO]: Updating all forceload tickets for 38038579-47d7-3591-9037-b7f14881ef67
[14:45:47] [Server thread/INFO]: add_player wand
[14:45:47] [Server thread/INFO]: player_data {bleed:0,parry_frames:0,posture:0,should_damage_riding:0b,target_max_posture:200,target_name:"",target_posture:0}
[14:45:50] [Netty Epoll Server IO #3/INFO]: Receiving client config
[14:45:51] [Netty Epoll Server IO #3/INFO]: Channel update: Coemsexy -> default
[14:45:51] [Netty Epoll Server IO #3/INFO]: Priority overwritten for player Coemsexy. Claiming: GRAVE / Robbing: INVENTORY
[14:45:51] [Netty Epoll Server IO #3/INFO]: Finished config sync
[14:46:03] [Server thread/WARN]: Can't keep up! Is the server overloaded? Running 5035ms or 100 ticks behind
[14:46:03] [Server thread/INFO]: <khangheheqt> 1874 97
[14:46:04] [Worker-Main-7/WARN]: Skipped emitting ENTITY_MOUNT game event for entity class_1428['Chicken'/123785, l='ServerLevel[world]', x=2714.50, y=51.00, z=-215.50] as it would cause deadlock
[14:46:08] [Server thread/WARN]: Skipped emitting ENTITY_MOUNT game event for entity class_1428['Chicken'/123932, l='ServerLevel[world]', x=2714.50, y=51.00, z=-215.50] as it would cause deadlock
[14:46:13] [Netty Epoll Server IO #3/INFO]: [do_a_barrel_roll] Client of Coemsexy accepted server config.
[14:46:21] [Server thread/WARN]: Can't keep up! Is the server overloaded? Running 2844ms or 56 ticks behind
[14:46:40] [Server thread/WARN]: Can't keep up! Is the server overloaded? Running 3751ms or 75 ticks behind
[14:46:59] [Server thread/WARN]: Can't keep up! Is the server overloaded? Running 4234ms or 84 ticks behind
[14:47:11] [Server thread/WARN]: Żar-ptak (vehicle of kazunah) moved wrongly! 0.4947149774854154
[14:47:11] [Server thread/WARN]: Żar-ptak (vehicle of kazunah) moved wrongly! 0.8784254138629564
[14:47:11] [Server thread/WARN]: Żar-ptak (vehicle of kazunah) moved wrongly! 0.44141465049050055
[14:47:12] [Server thread/WARN]: Żar-ptak (vehicle of kazunah) moved wrongly! 0.5307590959409225
[14:47:12] [Server thread/WARN]: Żar-ptak (vehicle of kazunah) moved wrongly! 0.28390527777008856
[14:47:12] [Server thread/WARN]: Żar-ptak (vehicle of kazunah) moved wrongly! 0.2889695982759122
[14:47:12] [Worker-Main-5/WARN]: Tried to access a block entity before it was created. class_2338{x=4252, y=-30, z=-335}
[14:47:12] [Worker-Main-5/WARN]: Tried to access a block entity before it was created. class_2338{x=4252, y=-30, z=-330}
[14:47:17] [Server thread/WARN]: Can't keep up! Is the server overloaded? Running 3457ms or 69 ticks behind
[14:47:36] [Server thread/WARN]: Can't keep up! Is the server overloaded? Running 3514ms or 70 ticks behind
[14:47:55] [Server thread/WARN]: Can't keep up! Is the server overloaded? Running 2048ms or 40 ticks behind
[14:48:15] [Server thread/WARN]: Can't keep up! Is the server overloaded? Running 4567ms or 91 ticks behind
[14:48:27] [Server thread/INFO]: Sylein1 has made the advancement [Cobweb Entanglement]
[14:48:34] [Server thread/WARN]: Can't keep up! Is the server overloaded? Running 4062ms or 81 ticks behind
[14:48:39] [Worker-Main-3/WARN]: Ignoring unknown attribute 'obscure_api:magic_damage'
[14:48:41] [Worker-Main-2/WARN]: Tried to access a block entity before it was created. class_2338{x=3844, y=-11, z=-302}
[14:48:41] [Worker-Main-2/WARN]: Tried to access a block entity before it was created. class_2338{x=3844, y=-11, z=-304}
[14:48:41] [Worker-Main-6/WARN]: Tried to access a block entity before it was created. class_2338{x=3844, y=-11, z=-306}
[14:48:42] [Server thread/INFO]: kazunah has made the advancement [Behind bars]
[14:48:42] [Netty Epoll Server IO #15/INFO]: [do_a_barrel_roll] Client of kazunah accepted server config.
[14:48:43] [Netty Epoll Server IO #0/INFO]: [do_a_barrel_roll] Client of khangheheqt accepted server config.
[14:48:43] [Server thread/INFO]: komeme has made the advancement [Behind bars]
[14:48:43] [Netty Epoll Server IO #10/INFO]: [do_a_barrel_roll] Client of komeme accepted server config.
[14:48:46] [Netty Epoll Server IO #0/INFO]: [do_a_barrel_roll] Client of khangheheqt accepted server config.
[14:48:46] [Netty Epoll Server IO #10/INFO]: [do_a_barrel_roll] Client of komeme accepted server config.
[14:48:47] [Netty Epoll Server IO #10/INFO]: [do_a_barrel_roll] Client of komeme accepted server config.
[14:48:48] [Server thread/INFO]: Sylein1 has made the advancement [Mossy Mounds]
[14:48:53] [Server thread/WARN]: Can't keep up! Is the server overloaded? Running 3861ms or 77 ticks behind
[14:48:53] [Netty Epoll Server IO #15/INFO]: [do_a_barrel_roll] Client of kazunah accepted server config.
[14:49:00] [Netty Epoll Server IO #15/INFO]: [do_a_barrel_roll] Client of kazunah accepted server config.
[14:49:01] [Netty Epoll Server IO #0/INFO]: [do_a_barrel_roll] Client of khangheheqt accepted server config.
[14:49:11] [Server thread/WARN]: Can't keep up! Is the server overloaded? Running 3560ms or 71 ticks behind
[14:49:27] [Worker-Main-4/WARN]: Tried to access a block entity before it was created. class_2338{x=3451, y=-5, z=20}
[14:49:27] [Worker-Main-4/WARN]: Tried to access a block entity before it was created. class_2338{x=3455, y=-4, z=20}
[14:49:28] [Worker-Main-1/WARN]: Tried to access a block entity before it was created. class_2338{x=3429, y=0, z=25}
[14:49:36] [Worker-Main-5/WARN]: Tried to access a block entity before it was created. class_2338{x=3364, y=248, z=104}
[14:49:36] [Worker-Main-5/WARN]: Tried to access a block entity before it was created. class_2338{x=3364, y=248, z=104}
[14:49:38] [Server thread/INFO]: komeme was slain by Leaping Zombie
[14:49:40] [Server thread/WARN]: Can't keep up! Is the server overloaded? Running 2028ms or 40 ticks behind
[14:49:41] [Netty Epoll Server IO #10/INFO]: [do_a_barrel_roll] Client of komeme accepted server config.
[14:49:47] [Netty Epoll Server IO #10/INFO]: [do_a_barrel_roll] Client of komeme accepted server config.
[14:50:09] [Server thread/INFO]: komeme was slain by Leaping Zombie
[14:50:10] [Netty Epoll Server IO #10/INFO]: [do_a_barrel_roll] Client of komeme accepted server config.
[14:50:16] [Netty Epoll Server IO #10/INFO]: [do_a_barrel_roll] Client of komeme accepted server config.
[14:50:17] [Worker-Main-7/WARN]: Tried to access a block entity before it was created. class_2338{x=1926, y=192, z=70}
[14:50:17] [Worker-Main-7/WARN]: Tried to access a block entity before it was created. class_2338{x=1926, y=192, z=70}
[14:50:17] [Worker-Main-7/WARN]: Tried to access a block entity before it was created. class_2338{x=1930, y=193, z=67}
[14:50:17] [Worker-Main-7/WARN]: Tried to access a block entity before it was created. class_2338{x=1930, y=193, z=67}
[14:50:17] [Worker-Main-7/WARN]: Tried to access a block entity before it was created. class_2338{x=1930, y=193, z=76}
[14:50:17] [Worker-Main-7/WARN]: Tried to access a block entity before it was created. class_2338{x=1930, y=193, z=76}
[14:50:17] [Worker-Main-7/WARN]: Tried to access a block entity before it was created. class_2338{x=1926, y=192, z=70}
[14:50:17] [Worker-Main-7/WARN]: Tried to access a block entity before it was created. class_2338{x=1930, y=193, z=67}
[14:50:17] [Worker-Main-7/WARN]: Tried to access a block entity before it was created. class_2338{x=1930, y=193, z=76}
[14:50:17] [Worker-Main-6/WARN]: Tried to access a block entity before it was created. class_2338{x=1926, y=192, z=70}
[14:50:17] [Worker-Main-6/WARN]: Tried to access a block entity before it was created. class_2338{x=1926, y=192, z=70}
[14:50:17] [Worker-Main-6/WARN]: Tried to access a block entity before it was created. class_2338{x=1930, y=193, z=67}
[14:50:17] [Worker-Main-6/WARN]: Tried to access a block entity before it was created. class_2338{x=1930, y=193, z=67}
[14:50:17] [Worker-Main-6/WARN]: Tried to access a block entity before it was created. class_2338{x=1930, y=193, z=76}
[14:50:17] [Worker-Main-6/WARN]: Tried to access a block entity before it was created. class_2338{x=1930, y=193, z=76}
[14:50:17] [Worker-Main-6/WARN]: Tried to access a block entity before it was created. class_2338{x=1926, y=192, z=70}
[14:50:17] [Worker-Main-6/WARN]: Tried to access a block entity before it was created. class_2338{x=1930, y=193, z=67}
[14:50:17] [Worker-Main-6/WARN]: Tried to access a block entity before it was created. class_2338{x=1930, y=193, z=76}
[14:50:24] [Netty Epoll Server IO #15/INFO]: [do_a_barrel_roll] Client of kazunah accepted server config.
[14:50:27] [Netty Epoll Server IO #15/INFO]: [do_a_barrel_roll] Client of kazunah accepted server config.
[14:50:28] [Worker-Main-5/WARN]: Tried to access a block entity before it was created. class_2338{x=1926, y=192, z=70}
[14:50:28] [Worker-Main-5/WARN]: Tried to access a block entity before it was created. class_2338{x=1926, y=192, z=70}
[14:50:28] [Worker-Main-5/WARN]: Tried to access a block entity before it was created. class_2338{x=1930, y=193, z=67}
[14:50:28] [Worker-Main-5/WARN]: Tried to access a block entity before it was created. class_2338{x=1930, y=193, z=67}
[14:50:28] [Worker-Main-5/WARN]: Tried to access a block entity before it was created. class_2338{x=1930, y=193, z=76}
[14:50:28] [Worker-Main-5/WARN]: Tried to access a block entity before it was created. class_2338{x=1930, y=193, z=76}
[14:50:28] [Worker-Main-5/WARN]: Tried to access a block entity before it was created. class_2338{x=1926, y=192, z=70}
[14:50:28] [Worker-Main-5/WARN]: Tried to access a block entity before it was created. class_2338{x=1930, y=193, z=67}
[14:50:28] [Worker-Main-5/WARN]: Tried to access a block entity before it was created. class_2338{x=1930, y=193, z=76}
[14:50:28] [Worker-Main-1/WARN]: Tried to access a block entity before it was created. class_2338{x=1926, y=192, z=70}
[14:50:28] [Worker-Main-1/WARN]: Tried to access a block entity before it was created. class_2338{x=1926, y=192, z=70}
[14:50:28] [Worker-Main-1/WARN]: Tried to access a block entity before it was created. class_2338{x=1930, y=193, z=67}
[14:50:28] [Worker-Main-1/WARN]: Tried to access a block entity before it was created. class_2338{x=1930, y=193, z=67}
[14:50:28] [Worker-Main-1/WARN]: Tried to access a block entity before it was created. class_2338{x=1930, y=193, z=76}
[14:50:28] [Worker-Main-1/WARN]: Tried to access a block entity before it was created. class_2338{x=1930, y=193, z=76}
[14:50:28] [Worker-Main-1/WARN]: Tried to access a block entity before it was created. class_2338{x=1926, y=192, z=70}
[14:50:28] [Worker-Main-1/WARN]: Tried to access a block entity before it was created. class_2338{x=1930, y=193, z=67}
[14:50:28] [Worker-Main-1/WARN]: Tried to access a block entity before it was created. class_2338{x=1930, y=193, z=76}
[14:50:36] [Server thread/INFO]: komeme claimed a grave belonging to komeme at -5, 242, 74, minecells:prison
[14:53:08] [Server thread/INFO]: Sylein1 has made the advancement [Behind bars]
[14:53:08] [Netty Epoll Server IO #10/INFO]: [do_a_barrel_roll] Client of Sylein1 accepted server config.
[14:53:09] [Worker-Main-6/WARN]: Tried to access a block entity before it was created. class_2338{x=1926, y=192, z=70}
[14:53:09] [Worker-Main-6/WARN]: Tried to access a block entity before it was created. class_2338{x=1926, y=192, z=70}
[14:53:09] [Worker-Main-6/WARN]: Tried to access a block entity before it was created. class_2338{x=1930, y=193, z=67}
[14:53:09] [Worker-Main-6/WARN]: Tried to access a block entity before it was created. class_2338{x=1930, y=193, z=67}
[14:53:09] [Worker-Main-6/WARN]: Tried to access a block entity before it was created. class_2338{x=1930, y=193, z=76}
[14:53:09] [Worker-Main-6/WARN]: Tried to access a block entity before it was created. class_2338{x=1930, y=193, z=76}
[14:53:09] [Worker-Main-6/WARN]: Tried to access a block entity before it was created. class_2338{x=1926, y=192, z=70}
[14:53:09] [Worker-Main-6/WARN]: Tried to access a block entity before it was created. class_2338{x=1930, y=193, z=67}
[14:53:09] [Worker-Main-6/WARN]: Tried to access a block entity before it was created. class_2338{x=1930, y=193, z=76}
[14:53:09] [Worker-Main-4/WARN]: Tried to access a block entity before it was created. class_2338{x=1926, y=192, z=70}
[14:53:09] [Worker-Main-4/WARN]: Tried to access a block entity before it was created. class_2338{x=1926, y=192, z=70}
[14:53:09] [Worker-Main-4/WARN]: Tried to access a block entity before it was created. class_2338{x=1930, y=193, z=67}
[14:53:09] [Worker-Main-4/WARN]: Tried to access a block entity before it was created. class_2338{x=1930, y=193, z=67}
[14:53:09] [Worker-Main-4/WARN]: Tried to access a block entity before it was created. class_2338{x=1930, y=193, z=76}
[14:53:09] [Worker-Main-4/WARN]: Tried to access a block entity before it was created. class_2338{x=1930, y=193, z=76}
[14:53:09] [Worker-Main-4/WARN]: Tried to access a block entity before it was created. class_2338{x=1926, y=192, z=70}
[14:53:09] [Worker-Main-4/WARN]: Tried to access a block entity before it was created. class_2338{x=1930, y=193, z=67}
[14:53:09] [Worker-Main-4/WARN]: Tried to access a block entity before it was created. class_2338{x=1930, y=193, z=76}
[14:53:25] [Server thread/INFO]: <Coemsexy> t
[14:54:12] [Server thread/INFO]: <khangheheqt> 1874 97
[14:54:19] [Netty Epoll Server IO #15/INFO]: [do_a_barrel_roll] Client of kazunah accepted server config.
[14:54:54] [Server thread/INFO]: Sylein1 was slain by Leaping Zombie
[14:54:56] [Netty Epoll Server IO #10/INFO]: [do_a_barrel_roll] Client of Sylein1 accepted server config.
[14:54:58] [Server thread/ERROR]: Error executing task on Server
java.lang.NullPointerException: Cannot read field "spell_ids" because the return value of "net.spell_engine.internals.SpellContainerHelper.getEquipped(net.minecraft.item.ItemStack, net.minecraft.entity.player.PlayerEntity)" is null
	at net.minecraft.item.ItemStack.handler$jfe000$spellbladenext$postDamageEntitySpellblades(ItemStack.java:20624) ~[server-intermediary.jar:?]
	at net.minecraft.item.ItemStack.postHit(ItemStack.java) ~[server-intermediary.jar:?]
	at net.minecraft.entity.player.PlayerEntity.attack(PlayerEntity.java:1331) ~[server-intermediary.jar:?]
	at net.minecraft.server.network.ServerPlayerEntity.attack(ServerPlayerEntity.java:1491) ~[server-intermediary.jar:?]
	at net.minecraft.server.network.ServerPlayNetworkHandler$1.attack(ServerPlayNetworkHandler.java:1610) ~[server-intermediary.jar:?]
	at net.minecraft.network.packet.c2s.play.PlayerInteractEntityC2SPacket$1.handle(PlayerInteractEntityC2SPacket.java:166) ~[server-intermediary.jar:?]
	at net.minecraft.network.packet.c2s.play.PlayerInteractEntityC2SPacket.handle(PlayerInteractEntityC2SPacket.java:66) ~[server-intermediary.jar:?]
	at net.minecraft.server.network.ServerPlayNetworkHandler.onPlayerInteractEntity(ServerPlayNetworkHandler.java:1571) ~[server-intermediary.jar:?]
	at net.bettercombat.network.ServerNetwork.lambda$initializeHandlers$5(ServerNetwork.java:199) ~[bettercombat-fabric-1.9.0+1.20.1.jar:?]
	at net.minecraft.server.ServerTask.run(ServerTask.java:18) ~[server-intermediary.jar:?]
	at net.minecraft.util.thread.ThreadExecutor.executeTask(ThreadExecutor.java:156) ~[server-intermediary.jar:?]
	at net.minecraft.util.thread.ReentrantThreadExecutor.executeTask(ReentrantThreadExecutor.java:23) ~[server-intermediary.jar:?]
	at net.minecraft.server.MinecraftServer.executeTask(MinecraftServer.java:782) ~[server-intermediary.jar:?]
	at net.minecraft.server.MinecraftServer.executeTask(MinecraftServer.java:164) ~[server-intermediary.jar:?]
	at net.minecraft.util.thread.ThreadExecutor.runTask(ThreadExecutor.java:130) ~[server-intermediary.jar:?]
	at net.minecraft.server.MinecraftServer.runOneTask(MinecraftServer.java:764) ~[server-intermediary.jar:?]
	at net.minecraft.server.MinecraftServer.runTask(MinecraftServer.java:758) ~[server-intermediary.jar:?]
	at net.minecraft.util.thread.ThreadExecutor.runTasks(ThreadExecutor.java:115) ~[server-intermediary.jar:?]
	at net.minecraft.server.MinecraftServer.runTasksTillTickEnd(MinecraftServer.java:742) ~[server-intermediary.jar:?]
	at net.minecraft.server.MinecraftServer.runServer(MinecraftServer.java:675) ~[server-intermediary.jar:?]
	at net.minecraft.server.MinecraftServer.method_29739(MinecraftServer.java:265) ~[server-intermediary.jar:?]
	at java.lang.Thread.run(Thread.java:840) ~[?:?]
[14:54:58] [Server thread/ERROR]: Block/entity resource drop owner capture isn't working properly. Likely a compatibility issue. Turning it off...
[14:55:00] [Server thread/INFO]: komeme was slain by Leaping Zombie
[14:55:01] [Netty Epoll Server IO #10/INFO]: [do_a_barrel_roll] Client of komeme accepted server config.
[14:55:02] [Netty Epoll Server IO #10/INFO]: [do_a_barrel_roll] Client of Sylein1 accepted server config.
[14:55:03] [Worker-Main-4/WARN]: Tried to access a block entity before it was created. class_2338{x=1926, y=192, z=70}
[14:55:03] [Worker-Main-4/WARN]: Tried to access a block entity before it was created. class_2338{x=1926, y=192, z=70}
[14:55:03] [Worker-Main-4/WARN]: Tried to access a block entity before it was created. class_2338{x=1930, y=193, z=67}
[14:55:03] [Worker-Main-4/WARN]: Tried to access a block entity before it was created. class_2338{x=1930, y=193, z=67}
[14:55:03] [Worker-Main-4/WARN]: Tried to access a block entity before it was created. class_2338{x=1930, y=193, z=76}
[14:55:03] [Worker-Main-4/WARN]: Tried to access a block entity before it was created. class_2338{x=1930, y=193, z=76}
[14:55:03] [Worker-Main-4/WARN]: Tried to access a block entity before it was created. class_2338{x=1926, y=192, z=70}
[14:55:03] [Worker-Main-4/WARN]: Tried to access a block entity before it was created. class_2338{x=1930, y=193, z=67}
[14:55:03] [Worker-Main-4/WARN]: Tried to access a block entity before it was created. class_2338{x=1930, y=193, z=76}
[14:55:03] [Worker-Main-3/WARN]: Tried to access a block entity before it was created. class_2338{x=1926, y=192, z=70}
[14:55:03] [Worker-Main-3/WARN]: Tried to access a block entity before it was created. class_2338{x=1926, y=192, z=70}
[14:55:03] [Worker-Main-3/WARN]: Tried to access a block entity before it was created. class_2338{x=1930, y=193, z=67}
[14:55:03] [Worker-Main-3/WARN]: Tried to access a block entity before it was created. class_2338{x=1930, y=193, z=67}
[14:55:03] [Worker-Main-3/WARN]: Tried to access a block entity before it was created. class_2338{x=1930, y=193, z=76}
[14:55:03] [Worker-Main-3/WARN]: Tried to access a block entity before it was created. class_2338{x=1930, y=193, z=76}
[14:55:03] [Worker-Main-3/WARN]: Tried to access a block entity before it was created. class_2338{x=1926, y=192, z=70}
[14:55:03] [Worker-Main-3/WARN]: Tried to access a block entity before it was created. class_2338{x=1930, y=193, z=67}
[14:55:03] [Worker-Main-3/WARN]: Tried to access a block entity before it was created. class_2338{x=1930, y=193, z=76}
[14:55:06] [Server thread/INFO]: <khangheheqt> 1874 97
[14:55:07] [Netty Epoll Server IO #10/INFO]: [do_a_barrel_roll] Client of komeme accepted server config.
[14:55:09] [Worker-Main-4/WARN]: Tried to access a block entity before it was created. class_2338{x=1926, y=192, z=70}
[14:55:09] [Worker-Main-4/WARN]: Tried to access a block entity before it was created. class_2338{x=1926, y=192, z=70}
[14:55:09] [Worker-Main-4/WARN]: Tried to access a block entity before it was created. class_2338{x=1930, y=193, z=67}
[14:55:09] [Worker-Main-4/WARN]: Tried to access a block entity before it was created. class_2338{x=1930, y=193, z=67}
[14:55:09] [Worker-Main-4/WARN]: Tried to access a block entity before it was created. class_2338{x=1930, y=193, z=76}
[14:55:09] [Worker-Main-4/WARN]: Tried to access a block entity before it was created. class_2338{x=1930, y=193, z=76}
[14:55:09] [Worker-Main-4/WARN]: Tried to access a block entity before it was created. class_2338{x=1926, y=192, z=70}
[14:55:09] [Worker-Main-4/WARN]: Tried to access a block entity before it was created. class_2338{x=1930, y=193, z=67}
[14:55:09] [Worker-Main-4/WARN]: Tried to access a block entity before it was created. class_2338{x=1930, y=193, z=76}
[14:55:09] [Worker-Main-4/WARN]: Tried to access a block entity before it was created. class_2338{x=1926, y=192, z=70}
[14:55:09] [Worker-Main-4/WARN]: Tried to access a block entity before it was created. class_2338{x=1926, y=192, z=70}
[14:55:09] [Worker-Main-4/WARN]: Tried to access a block entity before it was created. class_2338{x=1930, y=193, z=67}
[14:55:09] [Worker-Main-4/WARN]: Tried to access a block entity before it was created. class_2338{x=1930, y=193, z=67}
[14:55:09] [Worker-Main-4/WARN]: Tried to access a block entity before it was created. class_2338{x=1930, y=193, z=76}
[14:55:09] [Worker-Main-4/WARN]: Tried to access a block entity before it was created. class_2338{x=1930, y=193, z=76}
[14:55:09] [Worker-Main-4/WARN]: Tried to access a block entity before it was created. class_2338{x=1926, y=192, z=70}
[14:55:09] [Worker-Main-4/WARN]: Tried to access a block entity before it was created. class_2338{x=1930, y=193, z=67}
[14:55:09] [Worker-Main-4/WARN]: Tried to access a block entity before it was created. class_2338{x=1930, y=193, z=76}
[14:55:18] [Server thread/INFO]: Sylein1 claimed a grave belonging to Sylein1 at 25, 241, 20, minecells:prison
[14:55:23] [Server thread/INFO]: komeme claimed a grave belonging to komeme at -6, 240, 37, minecells:prison
[14:55:52] [Netty Epoll Server IO #10/INFO]: [do_a_barrel_roll] Client of Sylein1 accepted server config.
[14:55:52] [Netty Epoll Server IO #15/INFO]: [do_a_barrel_roll] Client of kazunah accepted server config.
[14:55:53] [Worker-Main-3/WARN]: Tried to access a block entity before it was created. class_2338{x=1926, y=192, z=70}
[14:55:53] [Worker-Main-3/WARN]: Tried to access a block entity before it was created. class_2338{x=1926, y=192, z=70}
[14:55:53] [Worker-Main-3/WARN]: Tried to access a block entity before it was created. class_2338{x=1930, y=193, z=67}
[14:55:53] [Worker-Main-3/WARN]: Tried to access a block entity before it was created. class_2338{x=1930, y=193, z=67}
[14:55:53] [Worker-Main-3/WARN]: Tried to access a block entity before it was created. class_2338{x=1930, y=193, z=76}
[14:55:53] [Worker-Main-3/WARN]: Tried to access a block entity before it was created. class_2338{x=1930, y=193, z=76}
[14:55:53] [Worker-Main-3/WARN]: Tried to access a block entity before it was created. class_2338{x=1926, y=192, z=70}
[14:55:53] [Worker-Main-3/WARN]: Tried to access a block entity before it was created. class_2338{x=1930, y=193, z=67}
[14:55:53] [Worker-Main-3/WARN]: Tried to access a block entity before it was created. class_2338{x=1930, y=193, z=76}
[14:55:53] [Worker-Main-4/WARN]: Tried to access a block entity before it was created. class_2338{x=1926, y=192, z=70}
[14:55:53] [Worker-Main-4/WARN]: Tried to access a block entity before it was created. class_2338{x=1926, y=192, z=70}
[14:55:53] [Worker-Main-4/WARN]: Tried to access a block entity before it was created. class_2338{x=1930, y=193, z=67}
[14:55:53] [Worker-Main-4/WARN]: Tried to access a block entity before it was created. class_2338{x=1930, y=193, z=67}
[14:55:53] [Worker-Main-4/WARN]: Tried to access a block entity before it was created. class_2338{x=1930, y=193, z=76}
[14:55:53] [Worker-Main-4/WARN]: Tried to access a block entity before it was created. class_2338{x=1930, y=193, z=76}
[14:55:53] [Worker-Main-4/WARN]: Tried to access a block entity before it was created. class_2338{x=1926, y=192, z=70}
[14:55:53] [Worker-Main-4/WARN]: Tried to access a block entity before it was created. class_2338{x=1930, y=193, z=67}
[14:55:53] [Worker-Main-4/WARN]: Tried to access a block entity before it was created. class_2338{x=1930, y=193, z=76}
[14:55:53] [Netty Epoll Server IO #10/INFO]: [do_a_barrel_roll] Client of Sylein1 accepted server config.
[14:55:58] [Netty Epoll Server IO #10/INFO]: [do_a_barrel_roll] Client of Sylein1 accepted server config.
[14:56:01] [Netty Epoll Server IO #10/INFO]: [do_a_barrel_roll] Client of Sylein1 accepted server config.
[14:56:01] [Worker-Main-4/WARN]: Tried to access a block entity before it was created. class_2338{x=1926, y=208, z=38}
[14:56:01] [Worker-Main-4/WARN]: Tried to access a block entity before it was created. class_2338{x=1926, y=208, z=38}
[14:56:01] [Worker-Main-4/WARN]: Tried to access a block entity before it was created. class_2338{x=1930, y=208, z=44}
[14:56:01] [Worker-Main-4/WARN]: Tried to access a block entity before it was created. class_2338{x=1930, y=208, z=44}
[14:56:01] [Worker-Main-4/WARN]: Tried to access a block entity before it was created. class_2338{x=1931, y=209, z=44}
[14:56:01] [Worker-Main-4/WARN]: Tried to access a block entity before it was created. class_2338{x=1931, y=209, z=44}
[14:56:01] [Worker-Main-4/WARN]: Tried to access a block entity before it was created. class_2338{x=1929, y=212, z=44}
[14:56:01] [Worker-Main-4/WARN]: Tried to access a block entity before it was created. class_2338{x=1929, y=212, z=44}
[14:56:01] [Worker-Main-4/WARN]: Tried to access a block entity before it was created. class_2338{x=1926, y=208, z=38}
[14:56:01] [Worker-Main-4/WARN]: Tried to access a block entity before it was created. class_2338{x=1930, y=208, z=44}
[14:56:01] [Worker-Main-4/WARN]: Tried to access a block entity before it was created. class_2338{x=1931, y=209, z=44}
[14:56:01] [Worker-Main-4/WARN]: Tried to access a block entity before it was created. class_2338{x=1929, y=212, z=44}
[14:56:22] [Server thread/INFO]: Coemsexy has made the advancement [Behind bars]
[14:56:22] [Netty Epoll Server IO #3/INFO]: [do_a_barrel_roll] Client of Coemsexy accepted server config.
[14:56:22] [Worker-Main-2/WARN]: Tried to access a block entity before it was created. class_2338{x=1926, y=208, z=38}
[14:56:22] [Worker-Main-2/WARN]: Tried to access a block entity before it was created. class_2338{x=1926, y=208, z=38}
[14:56:22] [Worker-Main-2/WARN]: Tried to access a block entity before it was created. class_2338{x=1930, y=208, z=44}
[14:56:22] [Worker-Main-2/WARN]: Tried to access a block entity before it was created. class_2338{x=1930, y=208, z=44}
[14:56:22] [Worker-Main-2/WARN]: Tried to access a block entity before it was created. class_2338{x=1931, y=209, z=44}
[14:56:22] [Worker-Main-2/WARN]: Tried to access a block entity before it was created. class_2338{x=1931, y=209, z=44}
[14:56:22] [Worker-Main-2/WARN]: Tried to access a block entity before it was created. class_2338{x=1929, y=212, z=44}
[14:56:22] [Worker-Main-2/WARN]: Tried to access a block entity before it was created. class_2338{x=1929, y=212, z=44}
[14:56:22] [Worker-Main-2/WARN]: Tried to access a block entity before it was created. class_2338{x=1926, y=208, z=38}
[14:56:22] [Worker-Main-2/WARN]: Tried to access a block entity before it was created. class_2338{x=1930, y=208, z=44}
[14:56:22] [Worker-Main-2/WARN]: Tried to access a block entity before it was created. class_2338{x=1931, y=209, z=44}
[14:56:22] [Worker-Main-2/WARN]: Tried to access a block entity before it was created. class_2338{x=1929, y=212, z=44}
[14:56:22] [Worker-Main-3/WARN]: Tried to access a block entity before it was created. class_2338{x=1926, y=208, z=38}
[14:56:22] [Worker-Main-3/WARN]: Tried to access a block entity before it was created. class_2338{x=1926, y=208, z=38}
[14:56:22] [Worker-Main-3/WARN]: Tried to access a block entity before it was created. class_2338{x=1930, y=208, z=44}
[14:56:22] [Worker-Main-3/WARN]: Tried to access a block entity before it was created. class_2338{x=1930, y=208, z=44}
[14:56:22] [Worker-Main-3/WARN]: Tried to access a block entity before it was created. class_2338{x=1931, y=209, z=44}
[14:56:22] [Worker-Main-3/WARN]: Tried to access a block entity before it was created. class_2338{x=1931, y=209, z=44}
[14:56:22] [Worker-Main-3/WARN]: Tried to access a block entity before it was created. class_2338{x=1929, y=212, z=44}
[14:56:22] [Worker-Main-3/WARN]: Tried to access a block entity before it was created. class_2338{x=1929, y=212, z=44}
[14:56:22] [Worker-Main-3/WARN]: Tried to access a block entity before it was created. class_2338{x=1926, y=208, z=38}
[14:56:22] [Worker-Main-3/WARN]: Tried to access a block entity before it was created. class_2338{x=1930, y=208, z=44}
[14:56:22] [Worker-Main-3/WARN]: Tried to access a block entity before it was created. class_2338{x=1931, y=209, z=44}
[14:56:22] [Worker-Main-3/WARN]: Tried to access a block entity before it was created. class_2338{x=1929, y=212, z=44}
[14:56:37] [Netty Epoll Server IO #15/INFO]: [do_a_barrel_roll] Client of kazunah accepted server config.
[14:56:48] [Netty Epoll Server IO #3/INFO]: [do_a_barrel_roll] Client of Coemsexy accepted server config.
[14:56:56] [Netty Epoll Server IO #15/INFO]: [do_a_barrel_roll] Client of kazunah accepted server config.
[14:56:57] [Worker-Main-3/WARN]: Tried to access a block entity before it was created. class_2338{x=1926, y=208, z=38}
[14:56:57] [Worker-Main-3/WARN]: Tried to access a block entity before it was created. class_2338{x=1926, y=208, z=38}
[14:56:57] [Worker-Main-3/WARN]: Tried to access a block entity before it was created. class_2338{x=1930, y=208, z=44}
[14:56:57] [Worker-Main-3/WARN]: Tried to access a block entity before it was created. class_2338{x=1930, y=208, z=44}
[14:56:57] [Worker-Main-3/WARN]: Tried to access a block entity before it was created. class_2338{x=1931, y=209, z=44}
[14:56:57] [Worker-Main-3/WARN]: Tried to access a block entity before it was created. class_2338{x=1931, y=209, z=44}
[14:56:57] [Worker-Main-3/WARN]: Tried to access a block entity before it was created. class_2338{x=1929, y=212, z=44}
[14:56:57] [Worker-Main-3/WARN]: Tried to access a block entity before it was created. class_2338{x=1929, y=212, z=44}
[14:56:57] [Worker-Main-3/WARN]: Tried to access a block entity before it was created. class_2338{x=1926, y=208, z=38}
[14:56:57] [Worker-Main-3/WARN]: Tried to access a block entity before it was created. class_2338{x=1930, y=208, z=44}
[14:56:57] [Worker-Main-3/WARN]: Tried to access a block entity before it was created. class_2338{x=1931, y=209, z=44}
[14:56:57] [Worker-Main-3/WARN]: Tried to access a block entity before it was created. class_2338{x=1929, y=212, z=44}
[14:57:20] [Server thread/INFO]: Coemsexy lost connection: Disconnected
[14:57:20] [Server thread/INFO]: Coemsexy left the game
[14:57:20] [Server thread/INFO]: remove player wand
[14:57:20] [Server thread/INFO]: Updating all forceload tickets for 38038579-47d7-3591-9037-b7f14881ef67
[14:57:24] [Netty Epoll Server IO #0/INFO]: [do_a_barrel_roll] Client of khangheheqt accepted server config.
[14:57:27] [Server thread/INFO]: [Handshake] Sending channel query
[14:57:27] [Netty Epoll Server IO #7/INFO]: [Handshake] Receiving client channels
[14:57:27] [Netty Epoll Server IO #7/INFO]: [Handshake] Handshake completed successfully
[14:57:28] [Server thread/INFO]: Coemsexy[/123.19.16.121:19738] logged in with entity id 134586 at (12.5, 241.0, 2.0)
[14:57:28] [Server thread/INFO]: Sending server config values to client
[14:57:28] [Server thread/INFO]: Started config sync for player Coemsexy
[14:57:28] [Server thread/INFO]: Syncing config to Coemsexy (38038579-47d7-3591-9037-b7f14881ef67)
[14:57:28] [Server thread/INFO]: Loading config from file...
[14:57:28] [Server thread/ERROR]: [Load My F***ing Tags]: It seems that some tags are a bit cooked. Look at the Logs for more details on broken functions. 
[14:57:28] [Server thread/INFO]: [STDOUT]: Splitting recipes into 10 packets
[14:57:28] [Server thread/INFO]: [betternether] Freeze Registry[ResourceKey[minecraft:root / worlds_together:worldgen/betterx/surface_rules] (Stable)]
[14:57:28] [Server thread/INFO]: Coemsexy joined the game
[14:57:28] [Server thread/INFO]: Updating all forceload tickets for 38038579-47d7-3591-9037-b7f14881ef67
[14:57:28] [Server thread/INFO]: add_player wand
[14:57:28] [Server thread/INFO]: player_data {bleed:0,parry_frames:0,posture:0,should_damage_riding:0b,target_max_posture:168,target_name:"Żar-ptak",target_posture:0}
[14:57:41] [Netty Epoll Server IO #7/INFO]: Receiving client config
[14:57:41] [Netty Epoll Server IO #7/INFO]: Channel update: Coemsexy -> default
[14:57:41] [Netty Epoll Server IO #7/INFO]: Priority overwritten for player Coemsexy. Claiming: GRAVE / Robbing: INVENTORY
[14:57:41] [Netty Epoll Server IO #7/INFO]: Finished config sync
[14:58:19] [Server thread/INFO]: Coemsexy lost connection: Disconnected
[14:58:19] [Server thread/INFO]: Coemsexy left the game
[14:58:19] [Server thread/INFO]: remove player wand
[14:58:19] [Server thread/INFO]: Updating all forceload tickets for 38038579-47d7-3591-9037-b7f14881ef67
[14:58:26] [Netty Epoll Server IO #15/INFO]: [do_a_barrel_roll] Client of kazunah accepted server config.
[14:58:26] [Server thread/WARN]: Lithium Class Analysis Error: Class org.betterx.bclib.blocks.BaseBlock cannot be analysed, because getting declared methods crashes with NoClassDefFoundError: net/minecraft/class_793. This is usually caused by modded entities declaring methods that have a return type or parameter type that is annotated with @Environment(value=EnvType.CLIENT). Loading the type is not possible, because it only exists in the CLIENT environment. The recommended fix is to annotate the method with this argument or return type with the same annotation. Lithium handles this error by assuming the class cannot be included in some optimizations.
[14:58:26] [Server thread/WARN]: Lithium Class Analysis Error: Class org.betterx.bclib.blocks.BaseBlock cannot be analysed, because getting declared methods crashes with NoClassDefFoundError: net/minecraft/class_793. This is usually caused by modded entities declaring methods that have a return type or parameter type that is annotated with @Environment(value=EnvType.CLIENT). Loading the type is not possible, because it only exists in the CLIENT environment. The recommended fix is to annotate the method with this argument or return type with the same annotation. Lithium handles this error by assuming the class cannot be included in some optimizations.
[14:58:26] [Server thread/WARN]: Lithium Class Analysis Error: Class org.betterx.bclib.blocks.BaseBlock cannot be analysed, because getting declared methods crashes with NoClassDefFoundError: net/minecraft/class_793. This is usually caused by modded entities declaring methods that have a return type or parameter type that is annotated with @Environment(value=EnvType.CLIENT). Loading the type is not possible, because it only exists in the CLIENT environment. The recommended fix is to annotate the method with this argument or return type with the same annotation. Lithium handles this error by assuming the class cannot be included in some optimizations.
[14:58:26] [Server thread/WARN]: Lithium Class Analysis Error: Class org.betterx.bclib.blocks.BaseBlock cannot be analysed, because getting declared methods crashes with NoClassDefFoundError: net/minecraft/class_793. This is usually caused by modded entities declaring methods that have a return type or parameter type that is annotated with @Environment(value=EnvType.CLIENT). Loading the type is not possible, because it only exists in the CLIENT environment. The recommended fix is to annotate the method with this argument or return type with the same annotation. Lithium handles this error by assuming the class cannot be included in some optimizations.
[14:58:26] [Server thread/WARN]: Lithium Class Analysis Error: Class org.betterx.bclib.blocks.BaseBlock cannot be analysed, because getting declared methods crashes with NoClassDefFoundError: net/minecraft/class_793. This is usually caused by modded entities declaring methods that have a return type or parameter type that is annotated with @Environment(value=EnvType.CLIENT). Loading the type is not possible, because it only exists in the CLIENT environment. The recommended fix is to annotate the method with this argument or return type with the same annotation. Lithium handles this error by assuming the class cannot be included in some optimizations.
[14:58:26] [Server thread/WARN]: Lithium Class Analysis Error: Class org.betterx.bclib.blocks.BaseBlock cannot be analysed, because getting declared methods crashes with NoClassDefFoundError: net/minecraft/class_793. This is usually caused by modded entities declaring methods that have a return type or parameter type that is annotated with @Environment(value=EnvType.CLIENT). Loading the type is not possible, because it only exists in the CLIENT environment. The recommended fix is to annotate the method with this argument or return type with the same annotation. Lithium handles this error by assuming the class cannot be included in some optimizations.
[14:58:26] [Server thread/WARN]: Lithium Class Analysis Error: Class org.betterx.bclib.blocks.BaseBlock cannot be analysed, because getting declared methods crashes with NoClassDefFoundError: net/minecraft/class_793. This is usually caused by modded entities declaring methods that have a return type or parameter type that is annotated with @Environment(value=EnvType.CLIENT). Loading the type is not possible, because it only exists in the CLIENT environment. The recommended fix is to annotate the method with this argument or return type with the same annotation. Lithium handles this error by assuming the class cannot be included in some optimizations.
[14:58:26] [Server thread/WARN]: Lithium Class Analysis Error: Class org.betterx.bclib.blocks.BaseBlock cannot be analysed, because getting declared methods crashes with NoClassDefFoundError: net/minecraft/class_793. This is usually caused by modded entities declaring methods that have a return type or parameter type that is annotated with @Environment(value=EnvType.CLIENT). Loading the type is not possible, because it only exists in the CLIENT environment. The recommended fix is to annotate the method with this argument or return type with the same annotation. Lithium handles this error by assuming the class cannot be included in some optimizations.
[14:58:26] [Server thread/WARN]: Lithium Class Analysis Error: Class org.betterx.bclib.blocks.BaseBlock cannot be analysed, because getting declared methods crashes with NoClassDefFoundError: net/minecraft/class_793. This is usually caused by modded entities declaring methods that have a return type or parameter type that is annotated with @Environment(value=EnvType.CLIENT). Loading the type is not possible, because it only exists in the CLIENT environment. The recommended fix is to annotate the method with this argument or return type with the same annotation. Lithium handles this error by assuming the class cannot be included in some optimizations.
[14:58:26] [Server thread/WARN]: Lithium Class Analysis Error: Class org.betterx.bclib.blocks.BaseBlock cannot be analysed, because getting declared methods crashes with NoClassDefFoundError: net/minecraft/class_793. This is usually caused by modded entities declaring methods that have a return type or parameter type that is annotated with @Environment(value=EnvType.CLIENT). Loading the type is not possible, because it only exists in the CLIENT environment. The recommended fix is to annotate the method with this argument or return type with the same annotation. Lithium handles this error by assuming the class cannot be included in some optimizations.
[14:58:26] [Server thread/WARN]: Lithium Class Analysis Error: Class org.betterx.bclib.blocks.BaseBlock cannot be analysed, because getting declared methods crashes with NoClassDefFoundError: net/minecraft/class_793. This is usually caused by modded entities declaring methods that have a return type or parameter type that is annotated with @Environment(value=EnvType.CLIENT). Loading the type is not possible, because it only exists in the CLIENT environment. The recommended fix is to annotate the method with this argument or return type with the same annotation. Lithium handles this error by assuming the class cannot be included in some optimizations.
[14:58:26] [Server thread/WARN]: Lithium Class Analysis Error: Class org.betterx.bclib.blocks.BaseBlock cannot be analysed, because getting declared methods crashes with NoClassDefFoundError: net/minecraft/class_793. This is usually caused by modded entities declaring methods that have a return type or parameter type that is annotated with @Environment(value=EnvType.CLIENT). Loading the type is not possible, because it only exists in the CLIENT environment. The recommended fix is to annotate the method with this argument or return type with the same annotation. Lithium handles this error by assuming the class cannot be included in some optimizations.
[14:58:26] [Server thread/WARN]: Lithium Class Analysis Error: Class org.betterx.bclib.blocks.BaseBlock cannot be analysed, because getting declared methods crashes with NoClassDefFoundError: net/minecraft/class_793. This is usually caused by modded entities declaring methods that have a return type or parameter type that is annotated with @Environment(value=EnvType.CLIENT). Loading the type is not possible, because it only exists in the CLIENT environment. The recommended fix is to annotate the method with this argument or return type with the same annotation. Lithium handles this error by assuming the class cannot be included in some optimizations.
[14:58:26] [Server thread/WARN]: Lithium Class Analysis Error: Class org.betterx.bclib.blocks.BaseBlock cannot be analysed, because getting declared methods crashes with NoClassDefFoundError: net/minecraft/class_793. This is usually caused by modded entities declaring methods that have a return type or parameter type that is annotated with @Environment(value=EnvType.CLIENT). Loading the type is not possible, because it only exists in the CLIENT environment. The recommended fix is to annotate the method with this argument or return type with the same annotation. Lithium handles this error by assuming the class cannot be included in some optimizations.
[14:58:26] [Server thread/WARN]: Lithium Class Analysis Error: Class org.betterx.bclib.blocks.BaseBlock cannot be analysed, because getting declared methods crashes with NoClassDefFoundError: net/minecraft/class_793. This is usually caused by modded entities declaring methods that have a return type or parameter type that is annotated with @Environment(value=EnvType.CLIENT). Loading the type is not possible, because it only exists in the CLIENT environment. The recommended fix is to annotate the method with this argument or return type with the same annotation. Lithium handles this error by assuming the class cannot be included in some optimizations.
[14:58:26] [Server thread/WARN]: Lithium Class Analysis Error: Class org.betterx.bclib.blocks.BaseBlock cannot be analysed, because getting declared methods crashes with NoClassDefFoundError: net/minecraft/class_793. This is usually caused by modded entities declaring methods that have a return type or parameter type that is annotated with @Environment(value=EnvType.CLIENT). Loading the type is not possible, because it only exists in the CLIENT environment. The recommended fix is to annotate the method with this argument or return type with the same annotation. Lithium handles this error by assuming the class cannot be included in some optimizations.
[14:58:26] [Server thread/WARN]: Lithium Class Analysis Error: Class org.betterx.bclib.blocks.BaseBlock cannot be analysed, because getting declared methods crashes with NoClassDefFoundError: net/minecraft/class_793. This is usually caused by modded entities declaring methods that have a return type or parameter type that is annotated with @Environment(value=EnvType.CLIENT). Loading the type is not possible, because it only exists in the CLIENT environment. The recommended fix is to annotate the method with this argument or return type with the same annotation. Lithium handles this error by assuming the class cannot be included in some optimizations.
[14:58:26] [Server thread/WARN]: Lithium Class Analysis Error: Class org.betterx.bclib.blocks.BaseBlock cannot be analysed, because getting declared methods crashes with NoClassDefFoundError: net/minecraft/class_793. This is usually caused by modded entities declaring methods that have a return type or parameter type that is annotated with @Environment(value=EnvType.CLIENT). Loading the type is not possible, because it only exists in the CLIENT environment. The recommended fix is to annotate the method with this argument or return type with the same annotation. Lithium handles this error by assuming the class cannot be included in some optimizations.
[14:58:27] [Server thread/WARN]: Lithium Class Analysis Error: Class org.betterx.bclib.blocks.BaseBlock cannot be analysed, because getting declared methods crashes with NoClassDefFoundError: net/minecraft/class_793. This is usually caused by modded entities declaring methods that have a return type or parameter type that is annotated with @Environment(value=EnvType.CLIENT). Loading the type is not possible, because it only exists in the CLIENT environment. The recommended fix is to annotate the method with this argument or return type with the same annotation. Lithium handles this error by assuming the class cannot be included in some optimizations.
[14:58:27] [Server thread/WARN]: Lithium Class Analysis Error: Class org.betterx.bclib.blocks.BaseBlock cannot be analysed, because getting declared methods crashes with NoClassDefFoundError: net/minecraft/class_793. This is usually caused by modded entities declaring methods that have a return type or parameter type that is annotated with @Environment(value=EnvType.CLIENT). Loading the type is not possible, because it only exists in the CLIENT environment. The recommended fix is to annotate the method with this argument or return type with the same annotation. Lithium handles this error by assuming the class cannot be included in some optimizations.
[14:58:27] [Server thread/WARN]: Lithium Class Analysis Error: Class org.betterx.bclib.blocks.BaseBlock cannot be analysed, because getting declared methods crashes with NoClassDefFoundError: net/minecraft/class_793. This is usually caused by modded entities declaring methods that have a return type or parameter type that is annotated with @Environment(value=EnvType.CLIENT). Loading the type is not possible, because it only exists in the CLIENT environment. The recommended fix is to annotate the method with this argument or return type with the same annotation. Lithium handles this error by assuming the class cannot be included in some optimizations.
[14:58:27] [Server thread/WARN]: Lithium Class Analysis Error: Class org.betterx.bclib.blocks.BaseBlock cannot be analysed, because getting declared methods crashes with NoClassDefFoundError: net/minecraft/class_793. This is usually caused by modded entities declaring methods that have a return type or parameter type that is annotated with @Environment(value=EnvType.CLIENT). Loading the type is not possible, because it only exists in the CLIENT environment. The recommended fix is to annotate the method with this argument or return type with the same annotation. Lithium handles this error by assuming the class cannot be included in some optimizations.
[14:58:27] [Server thread/WARN]: Lithium Class Analysis Error: Class org.betterx.bclib.blocks.BaseBlock cannot be analysed, because getting declared methods crashes with NoClassDefFoundError: net/minecraft/class_793. This is usually caused by modded entities declaring methods that have a return type or parameter type that is annotated with @Environment(value=EnvType.CLIENT). Loading the type is not possible, because it only exists in the CLIENT environment. The recommended fix is to annotate the method with this argument or return type with the same annotation. Lithium handles this error by assuming the class cannot be included in some optimizations.
[14:58:27] [Server thread/WARN]: Lithium Class Analysis Error: Class org.betterx.bclib.blocks.BaseBlock cannot be analysed, because getting declared methods crashes with NoClassDefFoundError: net/minecraft/class_793. This is usually caused by modded entities declaring methods that have a return type or parameter type that is annotated with @Environment(value=EnvType.CLIENT). Loading the type is not possible, because it only exists in the CLIENT environment. The recommended fix is to annotate the method with this argument or return type with the same annotation. Lithium handles this error by assuming the class cannot be included in some optimizations.
[14:58:27] [Server thread/INFO]: [Handshake] Sending channel query
[14:58:27] [Netty Epoll Server IO #12/INFO]: [Handshake] Receiving client channels
[14:58:27] [Netty Epoll Server IO #12/INFO]: [Handshake] Handshake completed successfully
[14:58:28] [Server thread/INFO]: Coemsexy[/123.19.16.121:19755] logged in with entity id 135238 at (12.5, 241.0, 2.0)
[14:58:28] [Server thread/INFO]: Sending server config values to client
[14:58:28] [Server thread/INFO]: Started config sync for player Coemsexy
[14:58:28] [Server thread/INFO]: Syncing config to Coemsexy (38038579-47d7-3591-9037-b7f14881ef67)
[14:58:28] [Server thread/INFO]: Loading config from file...
[14:58:28] [Server thread/ERROR]: [Load My F***ing Tags]: It seems that some tags are a bit cooked. Look at the Logs for more details on broken functions. 
[14:58:28] [Server thread/INFO]: [STDOUT]: Splitting recipes into 10 packets
[14:58:28] [Server thread/INFO]: [betternether] Freeze Registry[ResourceKey[minecraft:root / worlds_together:worldgen/betterx/surface_rules] (Stable)]
[14:58:28] [Server thread/INFO]: Coemsexy joined the game
[14:58:28] [Server thread/INFO]: Updating all forceload tickets for 38038579-47d7-3591-9037-b7f14881ef67
[14:58:28] [Server thread/INFO]: add_player wand
[14:58:28] [Server thread/INFO]: player_data {bleed:0,parry_frames:0,posture:0,should_damage_riding:0b,target_max_posture:200,target_name:"",target_posture:0}
[14:58:28] [Server thread/WARN]: Lithium Class Analysis Error: Class org.betterx.bclib.blocks.BaseBlock cannot be analysed, because getting declared methods crashes with NoClassDefFoundError: net/minecraft/class_793. This is usually caused by modded entities declaring methods that have a return type or parameter type that is annotated with @Environment(value=EnvType.CLIENT). Loading the type is not possible, because it only exists in the CLIENT environment. The recommended fix is to annotate the method with this argument or return type with the same annotation. Lithium handles this error by assuming the class cannot be included in some optimizations.
[14:58:28] [Server thread/WARN]: Lithium Class Analysis Error: Class org.betterx.bclib.blocks.BaseBlock cannot be analysed, because getting declared methods crashes with NoClassDefFoundError: net/minecraft/class_793. This is usually caused by modded entities declaring methods that have a return type or parameter type that is annotated with @Environment(value=EnvType.CLIENT). Loading the type is not possible, because it only exists in the CLIENT environment. The recommended fix is to annotate the method with this argument or return type with the same annotation. Lithium handles this error by assuming the class cannot be included in some optimizations.
[14:58:29] [Server thread/WARN]: Can't keep up! Is the server overloaded? Running 2022ms or 40 ticks behind
[14:58:29] [Server thread/WARN]: Lithium Class Analysis Error: Class org.betterx.bclib.blocks.BaseBlock cannot be analysed, because getting declared methods crashes with NoClassDefFoundError: net/minecraft/class_793. This is usually caused by modded entities declaring methods that have a return type or parameter type that is annotated with @Environment(value=EnvType.CLIENT). Loading the type is not possible, because it only exists in the CLIENT environment. The recommended fix is to annotate the method with this argument or return type with the same annotation. Lithium handles this error by assuming the class cannot be included in some optimizations.
[14:58:29] [Server thread/WARN]: Lithium Class Analysis Error: Class org.betterx.bclib.blocks.BaseBlock cannot be analysed, because getting declared methods crashes with NoClassDefFoundError: net/minecraft/class_793. This is usually caused by modded entities declaring methods that have a return type or parameter type that is annotated with @Environment(value=EnvType.CLIENT). Loading the type is not possible, because it only exists in the CLIENT environment. The recommended fix is to annotate the method with this argument or return type with the same annotation. Lithium handles this error by assuming the class cannot be included in some optimizations.
[14:58:31] [Netty Epoll Server IO #12/INFO]: Receiving client config
[14:58:32] [Netty Epoll Server IO #12/INFO]: Channel update: Coemsexy -> default
[14:58:32] [Netty Epoll Server IO #12/INFO]: Priority overwritten for player Coemsexy. Claiming: GRAVE / Robbing: INVENTORY
[14:58:32] [Netty Epoll Server IO #12/INFO]: Finished config sync
[14:58:49] [Netty Epoll Server IO #12/INFO]: [do_a_barrel_roll] Client of Coemsexy accepted server config.
[14:58:49] [Netty Epoll Server IO #15/INFO]: [do_a_barrel_roll] Client of kazunah accepted server config.
[14:59:27] [Netty Epoll Server IO #10/ERROR]: Exception occurred in netty pipeline
io.netty.handler.timeout.ReadTimeoutException: null
[14:59:40] [Netty Epoll Server IO #0/INFO]: [do_a_barrel_roll] Client of khangheheqt accepted server config.
[14:59:40] [Worker-Main-3/WARN]: Tried to access a block entity before it was created. class_2338{x=1926, y=208, z=38}
[14:59:40] [Worker-Main-3/WARN]: Tried to access a block entity before it was created. class_2338{x=1926, y=208, z=38}
[14:59:40] [Worker-Main-3/WARN]: Tried to access a block entity before it was created. class_2338{x=1930, y=208, z=44}
[14:59:40] [Worker-Main-3/WARN]: Tried to access a block entity before it was created. class_2338{x=1930, y=208, z=44}
[14:59:40] [Worker-Main-3/WARN]: Tried to access a block entity before it was created. class_2338{x=1931, y=209, z=44}
[14:59:40] [Worker-Main-3/WARN]: Tried to access a block entity before it was created. class_2338{x=1931, y=209, z=44}
[14:59:40] [Worker-Main-3/WARN]: Tried to access a block entity before it was created. class_2338{x=1929, y=212, z=44}
[14:59:40] [Worker-Main-3/WARN]: Tried to access a block entity before it was created. class_2338{x=1929, y=212, z=44}
[14:59:40] [Worker-Main-3/WARN]: Tried to access a block entity before it was created. class_2338{x=1926, y=208, z=38}
[14:59:40] [Worker-Main-3/WARN]: Tried to access a block entity before it was created. class_2338{x=1930, y=208, z=44}
[14:59:40] [Worker-Main-3/WARN]: Tried to access a block entity before it was created. class_2338{x=1931, y=209, z=44}
[14:59:40] [Worker-Main-3/WARN]: Tried to access a block entity before it was created. class_2338{x=1929, y=212, z=44}
[14:59:41] [Worker-Main-6/WARN]: Tried to access a block entity before it was created. class_2338{x=1926, y=208, z=38}
[14:59:41] [Worker-Main-6/WARN]: Tried to access a block entity before it was created. class_2338{x=1926, y=208, z=38}
[14:59:41] [Worker-Main-6/WARN]: Tried to access a block entity before it was created. class_2338{x=1930, y=208, z=44}
[14:59:41] [Worker-Main-6/WARN]: Tried to access a block entity before it was created. class_2338{x=1930, y=208, z=44}
[14:59:41] [Worker-Main-6/WARN]: Tried to access a block entity before it was created. class_2338{x=1931, y=209, z=44}
[14:59:41] [Worker-Main-6/WARN]: Tried to access a block entity before it was created. class_2338{x=1931, y=209, z=44}
[14:59:41] [Worker-Main-6/WARN]: Tried to access a block entity before it was created. class_2338{x=1929, y=212, z=44}
[14:59:41] [Worker-Main-6/WARN]: Tried to access a block entity before it was created. class_2338{x=1929, y=212, z=44}
[14:59:41] [Worker-Main-6/WARN]: Tried to access a block entity before it was created. class_2338{x=1926, y=208, z=38}
[14:59:41] [Worker-Main-6/WARN]: Tried to access a block entity before it was created. class_2338{x=1930, y=208, z=44}
[14:59:41] [Worker-Main-6/WARN]: Tried to access a block entity before it was created. class_2338{x=1931, y=209, z=44}
[14:59:41] [Worker-Main-6/WARN]: Tried to access a block entity before it was created. class_2338{x=1929, y=212, z=44}
[15:00:55] [Server thread/INFO]: komeme was slain by Leaping Zombie
[15:00:56] [Netty Epoll Server IO #10/INFO]: [do_a_barrel_roll] Client of komeme accepted server config.
[15:01:02] [Netty Epoll Server IO #10/INFO]: [do_a_barrel_roll] Client of komeme accepted server config.
[15:01:38] [Server thread/INFO]: Coemsexy has made the advancement [Take Aim]
[15:01:53] [Server thread/INFO]: komeme claimed a grave belonging to komeme at 58, 240, 24, minecells:prison
[15:02:01] [Server thread/INFO]: kazunah was killed by magic whilst trying to escape Leaping Zombie
[15:02:03] [Netty Epoll Server IO #15/INFO]: [do_a_barrel_roll] Client of kazunah accepted server config.
[15:02:25] [Server thread/INFO]: komeme was blown up by Grenadier
[15:02:27] [Netty Epoll Server IO #10/INFO]: [do_a_barrel_roll] Client of komeme accepted server config.
[15:02:33] [Netty Epoll Server IO #10/INFO]: [do_a_barrel_roll] Client of komeme accepted server config.
[15:02:45] [Server thread/INFO]: komeme claimed a grave belonging to komeme at 27, 242, 29, minecells:prison
[15:02:54] [pool-13-thread-6/INFO]: Searching for closest structure among [ResourceKey[minecraft:worldgen/structure / ctov:large/village_snowy_igloo], ResourceKey[minecraft:worldgen/structure / ctov:large/village_jungle_tree], ResourceKey[minecraft:worldgen/structure / ctov:medium/village_mushroom], ResourceKey[minecraft:worldgen/structure / integrated_villages:pirate_village], ResourceKey[minecraft:worldgen/structure / integrated_villages:clockwork_village], ResourceKey[minecraft:worldgen/structure / ctov:medium/village_mesa_fortified], ResourceKey[minecraft:worldgen/structure / ctov:small/village_jungle], ResourceKey[minecraft:worldgen/structure / towns_and_towers:village_ocean]] from pos class_2338{x=1659, y=69, z=-485}
[15:04:50] [Server thread/INFO]: komeme was slain by khangheheqt
[15:04:51] [Netty Epoll Server IO #10/INFO]: [do_a_barrel_roll] Client of komeme accepted server config.
[15:04:57] [Netty Epoll Server IO #10/INFO]: [do_a_barrel_roll] Client of komeme accepted server config.
[15:04:57] [Worker-Main-7/WARN]: Tried to access a block entity before it was created. class_2338{x=1926, y=208, z=38}
[15:04:57] [Worker-Main-7/WARN]: Tried to access a block entity before it was created. class_2338{x=1926, y=208, z=38}
[15:04:57] [Worker-Main-7/WARN]: Tried to access a block entity before it was created. class_2338{x=1930, y=208, z=44}
[15:04:57] [Worker-Main-7/WARN]: Tried to access a block entity before it was created. class_2338{x=1930, y=208, z=44}
[15:04:57] [Worker-Main-7/WARN]: Tried to access a block entity before it was created. class_2338{x=1931, y=209, z=44}
[15:04:57] [Worker-Main-7/WARN]: Tried to access a block entity before it was created. class_2338{x=1931, y=209, z=44}
[15:04:57] [Worker-Main-7/WARN]: Tried to access a block entity before it was created. class_2338{x=1929, y=212, z=44}
[15:04:57] [Worker-Main-7/WARN]: Tried to access a block entity before it was created. class_2338{x=1929, y=212, z=44}
[15:04:57] [Worker-Main-7/WARN]: Tried to access a block entity before it was created. class_2338{x=1926, y=208, z=38}
[15:04:57] [Worker-Main-7/WARN]: Tried to access a block entity before it was created. class_2338{x=1930, y=208, z=44}
[15:04:57] [Worker-Main-7/WARN]: Tried to access a block entity before it was created. class_2338{x=1931, y=209, z=44}
[15:04:57] [Worker-Main-7/WARN]: Tried to access a block entity before it was created. class_2338{x=1929, y=212, z=44}
[15:05:00] [Server thread/INFO]: <khangheheqt> xin loi komeme
[15:05:01] [Server thread/INFO]: <khangheheqt> :9
[15:05:13] [Server thread/INFO]: Coemsexy was blown up by Grenadier
[15:05:14] [Server thread/INFO]: komeme claimed a grave belonging to komeme at -6, 240, 64, minecells:prison
[15:05:16] [Netty Epoll Server IO #12/INFO]: [do_a_barrel_roll] Client of Coemsexy accepted server config.
[15:05:23] [Worker-Main-2/WARN]: Tried to access a block entity before it was created. class_2338{x=1926, y=208, z=38}
[15:05:23] [Worker-Main-2/WARN]: Tried to access a block entity before it was created. class_2338{x=1926, y=208, z=38}
[15:05:23] [Worker-Main-2/WARN]: Tried to access a block entity before it was created. class_2338{x=1930, y=208, z=44}
[15:05:23] [Worker-Main-2/WARN]: Tried to access a block entity before it was created. class_2338{x=1930, y=208, z=44}
[15:05:23] [Worker-Main-2/WARN]: Tried to access a block entity before it was created. class_2338{x=1931, y=209, z=44}
[15:05:23] [Worker-Main-2/WARN]: Tried to access a block entity before it was created. class_2338{x=1931, y=209, z=44}
[15:05:23] [Worker-Main-2/WARN]: Tried to access a block entity before it was created. class_2338{x=1929, y=212, z=44}
[15:05:23] [Worker-Main-2/WARN]: Tried to access a block entity before it was created. class_2338{x=1929, y=212, z=44}
[15:05:23] [Worker-Main-2/WARN]: Tried to access a block entity before it was created. class_2338{x=1926, y=208, z=38}
[15:05:23] [Worker-Main-2/WARN]: Tried to access a block entity before it was created. class_2338{x=1930, y=208, z=44}
[15:05:23] [Worker-Main-2/WARN]: Tried to access a block entity before it was created. class_2338{x=1931, y=209, z=44}
[15:05:23] [Worker-Main-2/WARN]: Tried to access a block entity before it was created. class_2338{x=1929, y=212, z=44}
[15:05:23] [Worker-Main-4/WARN]: Tried to access a block entity before it was created. class_2338{x=1926, y=208, z=38}
[15:05:23] [Worker-Main-4/WARN]: Tried to access a block entity before it was created. class_2338{x=1926, y=208, z=38}
[15:05:23] [Worker-Main-4/WARN]: Tried to access a block entity before it was created. class_2338{x=1930, y=208, z=44}
[15:05:23] [Worker-Main-4/WARN]: Tried to access a block entity before it was created. class_2338{x=1930, y=208, z=44}
[15:05:23] [Worker-Main-4/WARN]: Tried to access a block entity before it was created. class_2338{x=1931, y=209, z=44}
[15:05:23] [Worker-Main-4/WARN]: Tried to access a block entity before it was created. class_2338{x=1931, y=209, z=44}
[15:05:23] [Worker-Main-4/WARN]: Tried to access a block entity before it was created. class_2338{x=1929, y=212, z=44}
[15:05:23] [Worker-Main-4/WARN]: Tried to access a block entity before it was created. class_2338{x=1929, y=212, z=44}
[15:05:23] [Worker-Main-4/WARN]: Tried to access a block entity before it was created. class_2338{x=1926, y=208, z=38}
[15:05:23] [Worker-Main-4/WARN]: Tried to access a block entity before it was created. class_2338{x=1930, y=208, z=44}
[15:05:23] [Worker-Main-4/WARN]: Tried to access a block entity before it was created. class_2338{x=1931, y=209, z=44}
[15:05:23] [Worker-Main-4/WARN]: Tried to access a block entity before it was created. class_2338{x=1929, y=212, z=44}
[15:05:24] [Worker-Main-1/WARN]: Tried to access a block entity before it was created. class_2338{x=1945, y=194, z=71}
[15:05:24] [Worker-Main-1/WARN]: Tried to access a block entity before it was created. class_2338{x=1945, y=194, z=71}
[15:05:24] [Worker-Main-1/WARN]: Tried to access a block entity before it was created. class_2338{x=1945, y=194, z=71}
[15:05:24] [Worker-Main-1/WARN]: Tried to access a block entity before it was created. class_2338{x=1945, y=194, z=71}
[15:05:24] [Worker-Main-1/WARN]: Tried to access a block entity before it was created. class_2338{x=1945, y=194, z=71}
[15:05:24] [Worker-Main-1/WARN]: Tried to access a block entity before it was created. class_2338{x=1945, y=194, z=71}
[15:05:27] [Netty Epoll Server IO #12/INFO]: [do_a_barrel_roll] Client of Coemsexy accepted server config.
[15:05:35] [Server thread/INFO]: komeme was slain by Leaping Zombie
[15:05:35] [Server thread/WARN]: komeme moved wrongly!
[15:05:36] [Netty Epoll Server IO #10/INFO]: [do_a_barrel_roll] Client of komeme accepted server config.
[15:05:41] [Netty Epoll Server IO #10/INFO]: [do_a_barrel_roll] Client of komeme accepted server config.
[15:06:01] [Server thread/INFO]: Coemsexy claimed a grave belonging to Coemsexy at 5, 240, 88, minecells:prison
[15:06:14] [Server thread/INFO]: komeme claimed a grave belonging to komeme at 6, 240, 112, minecells:prison
[15:06:25] [Server thread/INFO]: <khangheheqt> 1874 97
[15:07:04] [Server thread/INFO]: komeme was slain by Leaping Zombie
[15:07:05] [Netty Epoll Server IO #10/INFO]: [do_a_barrel_roll] Client of komeme accepted server config.
[15:07:11] [Netty Epoll Server IO #10/INFO]: [do_a_barrel_roll] Client of komeme accepted server config.
[15:07:44] [Server thread/INFO]: komeme claimed a grave belonging to komeme at 45, 240, 118, minecells:prison
[15:08:01] [Netty Epoll Server IO #15/INFO]: [do_a_barrel_roll] Client of kazunah accepted server config.
[15:08:08] [Server thread/INFO]: kazunah claimed a grave belonging to kazunah at 7, 240, 19, minecells:prison
[15:08:25] [Server thread/INFO]: Sylein1 was blown up by Grenadier
[15:08:28] [Netty Epoll Server IO #10/INFO]: [do_a_barrel_roll] Client of Sylein1 accepted server config.
[15:08:35] [Netty Epoll Server IO #15/INFO]: [do_a_barrel_roll] Client of kazunah accepted server config.
[15:08:35] [Server thread/INFO]: Coemsexy was blown up by Grenadier
[15:08:37] [Netty Epoll Server IO #12/INFO]: [do_a_barrel_roll] Client of Coemsexy accepted server config.
[15:08:38] [Netty Epoll Server IO #10/INFO]: [do_a_barrel_roll] Client of Sylein1 accepted server config.
[15:08:49] [Netty Epoll Server IO #12/INFO]: [do_a_barrel_roll] Client of Coemsexy accepted server config.
[15:08:54] [Server thread/INFO]: komeme was slain by Leaping Zombie
[15:08:55] [Netty Epoll Server IO #10/INFO]: [do_a_barrel_roll] Client of komeme accepted server config.
[15:09:01] [Netty Epoll Server IO #10/INFO]: [do_a_barrel_roll] Client of komeme accepted server config.
[15:09:04] [Server thread/INFO]: Sylein1 was shot by Undead Archer
[15:09:06] [Netty Epoll Server IO #10/INFO]: [do_a_barrel_roll] Client of Sylein1 accepted server config.
[15:09:08] [Netty Epoll Server IO #15/INFO]: [do_a_barrel_roll] Client of kazunah accepted server config.
[15:09:13] [Server thread/INFO]: Coemsexy was blown up by Grenadier
[15:09:15] [Netty Epoll Server IO #10/INFO]: [do_a_barrel_roll] Client of Sylein1 accepted server config.
[15:09:15] [Netty Epoll Server IO #12/INFO]: [do_a_barrel_roll] Client of Coemsexy accepted server config.
[15:09:18] [Server thread/INFO]: komeme was blown up by Grenadier
[15:09:19] [Netty Epoll Server IO #10/INFO]: [do_a_barrel_roll] Client of komeme accepted server config.
[15:09:27] [Netty Epoll Server IO #10/INFO]: [do_a_barrel_roll] Client of komeme accepted server config.
[15:09:28] [Worker-Main-7/WARN]: Tried to access a block entity before it was created. class_2338{x=1989, y=192, z=104}
[15:09:28] [Worker-Main-7/WARN]: Tried to access a block entity before it was created. class_2338{x=1989, y=192, z=104}
[15:09:28] [Worker-Main-7/WARN]: Tried to access a block entity before it was created. class_2338{x=1993, y=193, z=102}
[15:09:28] [Worker-Main-7/WARN]: Tried to access a block entity before it was created. class_2338{x=1993, y=193, z=102}
[15:09:28] [Worker-Main-7/WARN]: Tried to access a block entity before it was created. class_2338{x=1996, y=193, z=103}
[15:09:28] [Worker-Main-7/WARN]: Tried to access a block entity before it was created. class_2338{x=1996, y=193, z=103}
[15:09:28] [Worker-Main-7/WARN]: Tried to access a block entity before it was created. class_2338{x=1987, y=195, z=101}
[15:09:28] [Worker-Main-7/WARN]: Tried to access a block entity before it was created. class_2338{x=1987, y=195, z=101}
[15:09:28] [Worker-Main-7/WARN]: Tried to access a block entity before it was created. class_2338{x=1989, y=196, z=103}
[15:09:28] [Worker-Main-7/WARN]: Tried to access a block entity before it was created. class_2338{x=1989, y=196, z=103}
[15:09:28] [Worker-Main-7/WARN]: Tried to access a block entity before it was created. class_2338{x=1996, y=197, z=101}
[15:09:28] [Worker-Main-7/WARN]: Tried to access a block entity before it was created. class_2338{x=1996, y=197, z=101}
[15:09:28] [Worker-Main-7/WARN]: Tried to access a block entity before it was created. class_2338{x=1989, y=192, z=104}
[15:09:28] [Worker-Main-7/WARN]: Tried to access a block entity before it was created. class_2338{x=1993, y=193, z=102}
[15:09:28] [Worker-Main-7/WARN]: Tried to access a block entity before it was created. class_2338{x=1996, y=193, z=103}
[15:09:28] [Worker-Main-7/WARN]: Tried to access a block entity before it was created. class_2338{x=1987, y=195, z=101}
[15:09:28] [Worker-Main-7/WARN]: Tried to access a block entity before it was created. class_2338{x=1989, y=196, z=103}
[15:09:28] [Worker-Main-7/WARN]: Tried to access a block entity before it was created. class_2338{x=1996, y=197, z=101}
[15:09:28] [Worker-Main-7/WARN]: Tried to access a block entity before it was created. class_2338{x=1990, y=208, z=105}
[15:09:28] [Worker-Main-7/WARN]: Tried to access a block entity before it was created. class_2338{x=1990, y=208, z=105}
[15:09:28] [Worker-Main-7/WARN]: Tried to access a block entity before it was created. class_2338{x=1987, y=209, z=101}
[15:09:28] [Worker-Main-7/WARN]: Tried to access a block entity before it was created. class_2338{x=1987, y=209, z=101}
[15:09:28] [Worker-Main-7/WARN]: Tried to access a block entity before it was created. class_2338{x=1996, y=209, z=101}
[15:09:28] [Worker-Main-7/WARN]: Tried to access a block entity before it was created. class_2338{x=1996, y=209, z=101}
[15:09:28] [Worker-Main-7/WARN]: Tried to access a block entity before it was created. class_2338{x=1990, y=208, z=105}
[15:09:28] [Worker-Main-7/WARN]: Tried to access a block entity before it was created. class_2338{x=1987, y=209, z=101}
[15:09:28] [Worker-Main-7/WARN]: Tried to access a block entity before it was created. class_2338{x=1996, y=209, z=101}
[15:09:28] [Worker-Main-2/WARN]: Tried to access a block entity before it was created. class_2338{x=1992, y=192, z=87}
[15:09:28] [Worker-Main-2/WARN]: Tried to access a block entity before it was created. class_2338{x=1992, y=192, z=87}
[15:09:28] [Worker-Main-2/WARN]: Tried to access a block entity before it was created. class_2338{x=1992, y=193, z=84}
[15:09:28] [Worker-Main-2/WARN]: Tried to access a block entity before it was created. class_2338{x=1992, y=193, z=84}
[15:09:28] [Worker-Main-2/WARN]: Tried to access a block entity before it was created. class_2338{x=1992, y=195, z=87}
[15:09:28] [Worker-Main-2/WARN]: Tried to access a block entity before it was created. class_2338{x=1992, y=195, z=87}
[15:09:28] [Worker-Main-2/WARN]: Tried to access a block entity before it was created. class_2338{x=1988, y=209, z=89}
[15:09:28] [Worker-Main-2/WARN]: Tried to access a block entity before it was created. class_2338{x=1988, y=209, z=89}
[15:09:28] [Worker-Main-2/WARN]: Tried to access a block entity before it was created. class_2338{x=1995, y=209, z=87}
[15:09:28] [Worker-Main-2/WARN]: Tried to access a block entity before it was created. class_2338{x=1995, y=209, z=87}
[15:09:28] [Worker-Main-2/WARN]: Tried to access a block entity before it was created. class_2338{x=1992, y=192, z=87}
[15:09:28] [Worker-Main-2/WARN]: Tried to access a block entity before it was created. class_2338{x=1992, y=193, z=84}
[15:09:28] [Worker-Main-2/WARN]: Tried to access a block entity before it was created. class_2338{x=1992, y=195, z=87}
[15:09:28] [Worker-Main-2/WARN]: Tried to access a block entity before it was created. class_2338{x=1988, y=209, z=89}
[15:09:28] [Worker-Main-2/WARN]: Tried to access a block entity before it was created. class_2338{x=1995, y=209, z=87}
[15:09:28] [Worker-Main-2/WARN]: Tried to access a block entity before it was created. class_2338{x=1989, y=192, z=104}
[15:09:28] [Worker-Main-2/WARN]: Tried to access a block entity before it was created. class_2338{x=1989, y=192, z=104}
[15:09:28] [Worker-Main-2/WARN]: Tried to access a block entity before it was created. class_2338{x=1993, y=193, z=102}
[15:09:28] [Worker-Main-2/WARN]: Tried to access a block entity before it was created. class_2338{x=1993, y=193, z=102}
[15:09:28] [Worker-Main-2/WARN]: Tried to access a block entity before it was created. class_2338{x=1996, y=193, z=103}
[15:09:28] [Worker-Main-2/WARN]: Tried to access a block entity before it was created. class_2338{x=1996, y=193, z=103}
[15:09:28] [Worker-Main-2/WARN]: Tried to access a block entity before it was created. class_2338{x=1987, y=195, z=101}
[15:09:28] [Worker-Main-2/WARN]: Tried to access a block entity before it was created. class_2338{x=1987, y=195, z=101}
[15:09:28] [Worker-Main-2/WARN]: Tried to access a block entity before it was created. class_2338{x=1989, y=196, z=103}
[15:09:28] [Worker-Main-2/WARN]: Tried to access a block entity before it was created. class_2338{x=1989, y=196, z=103}
[15:09:28] [Worker-Main-2/WARN]: Tried to access a block entity before it was created. class_2338{x=1996, y=197, z=101}
[15:09:28] [Worker-Main-2/WARN]: Tried to access a block entity before it was created. class_2338{x=1996, y=197, z=101}
[15:09:28] [Worker-Main-2/WARN]: Tried to access a block entity before it was created. class_2338{x=1989, y=192, z=104}
[15:09:28] [Worker-Main-2/WARN]: Tried to access a block entity before it was created. class_2338{x=1993, y=193, z=102}
[15:09:28] [Worker-Main-2/WARN]: Tried to access a block entity before it was created. class_2338{x=1996, y=193, z=103}
[15:09:28] [Worker-Main-2/WARN]: Tried to access a block entity before it was created. class_2338{x=1987, y=195, z=101}
[15:09:28] [Worker-Main-2/WARN]: Tried to access a block entity before it was created. class_2338{x=1989, y=196, z=103}
[15:09:28] [Worker-Main-2/WARN]: Tried to access a block entity before it was created. class_2338{x=1996, y=197, z=101}
[15:09:28] [Worker-Main-2/WARN]: Tried to access a block entity before it was created. class_2338{x=1990, y=208, z=105}
[15:09:28] [Worker-Main-2/WARN]: Tried to access a block entity before it was created. class_2338{x=1990, y=208, z=105}
[15:09:28] [Worker-Main-2/WARN]: Tried to access a block entity before it was created. class_2338{x=1987, y=209, z=101}
[15:09:28] [Worker-Main-2/WARN]: Tried to access a block entity before it was created. class_2338{x=1987, y=209, z=101}
[15:09:28] [Worker-Main-2/WARN]: Tried to access a block entity before it was created. class_2338{x=1996, y=209, z=101}
[15:09:28] [Worker-Main-2/WARN]: Tried to access a block entity before it was created. class_2338{x=1996, y=209, z=101}
[15:09:28] [Worker-Main-2/WARN]: Tried to access a block entity before it was created. class_2338{x=1990, y=208, z=105}
[15:09:28] [Worker-Main-2/WARN]: Tried to access a block entity before it was created. class_2338{x=1987, y=209, z=101}
[15:09:28] [Worker-Main-2/WARN]: Tried to access a block entity before it was created. class_2338{x=1996, y=209, z=101}
[15:09:29] [Worker-Main-4/WARN]: Tried to access a block entity before it was created. class_2338{x=1987, y=208, z=75}
[15:09:29] [Worker-Main-4/WARN]: Tried to access a block entity before it was created. class_2338{x=1987, y=208, z=75}
[15:09:29] [Worker-Main-4/WARN]: Tried to access a block entity before it was created. class_2338{x=1994, y=209, z=72}
[15:09:29] [Worker-Main-4/WARN]: Tried to access a block entity before it was created. class_2338{x=1994, y=209, z=72}
[15:09:29] [Worker-Main-4/WARN]: Tried to access a block entity before it was created. class_2338{x=1987, y=210, z=69}
[15:09:29] [Worker-Main-4/WARN]: Tried to access a block entity before it was created. class_2338{x=1987, y=210, z=69}
[15:09:29] [Worker-Main-4/WARN]: Tried to access a block entity before it was created. class_2338{x=1989, y=211, z=65}
[15:09:29] [Worker-Main-4/WARN]: Tried to access a block entity before it was created. class_2338{x=1989, y=211, z=65}
[15:09:29] [Worker-Main-4/WARN]: Tried to access a block entity before it was created. class_2338{x=1989, y=211, z=78}
[15:09:29] [Worker-Main-4/WARN]: Tried to access a block entity before it was created. class_2338{x=1989, y=211, z=78}
[15:09:29] [Worker-Main-4/WARN]: Tried to access a block entity before it was created. class_2338{x=1994, y=211, z=65}
[15:09:29] [Worker-Main-4/WARN]: Tried to access a block entity before it was created. class_2338{x=1994, y=211, z=65}
[15:09:29] [Worker-Main-4/WARN]: Tried to access a block entity before it was created. class_2338{x=1994, y=211, z=78}
[15:09:29] [Worker-Main-4/WARN]: Tried to access a block entity before it was created. class_2338{x=1994, y=211, z=78}
[15:09:29] [Worker-Main-4/WARN]: Tried to access a block entity before it was created. class_2338{x=1987, y=208, z=75}
[15:09:29] [Worker-Main-4/WARN]: Tried to access a block entity before it was created. class_2338{x=1994, y=209, z=72}
[15:09:29] [Worker-Main-4/WARN]: Tried to access a block entity before it was created. class_2338{x=1987, y=210, z=69}
[15:09:29] [Worker-Main-4/WARN]: Tried to access a block entity before it was created. class_2338{x=1989, y=211, z=65}
[15:09:29] [Worker-Main-4/WARN]: Tried to access a block entity before it was created. class_2338{x=1989, y=211, z=78}
[15:09:29] [Worker-Main-4/WARN]: Tried to access a block entity before it was created. class_2338{x=1994, y=211, z=65}
[15:09:29] [Worker-Main-4/WARN]: Tried to access a block entity before it was created. class_2338{x=1994, y=211, z=78}
[15:09:29] [Worker-Main-4/WARN]: Tried to access a block entity before it was created. class_2338{x=1992, y=192, z=87}
[15:09:29] [Worker-Main-4/WARN]: Tried to access a block entity before it was created. class_2338{x=1992, y=192, z=87}
[15:09:29] [Worker-Main-4/WARN]: Tried to access a block entity before it was created. class_2338{x=1992, y=193, z=84}
[15:09:29] [Worker-Main-4/WARN]: Tried to access a block entity before it was created. class_2338{x=1992, y=193, z=84}
[15:09:29] [Worker-Main-4/WARN]: Tried to access a block entity before it was created. class_2338{x=1992, y=195, z=87}
[15:09:29] [Worker-Main-4/WARN]: Tried to access a block entity before it was created. class_2338{x=1992, y=195, z=87}
[15:09:29] [Worker-Main-4/WARN]: Tried to access a block entity before it was created. class_2338{x=1988, y=209, z=89}
[15:09:29] [Worker-Main-4/WARN]: Tried to access a block entity before it was created. class_2338{x=1988, y=209, z=89}
[15:09:29] [Worker-Main-4/WARN]: Tried to access a block entity before it was created. class_2338{x=1995, y=209, z=87}
[15:09:29] [Worker-Main-4/WARN]: Tried to access a block entity before it was created. class_2338{x=1995, y=209, z=87}
[15:09:29] [Worker-Main-4/WARN]: Tried to access a block entity before it was created. class_2338{x=1992, y=192, z=87}
[15:09:29] [Worker-Main-4/WARN]: Tried to access a block entity before it was created. class_2338{x=1992, y=193, z=84}
[15:09:29] [Worker-Main-4/WARN]: Tried to access a block entity before it was created. class_2338{x=1992, y=195, z=87}
[15:09:29] [Worker-Main-4/WARN]: Tried to access a block entity before it was created. class_2338{x=1988, y=209, z=89}
[15:09:29] [Worker-Main-4/WARN]: Tried to access a block entity before it was created. class_2338{x=1995, y=209, z=87}
[15:09:29] [Worker-Main-4/WARN]: Tried to access a block entity before it was created. class_2338{x=1984, y=193, z=72}
[15:09:29] [Worker-Main-4/WARN]: Tried to access a block entity before it was created. class_2338{x=1984, y=193, z=72}
[15:09:29] [Worker-Main-4/WARN]: Tried to access a block entity before it was created. class_2338{x=1995, y=196, z=72}
[15:09:29] [Worker-Main-4/WARN]: Tried to access a block entity before it was created. class_2338{x=1995, y=196, z=72}
[15:09:29] [Worker-Main-4/WARN]: Tried to access a block entity before it was created. class_2338{x=1984, y=193, z=72}
[15:09:29] [Worker-Main-4/WARN]: Tried to access a block entity before it was created. class_2338{x=1995, y=196, z=72}
[15:09:29] [Worker-Main-7/WARN]: Tried to access a block entity before it was created. class_2338{x=1992, y=209, z=56}
[15:09:29] [Worker-Main-7/WARN]: Tried to access a block entity before it was created. class_2338{x=1992, y=209, z=56}
[15:09:29] [Worker-Main-7/WARN]: Tried to access a block entity before it was created. class_2338{x=1996, y=212, z=62}
[15:09:29] [Worker-Main-7/WARN]: Tried to access a block entity before it was created. class_2338{x=1996, y=212, z=62}
[15:09:29] [Worker-Main-7/WARN]: Tried to access a block entity before it was created. class_2338{x=1992, y=209, z=56}
[15:09:29] [Worker-Main-7/WARN]: Tried to access a block entity before it was created. class_2338{x=1996, y=212, z=62}
[15:09:29] [Worker-Main-7/WARN]: Tried to access a block entity before it was created. class_2338{x=1987, y=208, z=75}
[15:09:29] [Worker-Main-7/WARN]: Tried to access a block entity before it was created. class_2338{x=1987, y=208, z=75}
[15:09:29] [Worker-Main-7/WARN]: Tried to access a block entity before it was created. class_2338{x=1994, y=209, z=72}
[15:09:29] [Worker-Main-7/WARN]: Tried to access a block entity before it was created. class_2338{x=1994, y=209, z=72}
[15:09:29] [Worker-Main-7/WARN]: Tried to access a block entity before it was created. class_2338{x=1987, y=210, z=69}
[15:09:29] [Worker-Main-7/WARN]: Tried to access a block entity before it was created. class_2338{x=1987, y=210, z=69}
[15:09:29] [Worker-Main-7/WARN]: Tried to access a block entity before it was created. class_2338{x=1989, y=211, z=65}
[15:09:29] [Worker-Main-7/WARN]: Tried to access a block entity before it was created. class_2338{x=1989, y=211, z=65}
[15:09:29] [Worker-Main-7/WARN]: Tried to access a block entity before it was created. class_2338{x=1989, y=211, z=78}
[15:09:29] [Worker-Main-7/WARN]: Tried to access a block entity before it was created. class_2338{x=1989, y=211, z=78}
[15:09:29] [Worker-Main-7/WARN]: Tried to access a block entity before it was created. class_2338{x=1994, y=211, z=65}
[15:09:29] [Worker-Main-7/WARN]: Tried to access a block entity before it was created. class_2338{x=1994, y=211, z=65}
[15:09:29] [Worker-Main-7/WARN]: Tried to access a block entity before it was created. class_2338{x=1994, y=211, z=78}
[15:09:29] [Worker-Main-7/WARN]: Tried to access a block entity before it was created. class_2338{x=1994, y=211, z=78}
[15:09:29] [Worker-Main-7/WARN]: Tried to access a block entity before it was created. class_2338{x=1987, y=208, z=75}
[15:09:29] [Worker-Main-7/WARN]: Tried to access a block entity before it was created. class_2338{x=1994, y=209, z=72}
[15:09:29] [Worker-Main-7/WARN]: Tried to access a block entity before it was created. class_2338{x=1987, y=210, z=69}
[15:09:29] [Worker-Main-7/WARN]: Tried to access a block entity before it was created. class_2338{x=1989, y=211, z=65}
[15:09:29] [Worker-Main-7/WARN]: Tried to access a block entity before it was created. class_2338{x=1989, y=211, z=78}
[15:09:29] [Worker-Main-7/WARN]: Tried to access a block entity before it was created. class_2338{x=1994, y=211, z=65}
[15:09:29] [Worker-Main-7/WARN]: Tried to access a block entity before it was created. class_2338{x=1994, y=211, z=78}
[15:09:29] [Worker-Main-7/WARN]: Tried to access a block entity before it was created. class_2338{x=1984, y=193, z=72}
[15:09:29] [Worker-Main-7/WARN]: Tried to access a block entity before it was created. class_2338{x=1984, y=193, z=72}
[15:09:29] [Worker-Main-7/WARN]: Tried to access a block entity before it was created. class_2338{x=1995, y=196, z=72}
[15:09:29] [Worker-Main-7/WARN]: Tried to access a block entity before it was created. class_2338{x=1995, y=196, z=72}
[15:09:29] [Worker-Main-7/WARN]: Tried to access a block entity before it was created. class_2338{x=1984, y=193, z=72}
[15:09:29] [Worker-Main-7/WARN]: Tried to access a block entity before it was created. class_2338{x=1995, y=196, z=72}
[15:09:29] [Worker-Main-7/WARN]: Tried to access a block entity before it was created. class_2338{x=1997, y=192, z=54}
[15:09:29] [Worker-Main-7/WARN]: Tried to access a block entity before it was created. class_2338{x=1997, y=192, z=54}
[15:09:29] [Worker-Main-7/WARN]: Tried to access a block entity before it was created. class_2338{x=1988, y=193, z=57}
[15:09:29] [Worker-Main-7/WARN]: Tried to access a block entity before it was created. class_2338{x=1988, y=193, z=57}
[15:09:29] [Worker-Main-7/WARN]: Tried to access a block entity before it was created. class_2338{x=1993, y=193, z=55}
[15:09:29] [Worker-Main-7/WARN]: Tried to access a block entity before it was created. class_2338{x=1993, y=193, z=55}
[15:09:29] [Worker-Main-7/WARN]: Tried to access a block entity before it was created. class_2338{x=1992, y=195, z=59}
[15:09:29] [Worker-Main-7/WARN]: Tried to access a block entity before it was created. class_2338{x=1992, y=195, z=59}
[15:09:29] [Worker-Main-7/WARN]: Tried to access a block entity before it was created. class_2338{x=1993, y=195, z=52}
[15:09:29] [Worker-Main-7/WARN]: Tried to access a block entity before it was created. class_2338{x=1993, y=195, z=52}
[15:09:29] [Worker-Main-7/WARN]: Tried to access a block entity before it was created. class_2338{x=1997, y=192, z=54}
[15:09:29] [Worker-Main-7/WARN]: Tried to access a block entity before it was created. class_2338{x=1988, y=193, z=57}
[15:09:29] [Worker-Main-7/WARN]: Tried to access a block entity before it was created. class_2338{x=1993, y=193, z=55}
[15:09:29] [Worker-Main-7/WARN]: Tried to access a block entity before it was created. class_2338{x=1992, y=195, z=59}
[15:09:29] [Worker-Main-7/WARN]: Tried to access a block entity before it was created. class_2338{x=1993, y=195, z=52}
[15:09:29] [Worker-Main-1/WARN]: Tried to access a block entity before it was created. class_2338{x=1991, y=241, z=41}
[15:09:29] [Worker-Main-1/WARN]: Tried to access a block entity before it was created. class_2338{x=1991, y=241, z=41}
[15:09:29] [Worker-Main-1/WARN]: Tried to access a block entity before it was created. class_2338{x=1991, y=241, z=36}
[15:09:29] [Worker-Main-1/WARN]: Tried to access a block entity before it was created. class_2338{x=1991, y=241, z=36}
[15:09:29] [Worker-Main-1/WARN]: Tried to access a block entity before it was created. class_2338{x=1990, y=243, z=43}
[15:09:29] [Worker-Main-1/WARN]: Tried to access a block entity before it was created. class_2338{x=1990, y=243, z=43}
[15:09:29] [Worker-Main-1/WARN]: Tried to access a block entity before it was created. class_2338{x=1990, y=243, z=34}
[15:09:29] [Worker-Main-1/WARN]: Tried to access a block entity before it was created. class_2338{x=1990, y=243, z=34}
[15:09:29] [Worker-Main-1/WARN]: Tried to access a block entity before it was created. class_2338{x=1991, y=241, z=41}
[15:09:29] [Worker-Main-1/WARN]: Tried to access a block entity before it was created. class_2338{x=1991, y=241, z=36}
[15:09:29] [Worker-Main-1/WARN]: Tried to access a block entity before it was created. class_2338{x=1990, y=243, z=43}
[15:09:29] [Worker-Main-1/WARN]: Tried to access a block entity before it was created. class_2338{x=1990, y=243, z=34}
[15:09:29] [Worker-Main-1/WARN]: Tried to access a block entity before it was created. class_2338{x=1991, y=209, z=41}
[15:09:29] [Worker-Main-1/WARN]: Tried to access a block entity before it was created. class_2338{x=1991, y=209, z=41}
[15:09:29] [Worker-Main-1/WARN]: Tried to access a block entity before it was created. class_2338{x=1991, y=209, z=36}
[15:09:29] [Worker-Main-1/WARN]: Tried to access a block entity before it was created. class_2338{x=1991, y=209, z=36}
[15:09:29] [Worker-Main-1/WARN]: Tried to access a block entity before it was created. class_2338{x=1990, y=211, z=43}
[15:09:29] [Worker-Main-1/WARN]: Tried to access a block entity before it was created. class_2338{x=1990, y=211, z=43}
[15:09:29] [Worker-Main-1/WARN]: Tried to access a block entity before it was created. class_2338{x=1990, y=211, z=34}
[15:09:29] [Worker-Main-1/WARN]: Tried to access a block entity before it was created. class_2338{x=1990, y=211, z=34}
[15:09:29] [Worker-Main-1/WARN]: Tried to access a block entity before it was created. class_2338{x=1991, y=209, z=41}
[15:09:29] [Worker-Main-1/WARN]: Tried to access a block entity before it was created. class_2338{x=1991, y=209, z=36}
[15:09:29] [Worker-Main-1/WARN]: Tried to access a block entity before it was created. class_2338{x=1990, y=211, z=43}
[15:09:29] [Worker-Main-1/WARN]: Tried to access a block entity before it was created. class_2338{x=1990, y=211, z=34}
[15:09:29] [Worker-Main-1/WARN]: Tried to access a block entity before it was created. class_2338{x=1992, y=209, z=56}
[15:09:29] [Worker-Main-1/WARN]: Tried to access a block entity before it was created. class_2338{x=1992, y=209, z=56}
[15:09:29] [Worker-Main-1/WARN]: Tried to access a block entity before it was created. class_2338{x=1996, y=212, z=62}
[15:09:29] [Worker-Main-1/WARN]: Tried to access a block entity before it was created. class_2338{x=1996, y=212, z=62}
[15:09:29] [Worker-Main-1/WARN]: Tried to access a block entity before it was created. class_2338{x=1992, y=209, z=56}
[15:09:29] [Worker-Main-1/WARN]: Tried to access a block entity before it was created. class_2338{x=1996, y=212, z=62}
[15:09:29] [Worker-Main-1/WARN]: Tried to access a block entity before it was created. class_2338{x=1997, y=192, z=54}
[15:09:29] [Worker-Main-1/WARN]: Tried to access a block entity before it was created. class_2338{x=1997, y=192, z=54}
[15:09:29] [Worker-Main-1/WARN]: Tried to access a block entity before it was created. class_2338{x=1988, y=193, z=57}
[15:09:29] [Worker-Main-1/WARN]: Tried to access a block entity before it was created. class_2338{x=1988, y=193, z=57}
[15:09:29] [Worker-Main-1/WARN]: Tried to access a block entity before it was created. class_2338{x=1993, y=193, z=55}
[15:09:29] [Worker-Main-1/WARN]: Tried to access a block entity before it was created. class_2338{x=1993, y=193, z=55}
[15:09:29] [Worker-Main-1/WARN]: Tried to access a block entity before it was created. class_2338{x=1992, y=195, z=59}
[15:09:29] [Worker-Main-1/WARN]: Tried to access a block entity before it was created. class_2338{x=1992, y=195, z=59}
[15:09:29] [Worker-Main-1/WARN]: Tried to access a block entity before it was created. class_2338{x=1993, y=195, z=52}
[15:09:29] [Worker-Main-1/WARN]: Tried to access a block entity before it was created. class_2338{x=1993, y=195, z=52}
[15:09:29] [Worker-Main-1/WARN]: Tried to access a block entity before it was created. class_2338{x=1997, y=192, z=54}
[15:09:29] [Worker-Main-1/WARN]: Tried to access a block entity before it was created. class_2338{x=1988, y=193, z=57}
[15:09:29] [Worker-Main-1/WARN]: Tried to access a block entity before it was created. class_2338{x=1993, y=193, z=55}
[15:09:29] [Worker-Main-1/WARN]: Tried to access a block entity before it was created. class_2338{x=1992, y=195, z=59}
[15:09:29] [Worker-Main-1/WARN]: Tried to access a block entity before it was created. class_2338{x=1993, y=195, z=52}
[15:09:29] [Worker-Main-1/WARN]: Tried to access a block entity before it was created. class_2338{x=1992, y=193, z=40}
[15:09:29] [Worker-Main-1/WARN]: Tried to access a block entity before it was created. class_2338{x=1992, y=193, z=40}
[15:09:29] [Worker-Main-1/WARN]: Tried to access a block entity before it was created. class_2338{x=1996, y=196, z=46}
[15:09:29] [Worker-Main-1/WARN]: Tried to access a block entity before it was created. class_2338{x=1996, y=196, z=46}
[15:09:29] [Worker-Main-1/WARN]: Tried to access a block entity before it was created. class_2338{x=1992, y=193, z=40}
[15:09:29] [Worker-Main-1/WARN]: Tried to access a block entity before it was created. class_2338{x=1996, y=196, z=46}
[15:09:29] [Worker-Main-6/WARN]: Tried to access a block entity before it was created. class_2338{x=1991, y=241, z=41}
[15:09:29] [Worker-Main-6/WARN]: Tried to access a block entity before it was created. class_2338{x=1991, y=241, z=41}
[15:09:29] [Worker-Main-6/WARN]: Tried to access a block entity before it was created. class_2338{x=1991, y=241, z=36}
[15:09:29] [Worker-Main-6/WARN]: Tried to access a block entity before it was created. class_2338{x=1991, y=241, z=36}
[15:09:29] [Worker-Main-6/WARN]: Tried to access a block entity before it was created. class_2338{x=1990, y=243, z=43}
[15:09:29] [Worker-Main-6/WARN]: Tried to access a block entity before it was created. class_2338{x=1990, y=243, z=43}
[15:09:29] [Worker-Main-6/WARN]: Tried to access a block entity before it was created. class_2338{x=1990, y=243, z=34}
[15:09:29] [Worker-Main-6/WARN]: Tried to access a block entity before it was created. class_2338{x=1990, y=243, z=34}
[15:09:29] [Worker-Main-6/WARN]: Tried to access a block entity before it was created. class_2338{x=1991, y=241, z=41}
[15:09:29] [Worker-Main-6/WARN]: Tried to access a block entity before it was created. class_2338{x=1991, y=241, z=36}
[15:09:29] [Worker-Main-6/WARN]: Tried to access a block entity before it was created. class_2338{x=1990, y=243, z=43}
[15:09:29] [Worker-Main-6/WARN]: Tried to access a block entity before it was created. class_2338{x=1990, y=243, z=34}
[15:09:29] [Worker-Main-6/WARN]: Tried to access a block entity before it was created. class_2338{x=1993, y=226, z=23}
[15:09:29] [Worker-Main-6/WARN]: Tried to access a block entity before it was created. class_2338{x=1993, y=226, z=23}
[15:09:29] [Worker-Main-6/WARN]: Tried to access a block entity before it was created. class_2338{x=1993, y=226, z=23}
[15:09:29] [Worker-Main-6/WARN]: Tried to access a block entity before it was created. class_2338{x=1991, y=209, z=41}
[15:09:29] [Worker-Main-6/WARN]: Tried to access a block entity before it was created. class_2338{x=1991, y=209, z=41}
[15:09:29] [Worker-Main-6/WARN]: Tried to access a block entity before it was created. class_2338{x=1991, y=209, z=36}
[15:09:29] [Worker-Main-6/WARN]: Tried to access a block entity before it was created. class_2338{x=1991, y=209, z=36}
[15:09:29] [Worker-Main-6/WARN]: Tried to access a block entity before it was created. class_2338{x=1990, y=211, z=43}
[15:09:29] [Worker-Main-6/WARN]: Tried to access a block entity before it was created. class_2338{x=1990, y=211, z=43}
[15:09:29] [Worker-Main-6/WARN]: Tried to access a block entity before it was created. class_2338{x=1990, y=211, z=34}
[15:09:29] [Worker-Main-6/WARN]: Tried to access a block entity before it was created. class_2338{x=1990, y=211, z=34}
[15:09:29] [Worker-Main-6/WARN]: Tried to access a block entity before it was created. class_2338{x=1991, y=209, z=41}
[15:09:29] [Worker-Main-6/WARN]: Tried to access a block entity before it was created. class_2338{x=1991, y=209, z=36}
[15:09:29] [Worker-Main-6/WARN]: Tried to access a block entity before it was created. class_2338{x=1990, y=211, z=43}
[15:09:29] [Worker-Main-6/WARN]: Tried to access a block entity before it was created. class_2338{x=1990, y=211, z=34}
[15:09:29] [Worker-Main-6/WARN]: Tried to access a block entity before it was created. class_2338{x=1992, y=193, z=40}
[15:09:29] [Worker-Main-6/WARN]: Tried to access a block entity before it was created. class_2338{x=1992, y=193, z=40}
[15:09:29] [Worker-Main-6/WARN]: Tried to access a block entity before it was created. class_2338{x=1996, y=196, z=46}
[15:09:29] [Worker-Main-6/WARN]: Tried to access a block entity before it was created. class_2338{x=1996, y=196, z=46}
[15:09:29] [Worker-Main-6/WARN]: Tried to access a block entity before it was created. class_2338{x=1992, y=193, z=40}
[15:09:29] [Worker-Main-6/WARN]: Tried to access a block entity before it was created. class_2338{x=1996, y=196, z=46}
[15:09:29] [Worker-Main-6/WARN]: Tried to access a block entity before it was created. class_2338{x=1993, y=194, z=23}
[15:09:29] [Worker-Main-6/WARN]: Tried to access a block entity before it was created. class_2338{x=1993, y=194, z=23}
[15:09:29] [Worker-Main-6/WARN]: Tried to access a block entity before it was created. class_2338{x=1993, y=194, z=23}
[15:09:29] [Worker-Main-6/WARN]: Tried to access a block entity before it was created. class_2338{x=1993, y=226, z=23}
[15:09:29] [Worker-Main-6/WARN]: Tried to access a block entity before it was created. class_2338{x=1993, y=226, z=23}
[15:09:29] [Worker-Main-6/WARN]: Tried to access a block entity before it was created. class_2338{x=1993, y=226, z=23}
[15:09:29] [Worker-Main-6/WARN]: Tried to access a block entity before it was created. class_2338{x=1993, y=194, z=23}
[15:09:29] [Worker-Main-6/WARN]: Tried to access a block entity before it was created. class_2338{x=1993, y=194, z=23}
[15:09:29] [Worker-Main-6/WARN]: Tried to access a block entity before it was created. class_2338{x=1993, y=194, z=23}
[15:09:29] [Worker-Main-7/WARN]: Tried to access a block entity before it was created. class_2338{x=1990, y=192, z=-14}
[15:09:29] [Worker-Main-7/WARN]: Tried to access a block entity before it was created. class_2338{x=1990, y=192, z=-14}
[15:09:29] [Worker-Main-7/WARN]: Tried to access a block entity before it was created. class_2338{x=1993, y=193, z=-5}
[15:09:29] [Worker-Main-7/WARN]: Tried to access a block entity before it was created. class_2338{x=1993, y=193, z=-5}
[15:09:29] [Worker-Main-7/WARN]: Tried to access a block entity before it was created. class_2338{x=1991, y=193, z=-10}
[15:09:29] [Worker-Main-7/WARN]: Tried to access a block entity before it was created. class_2338{x=1991, y=193, z=-10}
[15:09:29] [Worker-Main-7/WARN]: Tried to access a block entity before it was created. class_2338{x=1995, y=195, z=-9}
[15:09:29] [Worker-Main-7/WARN]: Tried to access a block entity before it was created. class_2338{x=1995, y=195, z=-9}
[15:09:29] [Worker-Main-7/WARN]: Tried to access a block entity before it was created. class_2338{x=1988, y=195, z=-10}
[15:09:29] [Worker-Main-7/WARN]: Tried to access a block entity before it was created. class_2338{x=1988, y=195, z=-10}
[15:09:29] [Worker-Main-7/WARN]: Tried to access a block entity before it was created. class_2338{x=1990, y=192, z=-14}
[15:09:29] [Worker-Main-7/WARN]: Tried to access a block entity before it was created. class_2338{x=1993, y=193, z=-5}
[15:09:29] [Worker-Main-7/WARN]: Tried to access a block entity before it was created. class_2338{x=1991, y=193, z=-10}
[15:09:29] [Worker-Main-7/WARN]: Tried to access a block entity before it was created. class_2338{x=1995, y=195, z=-9}
[15:09:29] [Worker-Main-7/WARN]: Tried to access a block entity before it was created. class_2338{x=1988, y=195, z=-10}
[15:09:29] [Worker-Main-6/WARN]: Tried to access a block entity before it was created. class_2338{x=1990, y=192, z=-14}
[15:09:29] [Worker-Main-6/WARN]: Tried to access a block entity before it was created. class_2338{x=1990, y=192, z=-14}
[15:09:29] [Worker-Main-6/WARN]: Tried to access a block entity before it was created. class_2338{x=1993, y=193, z=-5}
[15:09:29] [Worker-Main-6/WARN]: Tried to access a block entity before it was created. class_2338{x=1993, y=193, z=-5}
[15:09:29] [Worker-Main-6/WARN]: Tried to access a block entity before it was created. class_2338{x=1991, y=193, z=-10}
[15:09:29] [Worker-Main-6/WARN]: Tried to access a block entity before it was created. class_2338{x=1991, y=193, z=-10}
[15:09:29] [Worker-Main-6/WARN]: Tried to access a block entity before it was created. class_2338{x=1995, y=195, z=-9}
[15:09:29] [Worker-Main-6/WARN]: Tried to access a block entity before it was created. class_2338{x=1995, y=195, z=-9}
[15:09:29] [Worker-Main-6/WARN]: Tried to access a block entity before it was created. class_2338{x=1988, y=195, z=-10}
[15:09:29] [Worker-Main-6/WARN]: Tried to access a block entity before it was created. class_2338{x=1988, y=195, z=-10}
[15:09:29] [Worker-Main-6/WARN]: Tried to access a block entity before it was created. class_2338{x=1990, y=192, z=-14}
[15:09:29] [Worker-Main-6/WARN]: Tried to access a block entity before it was created. class_2338{x=1993, y=193, z=-5}
[15:09:29] [Worker-Main-6/WARN]: Tried to access a block entity before it was created. class_2338{x=1991, y=193, z=-10}
[15:09:29] [Worker-Main-6/WARN]: Tried to access a block entity before it was created. class_2338{x=1995, y=195, z=-9}
[15:09:29] [Worker-Main-6/WARN]: Tried to access a block entity before it was created. class_2338{x=1988, y=195, z=-10}
[15:09:42] [Netty Epoll Server IO #12/INFO]: [do_a_barrel_roll] Client of Coemsexy accepted server config.
[15:09:49] [Server thread/INFO]: Sylein1 claimed a grave belonging to Sylein1 at 3, 233, 106, minecells:prison
[15:10:02] [Server thread/INFO]: Sylein1 was slain by Leaping Zombie
[15:10:02] [Server thread/INFO]: komeme claimed a grave belonging to komeme at 7, 240, 147, minecells:prison
[15:10:04] [Netty Epoll Server IO #10/INFO]: [do_a_barrel_roll] Client of Sylein1 accepted server config.
[15:10:08] [Server thread/INFO]: kazunah was slain by Shieldbearer
[15:10:10] [Netty Epoll Server IO #15/INFO]: [do_a_barrel_roll] Client of kazunah accepted server config.
[15:10:12] [Netty Epoll Server IO #10/INFO]: [do_a_barrel_roll] Client of Sylein1 accepted server config.
[15:10:16] [Netty Epoll Server IO #15/INFO]: [do_a_barrel_roll] Client of kazunah accepted server config.
[15:10:17] [Server thread/INFO]: Coemsexy claimed a grave belonging to Coemsexy at 11, 236, 100, minecells:prison
[15:10:28] [Server thread/INFO]: kazunah claimed a grave belonging to kazunah at 5, 240, 53, minecells:prison
[15:10:29] [Server thread/INFO]: Coemsexy was slain by Leaping Zombie
[15:10:30] [Netty Epoll Server IO #12/INFO]: [do_a_barrel_roll] Client of Coemsexy accepted server config.
[15:10:42] [Netty Epoll Server IO #12/INFO]: [do_a_barrel_roll] Client of Coemsexy accepted server config.
[15:10:43] [Worker-Main-3/WARN]: Tried to access a block entity before it was created. class_2338{x=2040, y=209, z=71}
[15:10:43] [Worker-Main-3/WARN]: Tried to access a block entity before it was created. class_2338{x=2040, y=209, z=71}
[15:10:43] [Worker-Main-3/WARN]: Tried to access a block entity before it was created. class_2338{x=2040, y=209, z=71}
[15:10:43] [Worker-Main-3/WARN]: Tried to access a block entity before it was created. class_2338{x=2040, y=209, z=71}
[15:10:43] [Worker-Main-3/WARN]: Tried to access a block entity before it was created. class_2338{x=2040, y=209, z=71}
[15:10:43] [Worker-Main-3/WARN]: Tried to access a block entity before it was created. class_2338{x=2040, y=209, z=71}
[15:10:43] [Worker-Main-3/WARN]: Tried to access a block entity before it was created. class_2338{x=2035, y=241, z=40}
[15:10:43] [Worker-Main-3/WARN]: Tried to access a block entity before it was created. class_2338{x=2035, y=241, z=40}
[15:10:43] [Worker-Main-3/WARN]: Tried to access a block entity before it was created. class_2338{x=2044, y=241, z=40}
[15:10:43] [Worker-Main-3/WARN]: Tried to access a block entity before it was created. class_2338{x=2044, y=241, z=40}
[15:10:43] [Worker-Main-3/WARN]: Tried to access a block entity before it was created. class_2338{x=2035, y=241, z=40}
[15:10:43] [Worker-Main-3/WARN]: Tried to access a block entity before it was created. class_2338{x=2044, y=241, z=40}
[15:10:43] [Worker-Main-3/WARN]: Tried to access a block entity before it was created. class_2338{x=2040, y=225, z=38}
[15:10:43] [Worker-Main-3/WARN]: Tried to access a block entity before it was created. class_2338{x=2040, y=225, z=38}
[15:10:43] [Worker-Main-3/WARN]: Tried to access a block entity before it was created. class_2338{x=2040, y=225, z=43}
[15:10:43] [Worker-Main-3/WARN]: Tried to access a block entity before it was created. class_2338{x=2040, y=225, z=43}
[15:10:43] [Worker-Main-3/WARN]: Tried to access a block entity before it was created. class_2338{x=2041, y=227, z=36}
[15:10:43] [Worker-Main-3/WARN]: Tried to access a block entity before it was created. class_2338{x=2041, y=227, z=36}
[15:10:43] [Worker-Main-3/WARN]: Tried to access a block entity before it was created. class_2338{x=2041, y=227, z=45}
[15:10:43] [Worker-Main-3/WARN]: Tried to access a block entity before it was created. class_2338{x=2041, y=227, z=45}
[15:10:43] [Worker-Main-3/WARN]: Tried to access a block entity before it was created. class_2338{x=2040, y=225, z=38}
[15:10:43] [Worker-Main-3/WARN]: Tried to access a block entity before it was created. class_2338{x=2040, y=225, z=43}
[15:10:43] [Worker-Main-3/WARN]: Tried to access a block entity before it was created. class_2338{x=2041, y=227, z=36}
[15:10:43] [Worker-Main-3/WARN]: Tried to access a block entity before it was created. class_2338{x=2041, y=227, z=45}
[15:10:43] [Worker-Main-5/WARN]: Tried to access a block entity before it was created. class_2338{x=2035, y=241, z=40}
[15:10:43] [Worker-Main-5/WARN]: Tried to access a block entity before it was created. class_2338{x=2035, y=241, z=40}
[15:10:43] [Worker-Main-5/WARN]: Tried to access a block entity before it was created. class_2338{x=2044, y=241, z=40}
[15:10:43] [Worker-Main-5/WARN]: Tried to access a block entity before it was created. class_2338{x=2044, y=241, z=40}
[15:10:43] [Worker-Main-5/WARN]: Tried to access a block entity before it was created. class_2338{x=2035, y=241, z=40}
[15:10:43] [Worker-Main-5/WARN]: Tried to access a block entity before it was created. class_2338{x=2044, y=241, z=40}
[15:10:43] [Worker-Main-5/WARN]: Tried to access a block entity before it was created. class_2338{x=2040, y=225, z=38}
[15:10:43] [Worker-Main-5/WARN]: Tried to access a block entity before it was created. class_2338{x=2040, y=225, z=38}
[15:10:43] [Worker-Main-5/WARN]: Tried to access a block entity before it was created. class_2338{x=2040, y=225, z=43}
[15:10:43] [Worker-Main-5/WARN]: Tried to access a block entity before it was created. class_2338{x=2040, y=225, z=43}
[15:10:43] [Worker-Main-5/WARN]: Tried to access a block entity before it was created. class_2338{x=2041, y=227, z=36}
[15:10:43] [Worker-Main-5/WARN]: Tried to access a block entity before it was created. class_2338{x=2041, y=227, z=36}
[15:10:43] [Worker-Main-5/WARN]: Tried to access a block entity before it was created. class_2338{x=2041, y=227, z=45}
[15:10:43] [Worker-Main-5/WARN]: Tried to access a block entity before it was created. class_2338{x=2041, y=227, z=45}
[15:10:43] [Worker-Main-5/WARN]: Tried to access a block entity before it was created. class_2338{x=2040, y=225, z=38}
[15:10:43] [Worker-Main-5/WARN]: Tried to access a block entity before it was created. class_2338{x=2040, y=225, z=43}
[15:10:43] [Worker-Main-5/WARN]: Tried to access a block entity before it was created. class_2338{x=2041, y=227, z=36}
[15:10:43] [Worker-Main-5/WARN]: Tried to access a block entity before it was created. class_2338{x=2041, y=227, z=45}
[15:10:43] [Worker-Main-2/WARN]: Tried to access a block entity before it was created. class_2338{x=2040, y=209, z=-26}
[15:10:43] [Worker-Main-2/WARN]: Tried to access a block entity before it was created. class_2338{x=2040, y=209, z=-26}
[15:10:43] [Worker-Main-2/WARN]: Tried to access a block entity before it was created. class_2338{x=2040, y=209, z=-21}
[15:10:43] [Worker-Main-2/WARN]: Tried to access a block entity before it was created. class_2338{x=2040, y=209, z=-21}
[15:10:43] [Worker-Main-2/WARN]: Tried to access a block entity before it was created. class_2338{x=2041, y=211, z=-28}
[15:10:43] [Worker-Main-2/WARN]: Tried to access a block entity before it was created. class_2338{x=2041, y=211, z=-28}
[15:10:43] [Worker-Main-2/WARN]: Tried to access a block entity before it was created. class_2338{x=2041, y=211, z=-19}
[15:10:43] [Worker-Main-2/WARN]: Tried to access a block entity before it was created. class_2338{x=2041, y=211, z=-19}
[15:10:43] [Worker-Main-2/WARN]: Tried to access a block entity before it was created. class_2338{x=2040, y=209, z=-26}
[15:10:43] [Worker-Main-2/WARN]: Tried to access a block entity before it was created. class_2338{x=2040, y=209, z=-21}
[15:10:43] [Worker-Main-2/WARN]: Tried to access a block entity before it was created. class_2338{x=2041, y=211, z=-28}
[15:10:43] [Worker-Main-2/WARN]: Tried to access a block entity before it was created. class_2338{x=2041, y=211, z=-19}
[15:10:43] [Worker-Main-7/WARN]: Tried to access a block entity before it was created. class_2338{x=2040, y=209, z=-26}
[15:10:43] [Worker-Main-7/WARN]: Tried to access a block entity before it was created. class_2338{x=2040, y=209, z=-26}
[15:10:43] [Worker-Main-7/WARN]: Tried to access a block entity before it was created. class_2338{x=2040, y=209, z=-21}
[15:10:43] [Worker-Main-7/WARN]: Tried to access a block entity before it was created. class_2338{x=2040, y=209, z=-21}
[15:10:43] [Worker-Main-7/WARN]: Tried to access a block entity before it was created. class_2338{x=2041, y=211, z=-28}
[15:10:43] [Worker-Main-7/WARN]: Tried to access a block entity before it was created. class_2338{x=2041, y=211, z=-28}
[15:10:43] [Worker-Main-7/WARN]: Tried to access a block entity before it was created. class_2338{x=2041, y=211, z=-19}
[15:10:43] [Worker-Main-7/WARN]: Tried to access a block entity before it was created. class_2338{x=2041, y=211, z=-19}
[15:10:43] [Worker-Main-7/WARN]: Tried to access a block entity before it was created. class_2338{x=2040, y=209, z=-26}
[15:10:43] [Worker-Main-7/WARN]: Tried to access a block entity before it was created. class_2338{x=2040, y=209, z=-21}
[15:10:43] [Worker-Main-7/WARN]: Tried to access a block entity before it was created. class_2338{x=2041, y=211, z=-28}
[15:10:43] [Worker-Main-7/WARN]: Tried to access a block entity before it was created. class_2338{x=2041, y=211, z=-19}
[15:10:45] [Server thread/INFO]: Sylein1 was slain by Leaping Zombie
[15:10:45] [Server thread/INFO]: Did not backup data (grave data empty)
[15:10:47] [Netty Epoll Server IO #10/INFO]: [do_a_barrel_roll] Client of Sylein1 accepted server config.
[15:10:54] [Netty Epoll Server IO #10/INFO]: [do_a_barrel_roll] Client of Sylein1 accepted server config.
[15:10:59] [Server thread/INFO]: Coemsexy was blown up by Grenadier
[15:11:01] [Netty Epoll Server IO #12/INFO]: [do_a_barrel_roll] Client of Coemsexy accepted server config.
[15:11:01] [Server thread/INFO]: kazunah was killed by magic whilst trying to escape Grenadier
[15:11:03] [Netty Epoll Server IO #15/INFO]: [do_a_barrel_roll] Client of kazunah accepted server config.
[15:11:08] [Server thread/INFO]: Sylein1 was blown up by Grenadier
[15:11:08] [Server thread/INFO]: Did not backup data (grave data empty)
[15:11:08] [Netty Epoll Server IO #15/INFO]: [do_a_barrel_roll] Client of kazunah accepted server config.
[15:11:09] [Netty Epoll Server IO #10/INFO]: [do_a_barrel_roll] Client of Sylein1 accepted server config.
[15:11:11] [Netty Epoll Server IO #12/INFO]: [do_a_barrel_roll] Client of Coemsexy accepted server config.
[15:11:16] [Netty Epoll Server IO #10/INFO]: [do_a_barrel_roll] Client of Sylein1 accepted server config.
[15:11:18] [Server thread/INFO]: kazunah claimed a grave belonging to kazunah at 5, 240, 29, minecells:prison
[15:11:23] [Server thread/INFO]: kazunah was slain by Leaping Zombie
[15:11:24] [Netty Epoll Server IO #15/INFO]: [do_a_barrel_roll] Client of kazunah accepted server config.
[15:11:27] [Server thread/INFO]: komeme was slain by Leaping Zombie
[15:11:29] [Netty Epoll Server IO #15/INFO]: [do_a_barrel_roll] Client of kazunah accepted server config.
[15:11:31] [Netty Epoll Server IO #10/INFO]: [do_a_barrel_roll] Client of komeme accepted server config.
[15:11:36] [Netty Epoll Server IO #10/INFO]: [do_a_barrel_roll] Client of komeme accepted server config.
[15:11:40] [Server thread/INFO]: Coemsexy was doomed to fall by Undead Archer
[15:11:42] [Netty Epoll Server IO #12/INFO]: [do_a_barrel_roll] Client of Coemsexy accepted server config.
[15:11:42] [Server thread/INFO]: kazunah claimed a grave belonging to kazunah at 9, 243, 38, minecells:prison
[15:11:52] [Netty Epoll Server IO #12/INFO]: [do_a_barrel_roll] Client of Coemsexy accepted server config.
[15:11:54] [Server thread/INFO]: Sylein1 was blown up by Grenadier
[15:11:54] [Server thread/INFO]: Did not backup data (grave data empty)
[15:11:54] [Worker-Main-1/WARN]: Tried to access a block entity before it was created. class_2338{x=2040, y=209, z=71}
[15:11:54] [Worker-Main-1/WARN]: Tried to access a block entity before it was created. class_2338{x=2040, y=209, z=71}
[15:11:54] [Worker-Main-1/WARN]: Tried to access a block entity before it was created. class_2338{x=2040, y=209, z=71}
[15:11:54] [Worker-Main-1/WARN]: Tried to access a block entity before it was created. class_2338{x=2040, y=209, z=71}
[15:11:54] [Worker-Main-1/WARN]: Tried to access a block entity before it was created. class_2338{x=2040, y=209, z=71}
[15:11:54] [Worker-Main-1/WARN]: Tried to access a block entity before it was created. class_2338{x=2040, y=209, z=71}
[15:11:54] [Worker-Main-6/WARN]: Tried to access a block entity before it was created. class_2338{x=2035, y=241, z=40}
[15:11:54] [Worker-Main-6/WARN]: Tried to access a block entity before it was created. class_2338{x=2035, y=241, z=40}
[15:11:54] [Worker-Main-6/WARN]: Tried to access a block entity before it was created. class_2338{x=2044, y=241, z=40}
[15:11:54] [Worker-Main-6/WARN]: Tried to access a block entity before it was created. class_2338{x=2044, y=241, z=40}
[15:11:54] [Worker-Main-6/WARN]: Tried to access a block entity before it was created. class_2338{x=2035, y=241, z=40}
[15:11:54] [Worker-Main-6/WARN]: Tried to access a block entity before it was created. class_2338{x=2044, y=241, z=40}
[15:11:54] [Worker-Main-6/WARN]: Tried to access a block entity before it was created. class_2338{x=2040, y=225, z=38}
[15:11:54] [Worker-Main-6/WARN]: Tried to access a block entity before it was created. class_2338{x=2040, y=225, z=38}
[15:11:54] [Worker-Main-6/WARN]: Tried to access a block entity before it was created. class_2338{x=2040, y=225, z=43}
[15:11:54] [Worker-Main-6/WARN]: Tried to access a block entity before it was created. class_2338{x=2040, y=225, z=43}
[15:11:54] [Worker-Main-6/WARN]: Tried to access a block entity before it was created. class_2338{x=2041, y=227, z=36}
[15:11:54] [Worker-Main-6/WARN]: Tried to access a block entity before it was created. class_2338{x=2041, y=227, z=36}
[15:11:54] [Worker-Main-6/WARN]: Tried to access a block entity before it was created. class_2338{x=2041, y=227, z=45}
[15:11:54] [Worker-Main-6/WARN]: Tried to access a block entity before it was created. class_2338{x=2041, y=227, z=45}
[15:11:54] [Worker-Main-6/WARN]: Tried to access a block entity before it was created. class_2338{x=2040, y=225, z=38}
[15:11:54] [Worker-Main-6/WARN]: Tried to access a block entity before it was created. class_2338{x=2040, y=225, z=43}
[15:11:54] [Worker-Main-6/WARN]: Tried to access a block entity before it was created. class_2338{x=2041, y=227, z=36}
[15:11:54] [Worker-Main-6/WARN]: Tried to access a block entity before it was created. class_2338{x=2041, y=227, z=45}
[15:11:54] [Worker-Main-6/WARN]: Tried to access a block entity before it was created. class_2338{x=2035, y=241, z=40}
[15:11:54] [Worker-Main-6/WARN]: Tried to access a block entity before it was created. class_2338{x=2035, y=241, z=40}
[15:11:54] [Worker-Main-6/WARN]: Tried to access a block entity before it was created. class_2338{x=2044, y=241, z=40}
[15:11:54] [Worker-Main-6/WARN]: Tried to access a block entity before it was created. class_2338{x=2044, y=241, z=40}
[15:11:54] [Worker-Main-6/WARN]: Tried to access a block entity before it was created. class_2338{x=2035, y=241, z=40}
[15:11:54] [Worker-Main-6/WARN]: Tried to access a block entity before it was created. class_2338{x=2044, y=241, z=40}
[15:11:54] [Worker-Main-6/WARN]: Tried to access a block entity before it was created. class_2338{x=2040, y=225, z=38}
[15:11:54] [Worker-Main-6/WARN]: Tried to access a block entity before it was created. class_2338{x=2040, y=225, z=38}
[15:11:54] [Worker-Main-6/WARN]: Tried to access a block entity before it was created. class_2338{x=2040, y=225, z=43}
[15:11:54] [Worker-Main-6/WARN]: Tried to access a block entity before it was created. class_2338{x=2040, y=225, z=43}
[15:11:54] [Worker-Main-6/WARN]: Tried to access a block entity before it was created. class_2338{x=2041, y=227, z=36}
[15:11:54] [Worker-Main-6/WARN]: Tried to access a block entity before it was created. class_2338{x=2041, y=227, z=36}
[15:11:54] [Worker-Main-6/WARN]: Tried to access a block entity before it was created. class_2338{x=2041, y=227, z=45}
[15:11:54] [Worker-Main-6/WARN]: Tried to access a block entity before it was created. class_2338{x=2041, y=227, z=45}
[15:11:54] [Worker-Main-6/WARN]: Tried to access a block entity before it was created. class_2338{x=2040, y=225, z=38}
[15:11:54] [Worker-Main-6/WARN]: Tried to access a block entity before it was created. class_2338{x=2040, y=225, z=43}
[15:11:54] [Worker-Main-6/WARN]: Tried to access a block entity before it was created. class_2338{x=2041, y=227, z=36}
[15:11:54] [Worker-Main-6/WARN]: Tried to access a block entity before it was created. class_2338{x=2041, y=227, z=45}
[15:11:54] [Worker-Main-1/WARN]: Tried to access a block entity before it was created. class_2338{x=2040, y=209, z=-26}
[15:11:54] [Worker-Main-1/WARN]: Tried to access a block entity before it was created. class_2338{x=2040, y=209, z=-26}
[15:11:54] [Worker-Main-1/WARN]: Tried to access a block entity before it was created. class_2338{x=2040, y=209, z=-21}
[15:11:54] [Worker-Main-1/WARN]: Tried to access a block entity before it was created. class_2338{x=2040, y=209, z=-21}
[15:11:54] [Worker-Main-1/WARN]: Tried to access a block entity before it was created. class_2338{x=2041, y=211, z=-28}
[15:11:54] [Worker-Main-1/WARN]: Tried to access a block entity before it was created. class_2338{x=2041, y=211, z=-28}
[15:11:54] [Worker-Main-1/WARN]: Tried to access a block entity before it was created. class_2338{x=2041, y=211, z=-19}
[15:11:54] [Worker-Main-1/WARN]: Tried to access a block entity before it was created. class_2338{x=2041, y=211, z=-19}
[15:11:54] [Worker-Main-1/WARN]: Tried to access a block entity before it was created. class_2338{x=2040, y=209, z=-26}
[15:11:54] [Worker-Main-1/WARN]: Tried to access a block entity before it was created. class_2338{x=2040, y=209, z=-21}
[15:11:54] [Worker-Main-1/WARN]: Tried to access a block entity before it was created. class_2338{x=2041, y=211, z=-28}
[15:11:54] [Worker-Main-1/WARN]: Tried to access a block entity before it was created. class_2338{x=2041, y=211, z=-19}
[15:11:56] [Netty Epoll Server IO #10/INFO]: [do_a_barrel_roll] Client of Sylein1 accepted server config.
[15:12:01] [Netty Epoll Server IO #10/INFO]: [do_a_barrel_roll] Client of Sylein1 accepted server config.
[15:12:03] [Server thread/INFO]: komeme was shot by Undead Archer
[15:12:05] [Netty Epoll Server IO #10/INFO]: [do_a_barrel_roll] Client of komeme accepted server config.
[15:12:08] [Netty Epoll Server IO #15/INFO]: [do_a_barrel_roll] Client of kazunah accepted server config.
[15:12:11] [Netty Epoll Server IO #10/INFO]: [do_a_barrel_roll] Client of komeme accepted server config.
[15:12:30] [Server thread/INFO]: komeme was slain by Leaping Zombie
[15:12:31] [Netty Epoll Server IO #10/INFO]: [do_a_barrel_roll] Client of komeme accepted server config.
[15:12:37] [Netty Epoll Server IO #10/INFO]: [do_a_barrel_roll] Client of komeme accepted server config.
[15:12:37] [Server thread/INFO]: Coemsexy was slain by Leaping Zombie
[15:12:38] [Netty Epoll Server IO #12/INFO]: [do_a_barrel_roll] Client of Coemsexy accepted server config.
[15:12:40] [Server thread/INFO]: Sylein1 was slain by Leaping Zombie
[15:12:42] [Netty Epoll Server IO #10/INFO]: [do_a_barrel_roll] Client of Sylein1 accepted server config.
[15:12:50] [Netty Epoll Server IO #10/INFO]: [do_a_barrel_roll] Client of Sylein1 accepted server config.
[15:12:50] [Netty Epoll Server IO #12/INFO]: [do_a_barrel_roll] Client of Coemsexy accepted server config.
[15:13:04] [Server thread/INFO]: komeme was slain by Leaping Zombie
[15:13:06] [Netty Epoll Server IO #10/INFO]: [do_a_barrel_roll] Client of komeme accepted server config.
[15:13:07] [Netty Epoll Server IO #15/INFO]: [do_a_barrel_roll] Client of kazunah accepted server config.
[15:13:09] [Server thread/INFO]: Sylein1 was slain by Leaping Zombie
[15:13:09] [Server thread/INFO]: Did not backup data (grave data empty)
[15:13:10] [Netty Epoll Server IO #10/INFO]: [do_a_barrel_roll] Client of Sylein1 accepted server config.
[15:13:10] [Server thread/INFO]: Coemsexy was slain by Leaping Zombie
[15:13:11] [Netty Epoll Server IO #10/INFO]: [do_a_barrel_roll] Client of komeme accepted server config.
[15:13:12] [Netty Epoll Server IO #12/INFO]: [do_a_barrel_roll] Client of Coemsexy accepted server config.
[15:13:34] [Server thread/INFO]: komeme was slain by Shieldbearer
[15:13:36] [Netty Epoll Server IO #10/INFO]: [do_a_barrel_roll] Client of komeme accepted server config.
[15:13:41] [Netty Epoll Server IO #10/INFO]: [do_a_barrel_roll] Client of komeme accepted server config.
[15:13:46] [Netty Epoll Server IO #10/INFO]: [do_a_barrel_roll] Client of Sylein1 accepted server config.
[15:14:12] [Server thread/INFO]: Sylein1 was slain by Leaping Zombie
[15:14:13] [Netty Epoll Server IO #15/INFO]: [do_a_barrel_roll] Client of kazunah accepted server config.
[15:14:14] [Netty Epoll Server IO #10/INFO]: [do_a_barrel_roll] Client of Sylein1 accepted server config.
[15:14:20] [Netty Epoll Server IO #10/INFO]: [do_a_barrel_roll] Client of Sylein1 accepted server config.
[15:14:28] [Server thread/INFO]: komeme claimed a grave belonging to komeme at -44, 240, 137, minecells:prison
[15:14:33] [Netty Epoll Server IO #15/INFO]: [do_a_barrel_roll] Client of kazunah accepted server config.
[15:14:37] [Server thread/INFO]: komeme was slain by Leaping Zombie
[15:14:39] [Netty Epoll Server IO #10/INFO]: [do_a_barrel_roll] Client of komeme accepted server config.
[15:14:41] [Netty Epoll Server IO #12/INFO]: [do_a_barrel_roll] Client of Coemsexy accepted server config.
[15:14:43] [Server thread/INFO]: Sylein1 was blown up by Grenadier
[15:14:43] [Server thread/INFO]: Did not backup data (grave data empty)
[15:14:45] [Netty Epoll Server IO #10/INFO]: [do_a_barrel_roll] Client of Sylein1 accepted server config.
[15:14:45] [Netty Epoll Server IO #10/INFO]: [do_a_barrel_roll] Client of komeme accepted server config.
[15:15:01] [Netty Epoll Server IO #10/INFO]: [do_a_barrel_roll] Client of Sylein1 accepted server config.
[15:15:02] [Server thread/INFO]: kazunah was slain by Leaping Zombie
[15:15:04] [Netty Epoll Server IO #15/INFO]: [do_a_barrel_roll] Client of kazunah accepted server config.
[15:15:07] [Server thread/INFO]: Coemsexy was slain by Leaping Zombie
[15:15:09] [Netty Epoll Server IO #12/INFO]: [do_a_barrel_roll] Client of Coemsexy accepted server config.
[15:15:14] [Netty Epoll Server IO #15/INFO]: [do_a_barrel_roll] Client of kazunah accepted server config.
[15:15:21] [Server thread/INFO]: Sylein1 was slain by Leaping Zombie
[15:15:21] [Server thread/INFO]: Did not backup data (grave data empty)
[15:15:22] [Netty Epoll Server IO #10/INFO]: [do_a_barrel_roll] Client of Sylein1 accepted server config.
[15:15:24] [Server thread/INFO]: kazunah claimed a grave belonging to kazunah at 8, 241, 28, minecells:prison
[15:15:27] [Netty Epoll Server IO #10/INFO]: [do_a_barrel_roll] Client of Sylein1 accepted server config.
[15:15:31] [Netty Epoll Server IO #12/INFO]: [do_a_barrel_roll] Client of Coemsexy accepted server config.
[15:15:31] [Server thread/INFO]: komeme claimed a grave belonging to komeme at -60, 240, 132, minecells:prison
[15:15:44] [Server thread/INFO]: komeme was slain by Leaping Zombie
[15:15:47] [Netty Epoll Server IO #10/INFO]: [do_a_barrel_roll] Client of komeme accepted server config.
[15:15:53] [Netty Epoll Server IO #10/INFO]: [do_a_barrel_roll] Client of komeme accepted server config.
[15:16:04] [Server thread/INFO]: Coemsexy was slain by Leaping Zombie
[15:16:05] [Netty Epoll Server IO #12/INFO]: [do_a_barrel_roll] Client of Coemsexy accepted server config.
[15:16:08] [Server thread/INFO]: Sylein1 claimed a grave belonging to Sylein1 at 54, 224, 88, minecells:prison
[15:16:11] [Server thread/INFO]: Sylein1 was slain by Leaping Zombie
[15:16:13] [Netty Epoll Server IO #10/INFO]: [do_a_barrel_roll] Client of Sylein1 accepted server config.
[15:16:14] [Netty Epoll Server IO #12/INFO]: [do_a_barrel_roll] Client of Coemsexy accepted server config.
[15:16:18] [Netty Epoll Server IO #10/INFO]: [do_a_barrel_roll] Client of Sylein1 accepted server config.
[15:16:32] [Server thread/INFO]: komeme was blown up by Grenadier
[15:16:37] [Netty Epoll Server IO #10/INFO]: [do_a_barrel_roll] Client of komeme accepted server config.
[15:16:38] [Server thread/INFO]: Coemsexy was slain by Leaping Zombie
[15:16:39] [Netty Epoll Server IO #12/INFO]: [do_a_barrel_roll] Client of Coemsexy accepted server config.
[15:16:43] [Netty Epoll Server IO #10/INFO]: [do_a_barrel_roll] Client of komeme accepted server config.
[15:16:51] [Netty Epoll Server IO #12/INFO]: [do_a_barrel_roll] Client of Coemsexy accepted server config.
[15:17:02] [Server thread/INFO]: Sylein1 was slain by Leaping Zombie
[15:17:02] [Server thread/INFO]: Did not backup data (grave data empty)
[15:17:04] [Netty Epoll Server IO #10/INFO]: [do_a_barrel_roll] Client of Sylein1 accepted server config.
[15:17:09] [Server thread/INFO]: kazunah was blown up by Grenadier
[15:17:11] [Netty Epoll Server IO #15/INFO]: [do_a_barrel_roll] Client of kazunah accepted server config.
[15:17:11] [Netty Epoll Server IO #10/INFO]: [do_a_barrel_roll] Client of Sylein1 accepted server config.
[15:17:18] [Netty Epoll Server IO #15/INFO]: [do_a_barrel_roll] Client of kazunah accepted server config.
[15:17:21] [Server thread/INFO]: komeme was slain by Leaping Zombie
[15:17:23] [Netty Epoll Server IO #10/INFO]: [do_a_barrel_roll] Client of komeme accepted server config.
[15:17:27] [Server thread/INFO]: Coemsexy was blown up by Grenadier
[15:17:27] [Server thread/INFO]: Did not backup data (grave data empty)
[15:17:28] [Netty Epoll Server IO #12/INFO]: [do_a_barrel_roll] Client of Coemsexy accepted server config.
[15:17:31] [Server thread/INFO]: kazunah claimed a grave belonging to kazunah at -1, 242, 59, minecells:prison
[15:17:34] [Server thread/INFO]: Sylein1 was blown up by Grenadier
[15:17:34] [Server thread/INFO]: Did not backup data (grave data empty)
[15:17:35] [Netty Epoll Server IO #10/INFO]: [do_a_barrel_roll] Client of Sylein1 accepted server config.
[15:17:39] [Netty Epoll Server IO #12/INFO]: [do_a_barrel_roll] Client of Coemsexy accepted server config.
[15:17:42] [Netty Epoll Server IO #10/INFO]: [do_a_barrel_roll] Client of Sylein1 accepted server config.
[15:17:45] [Netty Epoll Server IO #10/INFO]: [do_a_barrel_roll] Client of komeme accepted server config.
[15:18:02] [Server thread/INFO]: khangheheqt was slain by Leaping Zombie
[15:18:06] [Netty Epoll Server IO #0/INFO]: [do_a_barrel_roll] Client of khangheheqt accepted server config.
[15:18:15] [Netty Epoll Server IO #15/INFO]: [do_a_barrel_roll] Client of kazunah accepted server config.
[15:18:16] [Netty Epoll Server IO #0/INFO]: [do_a_barrel_roll] Client of khangheheqt accepted server config.
[15:18:17] [Netty Epoll Server IO #15/INFO]: [do_a_barrel_roll] Client of kazunah accepted server config.
[15:18:22] [Netty Epoll Server IO #15/INFO]: [do_a_barrel_roll] Client of kazunah accepted server config.
[15:18:22] [Server thread/INFO]: kazunah suffocated in a wall
[15:18:22] [Server thread/ERROR]: Failed to generate grave at X: 1875, Y: 65, Z: 98, minecraft:overworld. Grave block placement failed
[15:18:22] [Server thread/INFO]: Dropping items on ground instead of in grave
[15:18:23] [Server thread/INFO]: Coemsexy was slain by Leaping Zombie
[15:18:23] [Server thread/INFO]: Did not backup data (grave data empty)
[15:18:24] [Netty Epoll Server IO #15/INFO]: [do_a_barrel_roll] Client of kazunah accepted server config.
[15:18:24] [Netty Epoll Server IO #12/INFO]: [do_a_barrel_roll] Client of Coemsexy accepted server config.
[15:18:30] [Server thread/INFO]: komeme was slain by Leaping Zombie
[15:18:32] [Netty Epoll Server IO #10/INFO]: [do_a_barrel_roll] Client of komeme accepted server config.
[15:18:32] [Server thread/INFO]: komeme has made the advancement [Getting Started]
[15:18:34] [Server thread/INFO]: Sylein1 was slain by Leaping Zombie
[15:18:35] [Netty Epoll Server IO #10/INFO]: [do_a_barrel_roll] Client of Sylein1 accepted server config.
[15:18:48] [Server thread/INFO]: khangheheqt was slain by Leaping Zombie
[15:18:49] [Netty Epoll Server IO #0/INFO]: [do_a_barrel_roll] Client of khangheheqt accepted server config.
[15:19:04] [Netty Epoll Server IO #0/INFO]: [do_a_barrel_roll] Client of khangheheqt accepted server config.
[15:19:05] [Netty Epoll Server IO #10/INFO]: [do_a_barrel_roll] Client of Sylein1 accepted server config.
[15:19:06] [Netty Epoll Server IO #10/INFO]: [do_a_barrel_roll] Client of komeme accepted server config.
[15:19:08] [Netty Epoll Server IO #12/INFO]: [do_a_barrel_roll] Client of Coemsexy accepted server config.
[15:19:08] [Netty Epoll Server IO #15/INFO]: [do_a_barrel_roll] Client of kazunah accepted server config.
[15:19:08] [Netty Epoll Server IO #10/INFO]: [do_a_barrel_roll] Client of Sylein1 accepted server config.
[15:19:12] [Netty Epoll Server IO #10/INFO]: [do_a_barrel_roll] Client of komeme accepted server config.
[15:19:12] [Server thread/WARN]: Can't keep up! Is the server overloaded? Running 3740ms or 74 ticks behind
[15:19:12] [Netty Epoll Server IO #10/INFO]: [do_a_barrel_roll] Client of Sylein1 accepted server config.
[15:19:19] [Server thread/INFO]: khangheheqt was slain by Leaping Zombie
[15:19:20] [Netty Epoll Server IO #10/INFO]: [do_a_barrel_roll] Client of komeme accepted server config.
[15:19:20] [Netty Epoll Server IO #0/INFO]: [do_a_barrel_roll] Client of khangheheqt accepted server config.
[15:19:26] [Netty Epoll Server IO #0/INFO]: [do_a_barrel_roll] Client of khangheheqt accepted server config.
[15:19:45] [Server thread/INFO]: Sylein1 was doomed to fall by Leaping Zombie
[15:19:45] [Server thread/INFO]: Did not backup data (grave data empty)
[15:19:46] [Netty Epoll Server IO #10/INFO]: [do_a_barrel_roll] Client of Sylein1 accepted server config.
[15:19:51] [Netty Epoll Server IO #10/INFO]: [do_a_barrel_roll] Client of Sylein1 accepted server config.
[15:19:58] [Server thread/INFO]: khangheheqt was slain by Leaping Zombie
[15:20:00] [Netty Epoll Server IO #0/INFO]: [do_a_barrel_roll] Client of khangheheqt accepted server config.
[15:20:12] [Netty Epoll Server IO #0/INFO]: [do_a_barrel_roll] Client of khangheheqt accepted server config.
[15:20:14] [Netty Epoll Server IO #10/INFO]: [do_a_barrel_roll] Client of komeme accepted server config.
[15:20:16] [Server thread/WARN]: Can't keep up! Is the server overloaded? Running 2770ms or 55 ticks behind
[15:20:21] [Netty Epoll Server IO #15/INFO]: [do_a_barrel_roll] Client of kazunah accepted server config.
[15:20:26] [Netty Epoll Server IO #10/INFO]: [do_a_barrel_roll] Client of komeme accepted server config.
[15:20:30] [Server thread/INFO]: Coemsexy was slain by Leaping Zombie
[15:20:31] [Server thread/INFO]: khangheheqt was blown up by Grenadier
[15:20:31] [Netty Epoll Server IO #12/INFO]: [do_a_barrel_roll] Client of Coemsexy accepted server config.
[15:20:32] [Netty Epoll Server IO #10/INFO]: [do_a_barrel_roll] Client of komeme accepted server config.
[15:20:32] [Netty Epoll Server IO #0/INFO]: [do_a_barrel_roll] Client of khangheheqt accepted server config.
[15:20:34] [Netty Epoll Server IO #10/INFO]: [do_a_barrel_roll] Client of Sylein1 accepted server config.
[15:20:37] [Netty Epoll Server IO #10/INFO]: [do_a_barrel_roll] Client of komeme accepted server config.
[15:20:42] [Netty Epoll Server IO #10/INFO]: [do_a_barrel_roll] Client of komeme accepted server config.
[15:20:44] [Server thread/WARN]: Can't keep up! Is the server overloaded? Running 2584ms or 51 ticks behind
[15:20:45] [Server thread/INFO]: komeme suffocated in a wall
[15:20:45] [Server thread/ERROR]: Failed to generate grave at X: 1876, Y: 66, Z: 98, minecraft:overworld. Grave block placement failed
[15:20:45] [Server thread/INFO]: Dropping items on ground instead of in grave
[15:20:50] [Netty Epoll Server IO #10/INFO]: [do_a_barrel_roll] Client of komeme accepted server config.
[15:20:55] [Netty Epoll Server IO #0/INFO]: [do_a_barrel_roll] Client of khangheheqt accepted server config.
[15:20:55] [Netty Epoll Server IO #12/INFO]: [do_a_barrel_roll] Client of Coemsexy accepted server config.
[15:21:01] [Netty Epoll Server IO #10/INFO]: [do_a_barrel_roll] Client of komeme accepted server config.
[15:21:02] [Netty Epoll Server IO #12/INFO]: [do_a_barrel_roll] Client of Coemsexy accepted server config.
[15:21:06] [Netty Epoll Server IO #10/INFO]: [do_a_barrel_roll] Client of Sylein1 accepted server config.
[15:21:19] [Netty Epoll Server IO #12/INFO]: [do_a_barrel_roll] Client of Coemsexy accepted server config.
[15:21:20] [Server thread/INFO]: komeme was slain by Leaping Zombie
[15:21:22] [Server thread/INFO]: khangheheqt was slain by Leaping Zombie
[15:21:23] [Netty Epoll Server IO #0/INFO]: [do_a_barrel_roll] Client of khangheheqt accepted server config.
[15:21:24] [Server thread/INFO]: komeme lost connection: Disconnected
[15:21:24] [Server thread/INFO]: komeme left the game
[15:21:24] [Server thread/INFO]: remove player wand
[15:21:24] [Server thread/INFO]: Updating all forceload tickets for df7526af-ada2-3cc5-93a7-9af9f4562b16
[15:21:28] [Netty Epoll Server IO #0/INFO]: [do_a_barrel_roll] Client of khangheheqt accepted server config.
[15:21:41] [Netty Epoll Server IO #15/INFO]: [do_a_barrel_roll] Client of kazunah accepted server config.
[15:21:45] [Server thread/INFO]: Coemsexy was blown up by Grenadier
[15:21:45] [Server thread/INFO]: Did not backup data (grave data empty)
[15:21:46] [Server thread/INFO]: khangheheqt was slain by Leaping Zombie
[15:21:47] [Netty Epoll Server IO #12/INFO]: [do_a_barrel_roll] Client of Coemsexy accepted server config.
[15:21:47] [Netty Epoll Server IO #0/INFO]: [do_a_barrel_roll] Client of khangheheqt accepted server config.
[15:21:55] [Netty Epoll Server IO #0/INFO]: [do_a_barrel_roll] Client of khangheheqt accepted server config.
[15:21:59] [Netty Epoll Server IO #10/INFO]: [do_a_barrel_roll] Client of Sylein1 accepted server config.
[15:21:59] [Netty Epoll Server IO #15/INFO]: [do_a_barrel_roll] Client of kazunah accepted server config.
[15:22:12] [Server thread/INFO]: Sylein1 was slain by Coemsexy
[15:22:12] [Server thread/WARN]: Sylein1 moved wrongly!
[15:22:14] [Netty Epoll Server IO #10/INFO]: [do_a_barrel_roll] Client of Sylein1 accepted server config.
[15:22:18] [Server thread/INFO]: Sylein1 claimed a grave belonging to Sylein1 at 1875, 64, 95, minecraft:overworld
[15:22:20] [Netty Epoll Server IO #10/INFO]: [do_a_barrel_roll] Client of Sylein1 accepted server config.
[15:22:21] [Netty Epoll Server IO #12/INFO]: [do_a_barrel_roll] Client of Coemsexy accepted server config.
[15:22:23] [Server thread/INFO]: khangheheqt was shot by Undead Archer
[15:22:27] [Netty Epoll Server IO #0/INFO]: [do_a_barrel_roll] Client of khangheheqt accepted server config.
[15:22:32] [Netty Epoll Server IO #15/INFO]: [do_a_barrel_roll] Client of kazunah accepted server config.
[15:22:35] [Netty Epoll Server IO #0/INFO]: [do_a_barrel_roll] Client of khangheheqt accepted server config.
[15:22:40] [Server thread/INFO]: Coemsexy claimed a grave belonging to Coemsexy at -9, 240, 65, minecells:prison
[15:22:42] [Server thread/INFO]: Coemsexy was slain by Leaping Zombie
[15:22:43] [Netty Epoll Server IO #12/INFO]: [do_a_barrel_roll] Client of Coemsexy accepted server config.
[15:22:56] [Netty Epoll Server IO #12/INFO]: [do_a_barrel_roll] Client of Coemsexy accepted server config.
[15:23:11] [Server thread/INFO]: khangheheqt was shot by Undead Archer
[15:23:14] [Netty Epoll Server IO #0/INFO]: [do_a_barrel_roll] Client of khangheheqt accepted server config.
[15:23:23] [Server thread/INFO]: [Handshake] Sending channel query
[15:23:23] [Netty Epoll Server IO #6/INFO]: [Handshake] Receiving client channels
[15:23:23] [Netty Epoll Server IO #6/INFO]: [Handshake] Handshake completed successfully
[15:23:24] [Server thread/INFO]: komeme[/123.19.16.121:56507] logged in with entity id 144869 at (-7.550000011920929, 240.0, 58.20622557301773)
[15:23:24] [Server thread/INFO]: Sending server config values to client
[15:23:24] [Server thread/INFO]: Started config sync for player komeme
[15:23:24] [Server thread/INFO]: Syncing config to komeme (df7526af-ada2-3cc5-93a7-9af9f4562b16)
[15:23:24] [Server thread/INFO]: Loading config from file...
[15:23:24] [Server thread/ERROR]: [Load My F***ing Tags]: It seems that some tags are a bit cooked. Look at the Logs for more details on broken functions. 
[15:23:24] [Server thread/INFO]: [STDOUT]: Splitting recipes into 10 packets
[15:23:24] [Server thread/INFO]: [betternether] Freeze Registry[ResourceKey[minecraft:root / worlds_together:worldgen/betterx/surface_rules] (Stable)]
[15:23:24] [Server thread/INFO]: komeme joined the game
[15:23:24] [Server thread/INFO]: Updating all forceload tickets for df7526af-ada2-3cc5-93a7-9af9f4562b16
[15:23:24] [Server thread/INFO]: add_player wand
[15:23:24] [Server thread/INFO]: player_data {bleed:0,parry_frames:0,posture:0,target_max_posture:200,target_name:"",target_posture:0}
[15:23:27] [Netty Epoll Server IO #6/INFO]: Receiving client config
[15:23:27] [Server thread/INFO]: komeme was slain by Sylein1
[15:23:27] [Server thread/INFO]: Did not backup data (grave data empty)
[15:23:27] [Netty Epoll Server IO #0/INFO]: [do_a_barrel_roll] Client of khangheheqt accepted server config.
[15:23:28] [Netty Epoll Server IO #6/INFO]: Channel update: komeme -> default
[15:23:28] [Netty Epoll Server IO #6/INFO]: Priority overwritten for player komeme. Claiming: GRAVE / Robbing: INVENTORY
[15:23:28] [Netty Epoll Server IO #6/INFO]: Finished config sync
[15:24:01] [Server thread/INFO]: komeme lost connection: Disconnected
[15:24:01] [Server thread/INFO]: komeme left the game
[15:24:01] [Server thread/INFO]: remove player wand
[15:24:01] [Server thread/INFO]: Updating all forceload tickets for df7526af-ada2-3cc5-93a7-9af9f4562b16
[15:24:07] [Server thread/INFO]: [Handshake] Sending channel query
[15:24:07] [Netty Epoll Server IO #8/INFO]: [Handshake] Receiving client channels
[15:24:07] [Netty Epoll Server IO #8/INFO]: [Handshake] Handshake completed successfully
[15:24:07] [Server thread/INFO]: komeme[/123.19.16.121:56516] logged in with entity id 144905 at (-7.550000011920929, 240.0, 58.20622557301773)
[15:24:07] [Server thread/INFO]: Sending server config values to client
[15:24:07] [Server thread/INFO]: Started config sync for player komeme
[15:24:07] [Server thread/INFO]: Syncing config to komeme (df7526af-ada2-3cc5-93a7-9af9f4562b16)
[15:24:07] [Server thread/INFO]: Loading config from file...
[15:24:07] [Server thread/ERROR]: [Load My F***ing Tags]: It seems that some tags are a bit cooked. Look at the Logs for more details on broken functions. 
[15:24:07] [Server thread/INFO]: [STDOUT]: Splitting recipes into 10 packets
[15:24:07] [Server thread/INFO]: [betternether] Freeze Registry[ResourceKey[minecraft:root / worlds_together:worldgen/betterx/surface_rules] (Stable)]
[15:24:07] [Server thread/INFO]: komeme joined the game
[15:24:07] [Server thread/INFO]: Updating all forceload tickets for df7526af-ada2-3cc5-93a7-9af9f4562b16
[15:24:07] [Server thread/INFO]: add_player wand
[15:24:07] [Server thread/INFO]: player_data {bleed:0,parry_frames:0,posture:0,target_max_posture:200,target_name:"",target_posture:0}
[15:24:08] [Server thread/INFO]: kazunah was slain by Leaping Zombie
[15:24:09] [Netty Epoll Server IO #8/INFO]: Receiving client config
[15:24:09] [Netty Epoll Server IO #8/INFO]: Channel update: komeme -> default
[15:24:09] [Netty Epoll Server IO #8/INFO]: Priority overwritten for player komeme. Claiming: GRAVE / Robbing: INVENTORY
[15:24:09] [Netty Epoll Server IO #8/INFO]: Finished config sync
[15:24:10] [Netty Epoll Server IO #15/INFO]: [do_a_barrel_roll] Client of kazunah accepted server config.
[15:24:10] [Server thread/INFO]: komeme was slain by Leaping Zombie
[15:24:10] [Server thread/INFO]: Did not backup data (grave data empty)
[15:24:10] [Server thread/INFO]: Coemsexy was slain by Leaping Zombie
[15:24:10] [Netty Epoll Server IO #8/INFO]: [do_a_barrel_roll] Client of komeme accepted server config.
[15:24:11] [Netty Epoll Server IO #12/INFO]: [do_a_barrel_roll] Client of Coemsexy accepted server config.
[15:24:15] [Server thread/INFO]: khangheheqt was slain by Leaping Zombie
[15:24:17] [Netty Epoll Server IO #0/INFO]: [do_a_barrel_roll] Client of khangheheqt accepted server config.
[15:24:17] [Netty Epoll Server IO #8/INFO]: [do_a_barrel_roll] Client of komeme accepted server config.
[15:24:19] [Server thread/INFO]: Sylein1 was slain by Leaping Zombie
[15:24:20] [Netty Epoll Server IO #15/INFO]: [do_a_barrel_roll] Client of kazunah accepted server config.
[15:24:21] [Netty Epoll Server IO #10/INFO]: [do_a_barrel_roll] Client of Sylein1 accepted server config.
[15:24:24] [Netty Epoll Server IO #12/INFO]: [do_a_barrel_roll] Client of Coemsexy accepted server config.
[15:24:26] [Netty Epoll Server IO #10/INFO]: [do_a_barrel_roll] Client of Sylein1 accepted server config.
[15:24:28] [Netty Epoll Server IO #0/INFO]: [do_a_barrel_roll] Client of khangheheqt accepted server config.
[15:24:29] [Netty Epoll Server IO #8/INFO]: [do_a_barrel_roll] Client of komeme accepted server config.
[15:24:30] [Netty Epoll Server IO #10/INFO]: [do_a_barrel_roll] Client of Sylein1 accepted server config.
[15:24:30] [Netty Epoll Server IO #0/INFO]: [do_a_barrel_roll] Client of khangheheqt accepted server config.
[15:24:33] [Netty Epoll Server IO #0/INFO]: [do_a_barrel_roll] Client of khangheheqt accepted server config.
[15:24:33] [Server thread/INFO]: kazunah was slain by Leaping Zombie
[15:24:34] [Netty Epoll Server IO #15/INFO]: [do_a_barrel_roll] Client of kazunah accepted server config.
[15:24:36] [Netty Epoll Server IO #10/INFO]: [do_a_barrel_roll] Client of Sylein1 accepted server config.
[15:24:36] [Netty Epoll Server IO #0/INFO]: [do_a_barrel_roll] Client of khangheheqt accepted server config.
[15:24:38] [Server thread/INFO]: Coemsexy claimed a grave belonging to Coemsexy at 5, 240, 33, minecells:prison
[15:24:39] [Server thread/INFO]: Coemsexy was slain by Leaping Zombie
[15:24:40] [Netty Epoll Server IO #12/INFO]: [do_a_barrel_roll] Client of Coemsexy accepted server config.
[15:24:45] [Netty Epoll Server IO #0/INFO]: [do_a_barrel_roll] Client of khangheheqt accepted server config.
[15:24:51] [Netty Epoll Server IO #15/INFO]: [do_a_barrel_roll] Client of kazunah accepted server config.
[15:24:52] [Server thread/INFO]: komeme was slain by Leaping Zombie
[15:24:53] [Netty Epoll Server IO #8/INFO]: [do_a_barrel_roll] Client of komeme accepted server config.
[15:24:56] [Netty Epoll Server IO #12/INFO]: [do_a_barrel_roll] Client of Coemsexy accepted server config.
[15:24:58] [Server thread/INFO]: Sylein1 was slain by Leaping Zombie
[15:24:58] [Server thread/INFO]: Did not backup data (grave data empty)
[15:25:00] [Netty Epoll Server IO #10/INFO]: [do_a_barrel_roll] Client of Sylein1 accepted server config.
[15:25:01] [Netty Epoll Server IO #8/INFO]: [do_a_barrel_roll] Client of komeme accepted server config.
[15:25:03] [Server thread/INFO]: khangheheqt was slain by Leaping Zombie
[15:25:05] [Netty Epoll Server IO #0/INFO]: [do_a_barrel_roll] Client of khangheheqt accepted server config.
[15:25:07] [Server thread/INFO]: kazunah was slain by Leaping Zombie
[15:25:08] [Netty Epoll Server IO #10/INFO]: [do_a_barrel_roll] Client of Sylein1 accepted server config.
[15:25:13] [Server thread/INFO]: Coemsexy was slain by Leaping Zombie
[15:25:13] [Server thread/INFO]: Did not backup data (grave data empty)
[15:25:14] [Netty Epoll Server IO #15/INFO]: [do_a_barrel_roll] Client of kazunah accepted server config.
[15:25:15] [Netty Epoll Server IO #12/INFO]: [do_a_barrel_roll] Client of Coemsexy accepted server config.
[15:25:24] [Server thread/INFO]: komeme was slain by Leaping Zombie
[15:25:26] [Netty Epoll Server IO #8/INFO]: [do_a_barrel_roll] Client of komeme accepted server config.
[15:25:36] [Netty Epoll Server IO #12/INFO]: [do_a_barrel_roll] Client of Coemsexy accepted server config.
[15:25:42] [Server thread/INFO]: Sylein1 was slain by Leaping Zombie
[15:25:42] [Server thread/INFO]: Did not backup data (grave data empty)
[15:25:43] [Netty Epoll Server IO #10/INFO]: [do_a_barrel_roll] Client of Sylein1 accepted server config.
[15:25:45] [Netty Epoll Server IO #8/INFO]: [do_a_barrel_roll] Client of komeme accepted server config.
[15:25:45] [Netty Epoll Server IO #0/INFO]: [do_a_barrel_roll] Client of khangheheqt accepted server config.
[15:25:48] [Netty Epoll Server IO #10/INFO]: [do_a_barrel_roll] Client of Sylein1 accepted server config.
[15:25:48] [Netty Epoll Server IO #15/INFO]: [do_a_barrel_roll] Client of kazunah accepted server config.
[15:25:58] [Server thread/INFO]: khangheheqt was slain by Leaping Zombie
[15:26:00] [Netty Epoll Server IO #0/INFO]: [do_a_barrel_roll] Client of khangheheqt accepted server config.
[15:26:04] [Server thread/INFO]: Coemsexy claimed a grave belonging to Coemsexy at 3, 240, 53, minecells:prison
[15:26:07] [Server thread/INFO]: kazunah claimed a grave belonging to kazunah at 7, 240, 56, minecells:prison
[15:26:12] [Netty Epoll Server IO #0/INFO]: [do_a_barrel_roll] Client of khangheheqt accepted server config.
[15:26:13] [Server thread/INFO]: Sylein1 was blown up by Grenadier
[15:26:13] [Server thread/INFO]: Did not backup data (grave data empty)
[15:26:13] [Server thread/INFO]: Coemsexy was blown up by Grenadier
[15:26:14] [Netty Epoll Server IO #12/INFO]: [do_a_barrel_roll] Client of Coemsexy accepted server config.
[15:26:15] [Netty Epoll Server IO #10/INFO]: [do_a_barrel_roll] Client of Sylein1 accepted server config.
[15:26:17] [Server thread/INFO]: komeme was slain by Leaping Zombie
[15:26:19] [Netty Epoll Server IO #15/INFO]: [do_a_barrel_roll] Client of kazunah accepted server config.
[15:26:21] [Netty Epoll Server IO #10/INFO]: [do_a_barrel_roll] Client of Sylein1 accepted server config.
[15:26:21] [Netty Epoll Server IO #8/INFO]: [do_a_barrel_roll] Client of komeme accepted server config.
[15:26:26] [Worker-Main-4/WARN]: Tried to access a block entity before it was created. class_2338{x=2040, y=209, z=71}
[15:26:26] [Worker-Main-4/WARN]: Tried to access a block entity before it was created. class_2338{x=2040, y=209, z=71}
[15:26:26] [Worker-Main-4/WARN]: Tried to access a block entity before it was created. class_2338{x=2040, y=209, z=71}
[15:26:26] [Worker-Main-5/WARN]: Tried to access a block entity before it was created. class_2338{x=2040, y=209, z=71}
[15:26:26] [Worker-Main-5/WARN]: Tried to access a block entity before it was created. class_2338{x=2040, y=209, z=71}
[15:26:26] [Worker-Main-5/WARN]: Tried to access a block entity before it was created. class_2338{x=2040, y=209, z=71}
[15:26:26] [Worker-Main-4/WARN]: Tried to access a block entity before it was created. class_2338{x=2035, y=241, z=40}
[15:26:26] [Worker-Main-4/WARN]: Tried to access a block entity before it was created. class_2338{x=2035, y=241, z=40}
[15:26:26] [Worker-Main-4/WARN]: Tried to access a block entity before it was created. class_2338{x=2044, y=241, z=40}
[15:26:26] [Worker-Main-4/WARN]: Tried to access a block entity before it was created. class_2338{x=2044, y=241, z=40}
[15:26:26] [Worker-Main-4/WARN]: Tried to access a block entity before it was created. class_2338{x=2035, y=241, z=40}
[15:26:26] [Worker-Main-4/WARN]: Tried to access a block entity before it was created. class_2338{x=2044, y=241, z=40}
[15:26:26] [Worker-Main-4/WARN]: Tried to access a block entity before it was created. class_2338{x=2040, y=225, z=38}
[15:26:26] [Worker-Main-4/WARN]: Tried to access a block entity before it was created. class_2338{x=2040, y=225, z=38}
[15:26:26] [Worker-Main-4/WARN]: Tried to access a block entity before it was created. class_2338{x=2040, y=225, z=43}
[15:26:26] [Worker-Main-4/WARN]: Tried to access a block entity before it was created. class_2338{x=2040, y=225, z=43}
[15:26:26] [Worker-Main-4/WARN]: Tried to access a block entity before it was created. class_2338{x=2041, y=227, z=36}
[15:26:26] [Worker-Main-4/WARN]: Tried to access a block entity before it was created. class_2338{x=2041, y=227, z=36}
[15:26:26] [Worker-Main-4/WARN]: Tried to access a block entity before it was created. class_2338{x=2041, y=227, z=45}
[15:26:26] [Worker-Main-4/WARN]: Tried to access a block entity before it was created. class_2338{x=2041, y=227, z=45}
[15:26:26] [Worker-Main-4/WARN]: Tried to access a block entity before it was created. class_2338{x=2040, y=225, z=38}
[15:26:26] [Worker-Main-4/WARN]: Tried to access a block entity before it was created. class_2338{x=2040, y=225, z=43}
[15:26:26] [Worker-Main-4/WARN]: Tried to access a block entity before it was created. class_2338{x=2041, y=227, z=36}
[15:26:26] [Worker-Main-4/WARN]: Tried to access a block entity before it was created. class_2338{x=2041, y=227, z=45}
[15:26:26] [Worker-Main-6/WARN]: Tried to access a block entity before it was created. class_2338{x=2035, y=241, z=40}
[15:26:26] [Worker-Main-6/WARN]: Tried to access a block entity before it was created. class_2338{x=2035, y=241, z=40}
[15:26:26] [Worker-Main-6/WARN]: Tried to access a block entity before it was created. class_2338{x=2044, y=241, z=40}
[15:26:26] [Worker-Main-6/WARN]: Tried to access a block entity before it was created. class_2338{x=2044, y=241, z=40}
[15:26:26] [Worker-Main-6/WARN]: Tried to access a block entity before it was created. class_2338{x=2035, y=241, z=40}
[15:26:26] [Worker-Main-6/WARN]: Tried to access a block entity before it was created. class_2338{x=2044, y=241, z=40}
[15:26:26] [Worker-Main-6/WARN]: Tried to access a block entity before it was created. class_2338{x=2040, y=225, z=38}
[15:26:26] [Worker-Main-6/WARN]: Tried to access a block entity before it was created. class_2338{x=2040, y=225, z=38}
[15:26:26] [Worker-Main-6/WARN]: Tried to access a block entity before it was created. class_2338{x=2040, y=225, z=43}
[15:26:26] [Worker-Main-6/WARN]: Tried to access a block entity before it was created. class_2338{x=2040, y=225, z=43}
[15:26:26] [Worker-Main-6/WARN]: Tried to access a block entity before it was created. class_2338{x=2041, y=227, z=36}
[15:26:26] [Worker-Main-6/WARN]: Tried to access a block entity before it was created. class_2338{x=2041, y=227, z=36}
[15:26:26] [Worker-Main-6/WARN]: Tried to access a block entity before it was created. class_2338{x=2041, y=227, z=45}
[15:26:26] [Worker-Main-6/WARN]: Tried to access a block entity before it was created. class_2338{x=2041, y=227, z=45}
[15:26:26] [Worker-Main-6/WARN]: Tried to access a block entity before it was created. class_2338{x=2040, y=225, z=38}
[15:26:26] [Worker-Main-6/WARN]: Tried to access a block entity before it was created. class_2338{x=2040, y=225, z=43}
[15:26:26] [Worker-Main-6/WARN]: Tried to access a block entity before it was created. class_2338{x=2041, y=227, z=36}
[15:26:26] [Worker-Main-6/WARN]: Tried to access a block entity before it was created. class_2338{x=2041, y=227, z=45}
[15:26:26] [Worker-Main-2/WARN]: Tried to access a block entity before it was created. class_2338{x=2040, y=209, z=-26}
[15:26:26] [Worker-Main-2/WARN]: Tried to access a block entity before it was created. class_2338{x=2040, y=209, z=-26}
[15:26:26] [Worker-Main-2/WARN]: Tried to access a block entity before it was created. class_2338{x=2040, y=209, z=-21}
[15:26:26] [Worker-Main-2/WARN]: Tried to access a block entity before it was created. class_2338{x=2040, y=209, z=-21}
[15:26:26] [Worker-Main-2/WARN]: Tried to access a block entity before it was created. class_2338{x=2041, y=211, z=-28}
[15:26:26] [Worker-Main-2/WARN]: Tried to access a block entity before it was created. class_2338{x=2041, y=211, z=-28}
[15:26:26] [Worker-Main-2/WARN]: Tried to access a block entity before it was created. class_2338{x=2041, y=211, z=-19}
[15:26:26] [Worker-Main-2/WARN]: Tried to access a block entity before it was created. class_2338{x=2041, y=211, z=-19}
[15:26:26] [Worker-Main-2/WARN]: Tried to access a block entity before it was created. class_2338{x=2040, y=209, z=-26}
[15:26:26] [Worker-Main-2/WARN]: Tried to access a block entity before it was created. class_2338{x=2040, y=209, z=-21}
[15:26:26] [Worker-Main-2/WARN]: Tried to access a block entity before it was created. class_2338{x=2041, y=211, z=-28}
[15:26:26] [Worker-Main-2/WARN]: Tried to access a block entity before it was created. class_2338{x=2041, y=211, z=-19}
[15:26:26] [Worker-Main-7/WARN]: Tried to access a block entity before it was created. class_2338{x=2040, y=209, z=-26}
[15:26:26] [Worker-Main-7/WARN]: Tried to access a block entity before it was created. class_2338{x=2040, y=209, z=-26}
[15:26:26] [Worker-Main-7/WARN]: Tried to access a block entity before it was created. class_2338{x=2040, y=209, z=-21}
[15:26:26] [Worker-Main-7/WARN]: Tried to access a block entity before it was created. class_2338{x=2040, y=209, z=-21}
[15:26:26] [Worker-Main-7/WARN]: Tried to access a block entity before it was created. class_2338{x=2041, y=211, z=-28}
[15:26:26] [Worker-Main-7/WARN]: Tried to access a block entity before it was created. class_2338{x=2041, y=211, z=-28}
[15:26:26] [Worker-Main-7/WARN]: Tried to access a block entity before it was created. class_2338{x=2041, y=211, z=-19}
[15:26:26] [Worker-Main-7/WARN]: Tried to access a block entity before it was created. class_2338{x=2041, y=211, z=-19}
[15:26:26] [Worker-Main-7/WARN]: Tried to access a block entity before it was created. class_2338{x=2040, y=209, z=-26}
[15:26:26] [Worker-Main-7/WARN]: Tried to access a block entity before it was created. class_2338{x=2040, y=209, z=-21}
[15:26:26] [Worker-Main-7/WARN]: Tried to access a block entity before it was created. class_2338{x=2041, y=211, z=-28}
[15:26:26] [Worker-Main-7/WARN]: Tried to access a block entity before it was created. class_2338{x=2041, y=211, z=-19}
[15:26:28] [Netty Epoll Server IO #12/INFO]: [do_a_barrel_roll] Client of Coemsexy accepted server config.
[15:26:29] [Netty Epoll Server IO #8/INFO]: [do_a_barrel_roll] Client of komeme accepted server config.
[15:26:44] [Netty Epoll Server IO #15/INFO]: [do_a_barrel_roll] Client of kazunah accepted server config.
[15:26:51] [Server thread/INFO]: khangheheqt was slain by Leaping Zombie
[15:26:53] [Netty Epoll Server IO #0/INFO]: [do_a_barrel_roll] Client of khangheheqt accepted server config.
[15:26:57] [Server thread/INFO]: Coemsexy claimed a grave belonging to Coemsexy at -7, 240, 70, minecells:prison
[15:26:58] [Server thread/INFO]: Coemsexy claimed a grave belonging to Coemsexy at -3, 240, 73, minecells:prison
[15:26:59] [Netty Epoll Server IO #0/INFO]: [do_a_barrel_roll] Client of khangheheqt accepted server config.
[15:27:03] [Server thread/INFO]: Coemsexy claimed a grave belonging to Coemsexy at 5, 240, 82, minecells:prison
[15:27:08] [Server thread/INFO]: komeme was slain by Leaping Zombie
[15:27:10] [Netty Epoll Server IO #8/INFO]: [do_a_barrel_roll] Client of komeme accepted server config.
[15:27:10] [Server thread/INFO]: Sylein1 was doomed to fall by Shieldbearer
[15:27:10] [Server thread/INFO]: Did not backup data (grave data empty)
[15:27:12] [Netty Epoll Server IO #10/INFO]: [do_a_barrel_roll] Client of Sylein1 accepted server config.
[15:27:15] [Server thread/INFO]: khangheheqt was slain by Leaping Zombie
[15:27:16] [Netty Epoll Server IO #0/INFO]: [do_a_barrel_roll] Client of khangheheqt accepted server config.
[15:27:18] [Server thread/INFO]: Coemsexy claimed a grave belonging to Coemsexy at 14, 239, 107, minecells:prison
[15:27:19] [Server thread/INFO]: Coemsexy was slain by Leaping Zombie
[15:27:19] [Netty Epoll Server IO #10/INFO]: [do_a_barrel_roll] Client of Sylein1 accepted server config.
[15:27:20] [Netty Epoll Server IO #12/INFO]: [do_a_barrel_roll] Client of Coemsexy accepted server config.
[15:27:26] [Server thread/INFO]: kazunah was slain by Leaping Zombie
[15:27:26] [Server thread/WARN]: kazunah moved wrongly!
[15:27:26] [Netty Epoll Server IO #8/INFO]: [do_a_barrel_roll] Client of komeme accepted server config.
[15:27:27] [Netty Epoll Server IO #15/INFO]: [do_a_barrel_roll] Client of kazunah accepted server config.
[15:27:29] [Netty Epoll Server IO #0/INFO]: [do_a_barrel_roll] Client of khangheheqt accepted server config.
[15:27:33] [Netty Epoll Server IO #15/INFO]: [do_a_barrel_roll] Client of kazunah accepted server config.
[15:27:34] [Netty Epoll Server IO #12/INFO]: [do_a_barrel_roll] Client of Coemsexy accepted server config.
[15:27:36] [Netty Epoll Server IO #15/INFO]: [do_a_barrel_roll] Client of kazunah accepted server config.
[15:27:40] [Netty Epoll Server IO #15/INFO]: [do_a_barrel_roll] Client of kazunah accepted server config.
[15:27:48] [Server thread/INFO]: Coemsexy was slain by Leaping Zombie
[15:27:48] [Server thread/INFO]: Did not backup data (grave data empty)
[15:27:50] [Netty Epoll Server IO #12/INFO]: [do_a_barrel_roll] Client of Coemsexy accepted server config.
[15:27:53] [Server thread/INFO]: khangheheqt was slain by Leaping Zombie
[15:27:54] [Server thread/INFO]: kazunah claimed a grave belonging to kazunah at 8, 240, 46, minecells:prison
[15:27:54] [Netty Epoll Server IO #0/INFO]: [do_a_barrel_roll] Client of khangheheqt accepted server config.
[15:27:59] [Server thread/INFO]: kazunah was slain by Leaping Zombie
[15:28:00] [Netty Epoll Server IO #15/INFO]: [do_a_barrel_roll] Client of kazunah accepted server config.
[15:28:04] [Netty Epoll Server IO #0/INFO]: [do_a_barrel_roll] Client of khangheheqt accepted server config.
[15:28:04] [Server thread/INFO]: komeme was blown up by Grenadier
[15:28:05] [Netty Epoll Server IO #15/INFO]: [do_a_barrel_roll] Client of kazunah accepted server config.
[15:28:05] [Netty Epoll Server IO #12/INFO]: [do_a_barrel_roll] Client of Coemsexy accepted server config.
[15:28:06] [Netty Epoll Server IO #8/INFO]: [do_a_barrel_roll] Client of komeme accepted server config.
[15:28:09] [Netty Epoll Server IO #15/INFO]: [do_a_barrel_roll] Client of kazunah accepted server config.
[15:28:12] [Netty Epoll Server IO #15/INFO]: [do_a_barrel_roll] Client of kazunah accepted server config.
[15:28:14] [Netty Epoll Server IO #8/INFO]: [do_a_barrel_roll] Client of komeme accepted server config.
[15:28:15] [Netty Epoll Server IO #15/INFO]: [do_a_barrel_roll] Client of kazunah accepted server config.
[15:28:16] [Netty Epoll Server IO #15/INFO]: [do_a_barrel_roll] Client of kazunah accepted server config.
[15:28:16] [Server thread/INFO]: Sylein1 claimed a grave belonging to Sylein1 at 53, 224, 85, minecells:prison
[15:28:16] [Server thread/INFO]: Coemsexy claimed a grave belonging to Coemsexy at 6, 240, 32, minecells:prison
[15:28:17] [Netty Epoll Server IO #15/INFO]: [do_a_barrel_roll] Client of kazunah accepted server config.
[15:28:21] [Server thread/INFO]: Coemsexy was slain by Leaping Zombie
[15:28:22] [Netty Epoll Server IO #12/INFO]: [do_a_barrel_roll] Client of Coemsexy accepted server config.
[15:28:27] [Server thread/INFO]: khangheheqt was slain by Leaping Zombie
[15:28:27] [Netty Epoll Server IO #15/INFO]: [do_a_barrel_roll] Client of kazunah accepted server config.
[15:28:28] [Server thread/INFO]: komeme was slain by Leaping Zombie
[15:28:28] [Netty Epoll Server IO #0/INFO]: [do_a_barrel_roll] Client of khangheheqt accepted server config.
[15:28:30] [Netty Epoll Server IO #8/INFO]: [do_a_barrel_roll] Client of komeme accepted server config.
[15:28:30] [Server thread/INFO]: Sylein1 was shot by Undead Archer
[15:28:30] [Server thread/WARN]: Sylein1 moved wrongly!
[15:28:31] [Server thread/INFO]: Villager class_1646['Annamae'/107757, l='ServerLevel[world]', x=1868.50, y=65.00, z=91.99] was struck by lightning class_1538['Lightning Bolt'/146656, l='ServerLevel[world]', x=1867.50, y=68.00, z=89.50].
[15:28:32] [Netty Epoll Server IO #10/INFO]: [do_a_barrel_roll] Client of Sylein1 accepted server config.
[15:28:37] [Netty Epoll Server IO #10/INFO]: [do_a_barrel_roll] Client of Sylein1 accepted server config.
[15:28:37] [Netty Epoll Server IO #8/INFO]: [do_a_barrel_roll] Client of komeme accepted server config.
[15:28:38] [Netty Epoll Server IO #12/INFO]: [do_a_barrel_roll] Client of Coemsexy accepted server config.
[15:28:39] [Netty Epoll Server IO #8/INFO]: [do_a_barrel_roll] Client of komeme accepted server config.
[15:28:42] [Netty Epoll Server IO #15/INFO]: [do_a_barrel_roll] Client of kazunah accepted server config.
[15:28:46] [Netty Epoll Server IO #8/INFO]: [do_a_barrel_roll] Client of komeme accepted server config.
[15:28:51] [Netty Epoll Server IO #0/INFO]: [do_a_barrel_roll] Client of khangheheqt accepted server config.
[15:28:52] [Netty Epoll Server IO #15/INFO]: [do_a_barrel_roll] Client of kazunah accepted server config.
[15:29:09] [Server thread/INFO]: kazunah claimed a grave belonging to kazunah at 8, 240, 54, minecells:prison
[15:29:20] [Server thread/INFO]: Coemsexy claimed a grave belonging to Coemsexy at 14, 239, 107, minecells:prison
[15:29:20] [Server thread/INFO]: Sylein1 claimed a grave belonging to Sylein1 at 3, 233, 103, minecells:prison
[15:29:21] [Server thread/INFO]: komeme was slain by Leaping Zombie
[15:29:21] [Server thread/INFO]: Sylein1 was slain by Leaping Zombie
[15:29:22] [Netty Epoll Server IO #8/INFO]: [do_a_barrel_roll] Client of komeme accepted server config.
[15:29:23] [Netty Epoll Server IO #10/INFO]: [do_a_barrel_roll] Client of Sylein1 accepted server config.
[15:29:28] [Netty Epoll Server IO #10/INFO]: [do_a_barrel_roll] Client of Sylein1 accepted server config.
[15:29:33] [Server thread/INFO]: Coemsexy was slain by Shieldbearer
[15:29:34] [Netty Epoll Server IO #8/INFO]: [do_a_barrel_roll] Client of komeme accepted server config.
[15:29:35] [Netty Epoll Server IO #12/INFO]: [do_a_barrel_roll] Client of Coemsexy accepted server config.
[15:29:38] [Server thread/INFO]: khangheheqt was blown up by Grenadier
[15:29:41] [Netty Epoll Server IO #0/INFO]: [do_a_barrel_roll] Client of khangheheqt accepted server config.
[15:29:44] [Server thread/INFO]: Coemsexy has made the advancement [Surge Protector]
[15:29:44] [Server thread/INFO]: khangheheqt has made the advancement [Surge Protector]
[15:29:46] [Netty Epoll Server IO #15/INFO]: [do_a_barrel_roll] Client of kazunah accepted server config.
[15:29:49] [Netty Epoll Server IO #0/INFO]: [do_a_barrel_roll] Client of khangheheqt accepted server config.
[15:29:51] [Netty Epoll Server IO #15/INFO]: [do_a_barrel_roll] Client of kazunah accepted server config.
[15:29:51] [Netty Epoll Server IO #12/INFO]: [do_a_barrel_roll] Client of Coemsexy accepted server config.
[15:29:52] [Netty Epoll Server IO #0/INFO]: [do_a_barrel_roll] Client of khangheheqt accepted server config.
[15:29:57] [Netty Epoll Server IO #0/INFO]: [do_a_barrel_roll] Client of khangheheqt accepted server config.
[15:30:02] [Server thread/INFO]: Coemsexy claimed a grave belonging to Coemsexy at 4, 240, 40, minecells:prison
[15:30:02] [Server thread/INFO]: Sylein1 claimed a grave belonging to Sylein1 at 7, 235, 98, minecells:prison
[15:30:13] [Server thread/INFO]: komeme was slain by Leaping Zombie
[15:30:15] [Server thread/INFO]: Coemsexy claimed a grave belonging to Coemsexy at 7, 240, 87, minecells:prison
[15:30:15] [Netty Epoll Server IO #8/INFO]: [do_a_barrel_roll] Client of komeme accepted server config.
[15:30:20] [Netty Epoll Server IO #8/INFO]: [do_a_barrel_roll] Client of komeme accepted server config.
[15:30:29] [Server thread/INFO]: khangheheqt was slain by Leaping Zombie
[15:30:32] [Netty Epoll Server IO #0/INFO]: [do_a_barrel_roll] Client of khangheheqt accepted server config.
[15:30:32] [Netty Epoll Server IO #10/INFO]: [do_a_barrel_roll] Client of Sylein1 accepted server config.
[15:30:38] [Netty Epoll Server IO #12/INFO]: [do_a_barrel_roll] Client of Coemsexy accepted server config.
[15:30:44] [Server thread/INFO]: kazunah was slain by Leaping Zombie
[15:30:46] [Netty Epoll Server IO #15/INFO]: [do_a_barrel_roll] Client of kazunah accepted server config.
[15:30:53] [Netty Epoll Server IO #15/INFO]: [do_a_barrel_roll] Client of kazunah accepted server config.
[15:30:54] [Netty Epoll Server IO #0/INFO]: [do_a_barrel_roll] Client of khangheheqt accepted server config.
[15:30:55] [Server thread/INFO]: komeme was shot by Undead Archer
[15:30:57] [Netty Epoll Server IO #8/INFO]: [do_a_barrel_roll] Client of komeme accepted server config.
[15:30:59] [Netty Epoll Server IO #0/INFO]: [do_a_barrel_roll] Client of khangheheqt accepted server config.
[15:31:02] [Server thread/INFO]: kazunah claimed a grave belonging to kazunah at 8, 240, 28, minecells:prison
[15:31:04] [Netty Epoll Server IO #0/INFO]: [do_a_barrel_roll] Client of khangheheqt accepted server config.
[15:31:08] [Netty Epoll Server IO #8/INFO]: [do_a_barrel_roll] Client of komeme accepted server config.
[15:31:09] [Netty Epoll Server IO #8/INFO]: [do_a_barrel_roll] Client of komeme accepted server config.
[15:31:12] [Netty Epoll Server IO #15/INFO]: [do_a_barrel_roll] Client of kazunah accepted server config.
[15:31:15] [Netty Epoll Server IO #15/INFO]: [do_a_barrel_roll] Client of kazunah accepted server config.
[15:31:15] [Netty Epoll Server IO #8/INFO]: [do_a_barrel_roll] Client of komeme accepted server config.
[15:31:18] [Netty Epoll Server IO #15/INFO]: [do_a_barrel_roll] Client of kazunah accepted server config.
[15:31:30] [Server thread/INFO]: Coemsexy lost connection: Timed out
[15:31:30] [Server thread/INFO]: Coemsexy left the game
[15:31:30] [Server thread/INFO]: remove player wand
[15:31:30] [Server thread/INFO]: Updating all forceload tickets for 38038579-47d7-3591-9037-b7f14881ef67
[15:31:32] [Netty Epoll Server IO #10/INFO]: [do_a_barrel_roll] Client of Sylein1 accepted server config.
[15:31:42] [Server thread/INFO]: [Handshake] Sending channel query
[15:31:42] [Netty Epoll Server IO #0/INFO]: [Handshake] Receiving client channels
[15:31:42] [Netty Epoll Server IO #0/INFO]: [Handshake] Handshake completed successfully
[15:31:42] [Server thread/INFO]: Coemsexy[/123.19.16.121:19878] logged in with entity id 147566 at (12.5, 241.0, 2.0)
[15:31:42] [Server thread/INFO]: Sending server config values to client
[15:31:42] [Server thread/INFO]: Started config sync for player Coemsexy
[15:31:42] [Server thread/INFO]: Syncing config to Coemsexy (38038579-47d7-3591-9037-b7f14881ef67)
[15:31:42] [Server thread/INFO]: Loading config from file...
[15:31:42] [Server thread/ERROR]: [Load My F***ing Tags]: It seems that some tags are a bit cooked. Look at the Logs for more details on broken functions. 
[15:31:42] [Server thread/INFO]: [STDOUT]: Splitting recipes into 10 packets
[15:31:42] [Server thread/INFO]: [betternether] Freeze Registry[ResourceKey[minecraft:root / worlds_together:worldgen/betterx/surface_rules] (Stable)]
[15:31:42] [Server thread/INFO]: Coemsexy joined the game
[15:31:42] [Server thread/INFO]: Updating all forceload tickets for 38038579-47d7-3591-9037-b7f14881ef67
[15:31:42] [Server thread/INFO]: add_player wand
[15:31:42] [Server thread/INFO]: player_data {bleed:0,parry_frames:0,posture:0,target_max_posture:200,target_name:"",target_posture:0}
[15:31:45] [Netty Epoll Server IO #0/INFO]: Receiving client config
[15:31:46] [Netty Epoll Server IO #0/INFO]: Channel update: Coemsexy -> default
[15:31:46] [Netty Epoll Server IO #0/INFO]: Priority overwritten for player Coemsexy. Claiming: GRAVE / Robbing: INVENTORY
[15:31:46] [Netty Epoll Server IO #0/INFO]: Finished config sync
[15:32:08] [Netty Epoll Server IO #0/INFO]: [do_a_barrel_roll] Client of Coemsexy accepted server config.
[15:32:34] [Server thread/INFO]: kazunah lost connection: Disconnected
[15:32:34] [Server thread/INFO]: kazunah left the game
[15:32:34] [Server thread/INFO]: remove player wand
[15:32:34] [Server thread/INFO]: Updating all forceload tickets for d82c3ddf-5b10-310a-b387-e4f3d3f85fcb
[15:32:41] [Netty Epoll Server IO #13/ERROR]: Exception occurred in netty pipeline
io.netty.handler.timeout.ReadTimeoutException: null
[15:32:41] [Netty Epoll Server IO #14/ERROR]: Exception occurred in netty pipeline
io.netty.handler.timeout.ReadTimeoutException: null
[15:32:41] [Netty Epoll Server IO #15/ERROR]: Exception occurred in netty pipeline
io.netty.handler.timeout.ReadTimeoutException: null
[15:32:50] [Server thread/INFO]: khangheheqt was slain by Leaping Zombie
[15:32:51] [Netty Epoll Server IO #0/INFO]: [do_a_barrel_roll] Client of khangheheqt accepted server config.
[15:32:51] [Server thread/INFO]: komeme was slain by Leaping Zombie
[15:32:53] [Netty Epoll Server IO #8/INFO]: [do_a_barrel_roll] Client of komeme accepted server config.
[15:32:58] [Netty Epoll Server IO #0/INFO]: [do_a_barrel_roll] Client of khangheheqt accepted server config.
[15:33:02] [Netty Epoll Server IO #8/INFO]: [do_a_barrel_roll] Client of komeme accepted server config.
[15:33:21] [Server thread/INFO]: Coemsexy was blown up by Grenadier
[15:33:23] [Netty Epoll Server IO #0/INFO]: [do_a_barrel_roll] Client of Coemsexy accepted server config.
[15:33:46] [Server thread/INFO]: komeme was slain by Leaping Zombie
[15:33:46] [Netty Epoll Server IO #0/INFO]: [do_a_barrel_roll] Client of Coemsexy accepted server config.
[15:33:47] [Netty Epoll Server IO #8/INFO]: [do_a_barrel_roll] Client of komeme accepted server config.
[15:33:54] [Netty Epoll Server IO #8/INFO]: [do_a_barrel_roll] Client of komeme accepted server config.
[15:34:02] [Server thread/INFO]: Coemsexy claimed a grave belonging to Coemsexy at 14, 243, 30, minecells:prison
[15:34:12] [Server thread/INFO]: Coemsexy has made the advancement [Not Today, Thank You]
[15:34:20] [Server thread/INFO]: khangheheqt was shot by Undead Archer
[15:34:22] [Netty Epoll Server IO #0/INFO]: [do_a_barrel_roll] Client of khangheheqt accepted server config.
[15:34:28] [Server thread/INFO]: khangheheqt lost connection: Disconnected
[15:34:28] [Server thread/INFO]: khangheheqt left the game
[15:34:28] [Server thread/INFO]: remove player wand
[15:34:28] [Server thread/INFO]: Updating all forceload tickets for 42584645-7e52-3372-940c-c1f53f38dfaa
[15:34:38] [Server thread/INFO]: [Handshake] Sending channel query
[15:34:38] [Netty Epoll Server IO #2/INFO]: [Handshake] Receiving client channels
[15:34:38] [Netty Epoll Server IO #2/INFO]: [Handshake] Handshake completed successfully
[15:34:39] [Server thread/INFO]: khangheheqt[/123.19.16.121:51528] logged in with entity id 148362 at (1874.5, 63.0, 97.5)
[15:34:39] [Server thread/INFO]: Sending server config values to client
[15:34:39] [Server thread/INFO]: Started config sync for player khangheheqt
[15:34:39] [Server thread/INFO]: Syncing config to khangheheqt (42584645-7e52-3372-940c-c1f53f38dfaa)
[15:34:39] [Server thread/INFO]: Loading config from file...
[15:34:39] [Server thread/ERROR]: [Load My F***ing Tags]: It seems that some tags are a bit cooked. Look at the Logs for more details on broken functions. 
[15:34:39] [Server thread/INFO]: [STDOUT]: Splitting recipes into 10 packets
[15:34:39] [Server thread/INFO]: [betternether] Freeze Registry[ResourceKey[minecraft:root / worlds_together:worldgen/betterx/surface_rules] (Stable)]
[15:34:39] [Server thread/INFO]: khangheheqt joined the game
[15:34:39] [Server thread/INFO]: Updating all forceload tickets for 42584645-7e52-3372-940c-c1f53f38dfaa
[15:34:39] [Server thread/INFO]: add_player wand
[15:34:39] [Server thread/INFO]: player_data {bleed:0,parry_frames:0,posture:0,target_max_posture:200,target_name:"",target_posture:0}
[15:34:41] [Netty Epoll Server IO #2/INFO]: Receiving client config
[15:34:41] [Netty Epoll Server IO #2/INFO]: Channel update: khangheheqt -> default
[15:34:41] [Netty Epoll Server IO #2/INFO]: Priority overwritten for player khangheheqt. Claiming: GRAVE / Robbing: INVENTORY
[15:34:41] [Netty Epoll Server IO #2/INFO]: Finished config sync
[15:34:48] [Netty Epoll Server IO #2/INFO]: [do_a_barrel_roll] Client of khangheheqt accepted server config.
[15:34:59] [Server thread/INFO]: komeme was slain by Leaping Zombie
[15:35:00] [Netty Epoll Server IO #8/INFO]: [do_a_barrel_roll] Client of komeme accepted server config.
[15:35:07] [Netty Epoll Server IO #8/INFO]: [do_a_barrel_roll] Client of komeme accepted server config.
[15:35:15] [Server thread/INFO]: komeme claimed a grave belonging to komeme at 8, 240, 35, minecells:prison
[15:35:37] [Server thread/INFO]: khangheheqt lost connection: Disconnected
[15:35:37] [Server thread/INFO]: khangheheqt left the game
[15:35:37] [Server thread/INFO]: remove player wand
[15:35:37] [Server thread/INFO]: Updating all forceload tickets for 42584645-7e52-3372-940c-c1f53f38dfaa
[15:35:55] [Server thread/INFO]: [Handshake] Sending channel query
[15:35:56] [Netty Epoll Server IO #7/INFO]: [Handshake] Receiving client channels
[15:35:56] [Netty Epoll Server IO #7/INFO]: [Handshake] Handshake completed successfully
[15:35:56] [Server thread/INFO]: khangheheqt[/123.19.16.121:51547] logged in with entity id 148614 at (1873.9942779351736, 64.0, 98.0408464415782)
[15:35:56] [Server thread/INFO]: Sending server config values to client
[15:35:56] [Server thread/INFO]: Started config sync for player khangheheqt
[15:35:56] [Server thread/INFO]: Syncing config to khangheheqt (42584645-7e52-3372-940c-c1f53f38dfaa)
[15:35:56] [Server thread/INFO]: Loading config from file...
[15:35:56] [Server thread/ERROR]: [Load My F***ing Tags]: It seems that some tags are a bit cooked. Look at the Logs for more details on broken functions. 
[15:35:56] [Server thread/INFO]: [STDOUT]: Splitting recipes into 10 packets
[15:35:56] [Server thread/INFO]: [betternether] Freeze Registry[ResourceKey[minecraft:root / worlds_together:worldgen/betterx/surface_rules] (Stable)]
[15:35:56] [Server thread/INFO]: khangheheqt joined the game
[15:35:56] [Server thread/INFO]: Updating all forceload tickets for 42584645-7e52-3372-940c-c1f53f38dfaa
[15:35:56] [Server thread/INFO]: add_player wand
[15:35:56] [Server thread/INFO]: player_data {bleed:0,parry_frames:0,posture:0,target_max_posture:200,target_name:"",target_posture:0}
[15:36:04] [Netty Epoll Server IO #7/INFO]: Receiving client config
[15:36:04] [Netty Epoll Server IO #7/INFO]: Channel update: khangheheqt -> default
[15:36:04] [Netty Epoll Server IO #7/INFO]: Priority overwritten for player khangheheqt. Claiming: GRAVE / Robbing: INVENTORY
[15:36:04] [Netty Epoll Server IO #7/INFO]: Finished config sync
[15:36:44] [Netty Epoll Server IO #4/ERROR]: Exception occurred in netty pipeline
io.netty.handler.timeout.ReadTimeoutException: null
[15:36:51] [Netty Epoll Server IO #5/ERROR]: Exception occurred in netty pipeline
io.netty.handler.timeout.ReadTimeoutException: null
[15:36:53] [Netty Epoll Server IO #6/ERROR]: Exception occurred in netty pipeline
io.netty.handler.timeout.ReadTimeoutException: null
[15:36:54] [Server thread/INFO]: khangheheqt lost connection: Timed out
[15:36:54] [Server thread/INFO]: khangheheqt left the game
[15:36:54] [Server thread/INFO]: remove player wand
[15:36:54] [Server thread/INFO]: Updating all forceload tickets for 42584645-7e52-3372-940c-c1f53f38dfaa
[15:36:54] [Server thread/WARN]: handleDisconnection() called twice
[15:37:03] [Server thread/INFO]: [Handshake] Sending channel query
[15:37:03] [Netty Epoll Server IO #9/INFO]: [Handshake] Receiving client channels
[15:37:03] [Netty Epoll Server IO #9/INFO]: [Handshake] Handshake completed successfully
[15:37:03] [Server thread/INFO]: khangheheqt[/123.19.16.121:51554] logged in with entity id 148810 at (1873.9942779351736, 64.0, 98.0408464415782)
[15:37:03] [Server thread/INFO]: Sending server config values to client
[15:37:03] [Server thread/INFO]: Started config sync for player khangheheqt
[15:37:03] [Server thread/INFO]: Syncing config to khangheheqt (42584645-7e52-3372-940c-c1f53f38dfaa)
[15:37:03] [Server thread/INFO]: Loading config from file...
[15:37:03] [Server thread/ERROR]: [Load My F***ing Tags]: It seems that some tags are a bit cooked. Look at the Logs for more details on broken functions. 
[15:37:03] [Server thread/INFO]: [STDOUT]: Splitting recipes into 10 packets
[15:37:03] [Server thread/INFO]: [betternether] Freeze Registry[ResourceKey[minecraft:root / worlds_together:worldgen/betterx/surface_rules] (Stable)]
[15:37:03] [Server thread/INFO]: khangheheqt joined the game
[15:37:03] [Server thread/INFO]: Updating all forceload tickets for 42584645-7e52-3372-940c-c1f53f38dfaa
[15:37:03] [Server thread/INFO]: add_player wand
[15:37:03] [Server thread/INFO]: player_data {bleed:0,parry_frames:0,posture:0,target_max_posture:200,target_name:"",target_posture:0}
[15:37:05] [Netty Epoll Server IO #9/INFO]: Receiving client config
[15:37:07] [Netty Epoll Server IO #9/INFO]: Channel update: khangheheqt -> default
[15:37:07] [Netty Epoll Server IO #9/INFO]: Priority overwritten for player khangheheqt. Claiming: GRAVE / Robbing: INVENTORY
[15:37:07] [Netty Epoll Server IO #9/INFO]: Finished config sync
[15:37:23] [Netty Epoll Server IO #9/INFO]: [do_a_barrel_roll] Client of khangheheqt accepted server config.
[15:38:42] [Server thread/INFO]: khangheheqt lost connection: Disconnected
[15:38:42] [Server thread/INFO]: khangheheqt left the game
[15:38:42] [Server thread/INFO]: remove player wand
[15:38:42] [Server thread/INFO]: Updating all forceload tickets for 42584645-7e52-3372-940c-c1f53f38dfaa
[15:39:31] [Server thread/INFO]: komeme was blown up by Grenadier
[15:39:33] [Netty Epoll Server IO #8/INFO]: [do_a_barrel_roll] Client of komeme accepted server config.
[15:39:42] [Netty Epoll Server IO #8/INFO]: [do_a_barrel_roll] Client of komeme accepted server config.
[15:40:10] [Server thread/INFO]: komeme claimed a grave belonging to komeme at 13, 242, 102, minecells:prison
[15:40:44] [Netty Epoll Server IO #0/INFO]: [do_a_barrel_roll] Client of Coemsexy accepted server config.
[15:40:54] [Server thread/INFO]: Sylein1 was blown up by Grenadier
[15:40:56] [Netty Epoll Server IO #10/INFO]: [do_a_barrel_roll] Client of Sylein1 accepted server config.
[15:41:02] [Server thread/INFO]: Coemsexy lost connection: Disconnected
[15:41:02] [Server thread/INFO]: Coemsexy left the game
[15:41:02] [Server thread/INFO]: remove player wand
[15:41:02] [Server thread/INFO]: Updating all forceload tickets for 38038579-47d7-3591-9037-b7f14881ef67
[15:41:04] [Netty Epoll Server IO #10/INFO]: [do_a_barrel_roll] Client of Sylein1 accepted server config.
[15:41:18] [Server thread/INFO]: Sylein1 was slain by Leaping Zombie
[15:41:18] [Server thread/INFO]: Did not backup data (grave data empty)
[15:41:19] [Netty Epoll Server IO #10/INFO]: [do_a_barrel_roll] Client of Sylein1 accepted server config.
[15:41:26] [Netty Epoll Server IO #10/INFO]: [do_a_barrel_roll] Client of Sylein1 accepted server config.
[15:41:27] [Server thread/INFO]: [Handshake] Sending channel query
[15:41:27] [Netty Epoll Server IO #14/INFO]: [Handshake] Receiving client channels
[15:41:27] [Netty Epoll Server IO #14/INFO]: [Handshake] Handshake completed successfully
[15:41:28] [Server thread/INFO]: khangheheqt[/123.19.16.121:60416] logged in with entity id 149559 at (1873.785740966294, 64.0, 98.11025318441817)
[15:41:28] [Server thread/INFO]: Sending server config values to client
[15:41:28] [Server thread/INFO]: Started config sync for player khangheheqt
[15:41:28] [Server thread/INFO]: Syncing config to khangheheqt (42584645-7e52-3372-940c-c1f53f38dfaa)
[15:41:28] [Server thread/INFO]: Loading config from file...
[15:41:28] [Server thread/ERROR]: [Load My F***ing Tags]: It seems that some tags are a bit cooked. Look at the Logs for more details on broken functions. 
[15:41:28] [Server thread/INFO]: [STDOUT]: Splitting recipes into 10 packets
[15:41:28] [Server thread/INFO]: [betternether] Freeze Registry[ResourceKey[minecraft:root / worlds_together:worldgen/betterx/surface_rules] (Stable)]
[15:41:28] [Server thread/INFO]: khangheheqt joined the game
[15:41:28] [Server thread/INFO]: Updating all forceload tickets for 42584645-7e52-3372-940c-c1f53f38dfaa
[15:41:28] [Server thread/INFO]: add_player wand
[15:41:28] [Server thread/INFO]: player_data {bleed:0,parry_frames:0,posture:0,target_max_posture:200,target_name:"",target_posture:0}
[15:41:30] [Netty Epoll Server IO #14/INFO]: Receiving client config
[15:41:31] [Server thread/INFO]: komeme lost connection: Disconnected
[15:41:31] [Server thread/INFO]: komeme left the game
[15:41:31] [Server thread/INFO]: remove player wand
[15:41:31] [Server thread/INFO]: Updating all forceload tickets for df7526af-ada2-3cc5-93a7-9af9f4562b16
[15:41:33] [Netty Epoll Server IO #14/INFO]: Channel update: khangheheqt -> default
[15:41:33] [Netty Epoll Server IO #14/INFO]: Priority overwritten for player khangheheqt. Claiming: GRAVE / Robbing: INVENTORY
[15:41:33] [Netty Epoll Server IO #14/INFO]: Finished config sync
[15:41:35] [Netty Epoll Server IO #14/INFO]: [do_a_barrel_roll] Client of khangheheqt accepted server config.
[15:41:56] [Server thread/INFO]: Sylein1 claimed a grave belonging to Sylein1 at 14, 242, 119, minecells:prison
[15:41:56] [Netty Epoll Server IO #14/INFO]: [do_a_barrel_roll] Client of khangheheqt accepted server config.
[15:42:26] [Netty Epoll Server IO #13/ERROR]: Exception occurred in netty pipeline
io.netty.handler.timeout.ReadTimeoutException: null
[15:42:36] [Netty Epoll Server IO #15/ERROR]: Exception occurred in netty pipeline
io.netty.handler.timeout.ReadTimeoutException: null
[15:42:37] [Server thread/INFO]: khangheheqt was slain by Leaping Zombie
[15:42:38] [Netty Epoll Server IO #14/INFO]: [do_a_barrel_roll] Client of khangheheqt accepted server config.
[15:42:48] [Netty Epoll Server IO #14/INFO]: [do_a_barrel_roll] Client of khangheheqt accepted server config.
[15:44:59] [Server thread/INFO]: [Handshake] Sending channel query
[15:44:59] [Netty Epoll Server IO #1/INFO]: [Handshake] Receiving client channels
[15:44:59] [Netty Epoll Server IO #1/INFO]: [Handshake] Handshake completed successfully
[15:44:59] [Server thread/INFO]: komeme[/123.19.16.121:56600] logged in with entity id 149960 at (14.300000011920929, 242.0625, 119.94733845530357)
[15:45:00] [Server thread/INFO]: Sending server config values to client
[15:45:00] [Server thread/INFO]: Started config sync for player komeme
[15:45:00] [Server thread/INFO]: Syncing config to komeme (df7526af-ada2-3cc5-93a7-9af9f4562b16)
[15:45:00] [Server thread/INFO]: Loading config from file...
[15:45:00] [Server thread/ERROR]: [Load My F***ing Tags]: It seems that some tags are a bit cooked. Look at the Logs for more details on broken functions. 
[15:45:00] [Server thread/INFO]: [STDOUT]: Splitting recipes into 10 packets
[15:45:00] [Server thread/INFO]: [betternether] Freeze Registry[ResourceKey[minecraft:root / worlds_together:worldgen/betterx/surface_rules] (Stable)]
[15:45:00] [Server thread/INFO]: komeme joined the game
[15:45:00] [Server thread/INFO]: Updating all forceload tickets for df7526af-ada2-3cc5-93a7-9af9f4562b16
[15:45:00] [Server thread/INFO]: add_player wand
[15:45:00] [Server thread/INFO]: player_data {bleed:0,parry_frames:0,posture:0,target_max_posture:200,target_name:"",target_posture:0}
[15:45:01] [Netty Epoll Server IO #1/INFO]: Receiving client config
[15:45:02] [Netty Epoll Server IO #1/INFO]: Channel update: komeme -> default
[15:45:02] [Netty Epoll Server IO #1/INFO]: Priority overwritten for player komeme. Claiming: GRAVE / Robbing: INVENTORY
[15:45:02] [Netty Epoll Server IO #1/INFO]: Finished config sync
[15:45:03] [Netty Epoll Server IO #1/INFO]: [do_a_barrel_roll] Client of komeme accepted server config.
[15:48:15] [Server thread/INFO]: khangheheqt claimed a grave belonging to khangheheqt at -21, 240, 135, minecells:prison
[15:48:18] [Server thread/INFO]: khangheheqt claimed a grave belonging to khangheheqt at -37, 241, 137, minecells:prison
[15:48:46] [Server thread/INFO]: komeme claimed a grave belonging to komeme at -28, 240, 139, minecells:prison
[15:48:54] [Server thread/INFO]: komeme was blown up by Grenadier
[15:48:56] [Netty Epoll Server IO #1/INFO]: [do_a_barrel_roll] Client of komeme accepted server config.
[15:49:03] [Netty Epoll Server IO #1/INFO]: [do_a_barrel_roll] Client of komeme accepted server config.
[15:49:23] [Server thread/INFO]: khangheheqt lost connection: Disconnected
[15:49:23] [Server thread/INFO]: khangheheqt left the game
[15:49:23] [Server thread/INFO]: remove player wand
[15:49:23] [Server thread/INFO]: Updating all forceload tickets for 42584645-7e52-3372-940c-c1f53f38dfaa
[15:49:29] [Netty Epoll Server IO #3/ERROR]: Exception occurred in netty pipeline
io.netty.channel.unix.Errors$NativeIoException: recvAddress(..) failed: Connection reset by peer
[15:49:44] [Server thread/INFO]: komeme claimed a grave belonging to komeme at -45, 242, 129, minecells:prison
[15:49:47] [Server thread/INFO]: komeme lost connection: Disconnected
[15:49:47] [Server thread/INFO]: komeme left the game
[15:49:47] [Server thread/INFO]: remove player wand
[15:49:47] [Server thread/INFO]: Updating all forceload tickets for df7526af-ada2-3cc5-93a7-9af9f4562b16
[15:49:49] [Server thread/INFO]: Sylein1 lost connection: Disconnected
[15:49:49] [Server thread/INFO]: Sylein1 left the game
[15:49:49] [Server thread/INFO]: remove player wand
[15:49:49] [Server thread/INFO]: Updating all forceload tickets for 949425c5-f0c2-35ef-af70-85485fb6dd0d
